path,size,sha256,all_zero
fbneo/fbneo/10yard.hi,141,93cb66b935e27adf58183105e06c791ee32de1d86e315584b05a09c1c43060e6,0
fbneo/fbneo/10yard85.hi,141,93cb66b935e27adf58183105e06c791ee32de1d86e315584b05a09c1c43060e6,0
fbneo/fbneo/10yardj.hi,141,93cb66b935e27adf58183105e06c791ee32de1d86e315584b05a09c1c43060e6,0
fbneo/fbneo/1941.hi,124,0edb647b272e4f2e9219344ecfab21b9aa60f82198ba23fe6d7bb9b3798dedbd,0
fbneo/fbneo/1941j.hi,124,40b6f2029ff1117447a90e2b029a89a7111aa483769dad0d288d597d33083570,0
fbneo/fbneo/1941r1.hi,124,a956d895a39bc7d720a74d1006e999aa6279a5ee5b35007d59cfb53f80759cb1,0
fbneo/fbneo/1941u.hi,124,bf194a5b475c868745425ad3d953a6bd7664c8635f2f736fcf75f24264ccc28e,0
fbneo/fbneo/1942.hi,410,f70d08f014efe47db2e6170116e38bb669d7c0f422e1df7463e107f064ecbedd,0
fbneo/fbneo/1942a.hi,410,f70d08f014efe47db2e6170116e38bb669d7c0f422e1df7463e107f064ecbedd,0
fbneo/fbneo/1942abl.hi,410,f70d08f014efe47db2e6170116e38bb669d7c0f422e1df7463e107f064ecbedd,0
fbneo/fbneo/1942b.hi,410,f70d08f014efe47db2e6170116e38bb669d7c0f422e1df7463e107f064ecbedd,0
fbneo/fbneo/1942w.hi,410,76a65ed073064cc45d7097511fcabe7efad3b34f954d8bf2b412e97794810004,0
fbneo/fbneo/1943.hi,111,2337afd8767bed5cb99ec252ba45982f48819a1bad6aee0bfacdea3c3439c990,0
fbneo/fbneo/1943b.hi,111,0686c5be07c217cc43b70501a09605ab42de08d2c3039e5aae9a119e81861c8d,0
fbneo/fbneo/1943j.hi,111,0686c5be07c217cc43b70501a09605ab42de08d2c3039e5aae9a119e81861c8d,0
fbneo/fbneo/1943ja.hi,111,0686c5be07c217cc43b70501a09605ab42de08d2c3039e5aae9a119e81861c8d,0
fbneo/fbneo/1943jah.hi,111,0686c5be07c217cc43b70501a09605ab42de08d2c3039e5aae9a119e81861c8d,0
fbneo/fbneo/1943kai.hi,111,0686c5be07c217cc43b70501a09605ab42de08d2c3039e5aae9a119e81861c8d,0
fbneo/fbneo/1943mii.hi,111,2337afd8767bed5cb99ec252ba45982f48819a1bad6aee0bfacdea3c3439c990,0
fbneo/fbneo/1943u.hi,111,2337afd8767bed5cb99ec252ba45982f48819a1bad6aee0bfacdea3c3439c990,0
fbneo/fbneo/1944.hi,184,b2c0bb61e3f176b630846bcad5fc44249e1931390a47afb802b522a565d78826,0
fbneo/fbneo/1944d.hi,184,b2c0bb61e3f176b630846bcad5fc44249e1931390a47afb802b522a565d78826,0
fbneo/fbneo/1944j.hi,184,b2c0bb61e3f176b630846bcad5fc44249e1931390a47afb802b522a565d78826,0
fbneo/fbneo/1945kiii.hi,99,980cfd64bf8467464cd8dec97e237cbe19f7f93a74b1bd8f4e13ebb959bea9af,0
fbneo/fbneo/1945kiiin.hi,99,980cfd64bf8467464cd8dec97e237cbe19f7f93a74b1bd8f4e13ebb959bea9af,0
fbneo/fbneo/1945kiiio.hi,99,4695df5373972dd6d8ad1b42a2132e8a37a381c2c0c82b185132a8064bc2e882,0
fbneo/fbneo/19xx.hi,163,8c9e1bc4f6cdb2114a4fd9b7a1a45545d8411b022034d7a8bbdfc0aca85f0b96,0
fbneo/fbneo/19xxa.hi,163,0fdd9fbb3365b368ee05de7a5ed45f06c882c7a1e87364352b61ee2960f75b56,0
fbneo/fbneo/19xxar1.hi,163,0fdd9fbb3365b368ee05de7a5ed45f06c882c7a1e87364352b61ee2960f75b56,0
fbneo/fbneo/19xxb.hi,163,0fdd9fbb3365b368ee05de7a5ed45f06c882c7a1e87364352b61ee2960f75b56,0
fbneo/fbneo/19xxd.hi,163,0fdd9fbb3365b368ee05de7a5ed45f06c882c7a1e87364352b61ee2960f75b56,0
fbneo/fbneo/19xxh.hi,163,0fdd9fbb3365b368ee05de7a5ed45f06c882c7a1e87364352b61ee2960f75b56,0
fbneo/fbneo/19xxj.hi,163,0fdd9fbb3365b368ee05de7a5ed45f06c882c7a1e87364352b61ee2960f75b56,0
fbneo/fbneo/19xxjr1.hi,163,0fdd9fbb3365b368ee05de7a5ed45f06c882c7a1e87364352b61ee2960f75b56,0
fbneo/fbneo/19xxjr2.hi,163,0fdd9fbb3365b368ee05de7a5ed45f06c882c7a1e87364352b61ee2960f75b56,0
fbneo/fbneo/19xxu.hi,163,0fdd9fbb3365b368ee05de7a5ed45f06c882c7a1e87364352b61ee2960f75b56,0
fbneo/fbneo/4dwarrio.hi,163,d941a9d100ae1b013befe813dbeb098ea71dd6c57b6bfb35234aa4b34e4d7dff,0
fbneo/fbneo/4enraya.hi,108,6cc8c2057f2f64c110d58601cb6899f7cc68aaafdfb1c47527b362ce9a189ade,0
fbneo/fbneo/600.hi,34,53fa9028d8683c41a19cfc6e9c457cc7591e9baa15e668156d930e47d88ab956,0
fbneo/fbneo/64street.hi,116,f55f50ad21b2f90363aaee164de60bed4b326ee6e3bd1bc3c80388aae41f5ea2,0
fbneo/fbneo/800fath.hi,33,759c4962f4b277ddcb5c05818954f58bef29ae059e377d76f930f98785caa536,0
fbneo/fbneo/800fatha.hi,33,759c4962f4b277ddcb5c05818954f58bef29ae059e377d76f930f98785caa536,0
fbneo/fbneo/8bpm.hi,80,624f13a628457a7f2ddbc2ff55e649c83cd04b6218445e235ca508ac00f18501,0
fbneo/fbneo/99lstwar.hi,95,869225548eb3cf66bbe174809e05e3d40f6f4e01d1241ad44589114da8b70ced,0
fbneo/fbneo/99lstwara.hi,95,869225548eb3cf66bbe174809e05e3d40f6f4e01d1241ad44589114da8b70ced,0
fbneo/fbneo/99lstwark.hi,95,869225548eb3cf66bbe174809e05e3d40f6f4e01d1241ad44589114da8b70ced,0
fbneo/fbneo/abscam.hi,11,62a79ef7b9a169cbcbb37b394f7e93db8fa3f7629bdda2c456a139c8e080bb89,0
fbneo/fbneo/aburner.hi,280,3972c0472da07ec6ebea67ee1b55e69b35194f5d9f8a25f2546d6ee2b3bdfec6,0
fbneo/fbneo/aburner2.hi,280,ad30992e3f06118e133c3c995c11b3b84d5c0d5e6b252a51f7878637b2f1631f,0
fbneo/fbneo/aburner2g.hi,280,ad30992e3f06118e133c3c995c11b3b84d5c0d5e6b252a51f7878637b2f1631f,0
fbneo/fbneo/acrobatm.hi,146,8eacf1a0e9295e65aa9c5c57d6920c2bc4887636732d37a94cf5a16d4b9bcbc9,0
fbneo/fbneo/actfancr.hi,33,7270fd5a76c4d36e0ec452b32a01fd6bb684b01adaa2bb89b29ec4cef2dc4d3b,0
fbneo/fbneo/actfancr1.hi,33,7270fd5a76c4d36e0ec452b32a01fd6bb684b01adaa2bb89b29ec4cef2dc4d3b,0
fbneo/fbneo/actfancr2.hi,33,7270fd5a76c4d36e0ec452b32a01fd6bb684b01adaa2bb89b29ec4cef2dc4d3b,0
fbneo/fbneo/actfancrj.hi,33,7270fd5a76c4d36e0ec452b32a01fd6bb684b01adaa2bb89b29ec4cef2dc4d3b,0
fbneo/fbneo/actionhw.hi,40,109f4ef1375e6eee01a597f1aaabc419f3742d5398c035f681fac4826aee8afa,0
fbneo/fbneo/ad2083.hi,103,2990e611b11e10e098f2576ad455735cf4c511c00bb53d61c794c4e862549f4b,0
fbneo/fbneo/aerofgt.hi,151,2e3f8134d727f84adc43337a13e7e8f0975f0a553bd79335435ac316daf1e414,0
fbneo/fbneo/aerofgtb.hi,151,2e3f8134d727f84adc43337a13e7e8f0975f0a553bd79335435ac316daf1e414,0
fbneo/fbneo/aerofgtc.hi,151,2e3f8134d727f84adc43337a13e7e8f0975f0a553bd79335435ac316daf1e414,0
fbneo/fbneo/afighter.hi,85,5d473402eeb797965f163fec1db06fc54f8a8174e9c9985575ca8b4413adf393,0
fbneo/fbneo/afightera.hi,85,5d473402eeb797965f163fec1db06fc54f8a8174e9c9985575ca8b4413adf393,0
fbneo/fbneo/afighterb.hi,85,5d473402eeb797965f163fec1db06fc54f8a8174e9c9985575ca8b4413adf393,0
fbneo/fbneo/afighterc.hi,85,5d473402eeb797965f163fec1db06fc54f8a8174e9c9985575ca8b4413adf393,0
fbneo/fbneo/afighterd.hi,85,5d473402eeb797965f163fec1db06fc54f8a8174e9c9985575ca8b4413adf393,0
fbneo/fbneo/afightere.hi,85,5d473402eeb797965f163fec1db06fc54f8a8174e9c9985575ca8b4413adf393,0
fbneo/fbneo/afighterf.hi,85,5d473402eeb797965f163fec1db06fc54f8a8174e9c9985575ca8b4413adf393,0
fbneo/fbneo/afighterg.hi,85,5d473402eeb797965f163fec1db06fc54f8a8174e9c9985575ca8b4413adf393,0
fbneo/fbneo/afighterh.hi,85,5d473402eeb797965f163fec1db06fc54f8a8174e9c9985575ca8b4413adf393,0
fbneo/fbneo/agallet.hi,92,19bd95e484c78dab5a484e674959ea900cd9e3be1ad92de0cc23522daaca9c89,0
fbneo/fbneo/agalleta.hi,92,e98f82c54227b64815bfd9e0db2a4390a7460e4ebac55b094dc47826fd40a7ad,0
fbneo/fbneo/agalletak.hi,92,bef76dcb489b8840176bc07d063b7ea2408f809cce0e4779187671b1f0b780b4,0
fbneo/fbneo/agalletau.hi,92,6397ae9bb79811f284853d09e0a7c543bd1ccc2bd2bcc15b7ea70cd3e9f57ec2,0
fbneo/fbneo/agress.hi,5,f7712ce7a3c8a37967936a2fd14c6509b697c0f811bc84bfa2b6371c51c92902,0
fbneo/fbneo/agressb.hi,5,f7712ce7a3c8a37967936a2fd14c6509b697c0f811bc84bfa2b6371c51c92902,0
fbneo/fbneo/airass.hi,140,1dfd2b1741a8f276f618105097d561bf6b64f62a0b769b0ffe06c32dfdd589dd,0
fbneo/fbneo/airattck.hi,128,1d8286c137be03990167d3d1a7d7c6322e92e9b885cd5abbb3291d7e0d1ccbdb,0
fbneo/fbneo/airattcka.hi,128,1d8286c137be03990167d3d1a7d7c6322e92e9b885cd5abbb3291d7e0d1ccbdb,0
fbneo/fbneo/airbustr.hi,65,1962ce812e5668882dd1fdc47a770f94d9ea400c6bb6b8170b87e8e0b34a6776,0
fbneo/fbneo/airbustrb.hi,65,1962ce812e5668882dd1fdc47a770f94d9ea400c6bb6b8170b87e8e0b34a6776,0
fbneo/fbneo/airbustrj.hi,65,1962ce812e5668882dd1fdc47a770f94d9ea400c6bb6b8170b87e8e0b34a6776,0
fbneo/fbneo/airduel.hi,130,978567e46b14a22b25afa7b94c181989cc5a80e75705cca7185b6cf0a9c87899,0
fbneo/fbneo/airduelm72.hi,130,978567e46b14a22b25afa7b94c181989cc5a80e75705cca7185b6cf0a9c87899,0
fbneo/fbneo/airwolf.hi,95,2abbaef4b9717daff341e8a1df892d52712c74cbcb79935e9911cef8921880fd,0
fbneo/fbneo/airwolfa.hi,95,2abbaef4b9717daff341e8a1df892d52712c74cbcb79935e9911cef8921880fd,0
fbneo/fbneo/ajax.hi,84,89829c30b07a548294338bfe2e134ef908cd8936c73e309f1becd51c1cca599b,0
fbneo/fbneo/ajaxj.hi,84,89829c30b07a548294338bfe2e134ef908cd8936c73e309f1becd51c1cca599b,0
fbneo/fbneo/akkanvdr.hi,112,c4a4c1c6e97676c3d6b6d0cdda9ef14a0dbc3b0ba656c1b28f87b2eafebfa869,0
fbneo/fbneo/akumajou.hi,60,e412b82c9fe0a8bc51a51ef2c943f5255644a91deaf0971f5089a1d40ecda96c,0
fbneo/fbneo/akumajoun.hi,60,e412b82c9fe0a8bc51a51ef2c943f5255644a91deaf0971f5089a1d40ecda96c,0
fbneo/fbneo/alcon.hi,80,a5593062ffb9ff7377451c874043215371297dd5e270625dc8e09eb91e562033,0
fbneo/fbneo/alexkidd.hi,60,8f5655c4534f75a6166d860e48da4199b731df45ef15f388398581f09aee7e0a,0
fbneo/fbneo/alexkidd1.hi,60,8f5655c4534f75a6166d860e48da4199b731df45ef15f388398581f09aee7e0a,0
fbneo/fbneo/alibaba.hi,11,62a79ef7b9a169cbcbb37b394f7e93db8fa3f7629bdda2c456a139c8e080bb89,0
fbneo/fbneo/alibabab.hi,11,62a79ef7b9a169cbcbb37b394f7e93db8fa3f7629bdda2c456a139c8e080bb89,0
fbneo/fbneo/alien3.hi,120,0795b139433dff4370068a9e578ea1195cd468a4c9d730a872bea759679257ef,0
fbneo/fbneo/alien3j.hi,120,0795b139433dff4370068a9e578ea1195cd468a4c9d730a872bea759679257ef,0
fbneo/fbneo/alien3u.hi,120,0795b139433dff4370068a9e578ea1195cd468a4c9d730a872bea759679257ef,0
fbneo/fbneo/aliens.hi,56,1af290d386f6de923c3a165c77d0a18b0e9232999d301fc188f39c607143e91b,0
fbneo/fbneo/aliens2.hi,56,1af290d386f6de923c3a165c77d0a18b0e9232999d301fc188f39c607143e91b,0
fbneo/fbneo/aliens3.hi,56,1af290d386f6de923c3a165c77d0a18b0e9232999d301fc188f39c607143e91b,0
fbneo/fbneo/aliensa.hi,56,1af290d386f6de923c3a165c77d0a18b0e9232999d301fc188f39c607143e91b,0
fbneo/fbneo/aliensec.hi,76,05627800724638b8fc352342ac040ee00454519ac4fd79c3dbfb0300028f8665,0
fbneo/fbneo/aliensj.hi,56,1af290d386f6de923c3a165c77d0a18b0e9232999d301fc188f39c607143e91b,0
fbneo/fbneo/aliensj2.hi,56,1af290d386f6de923c3a165c77d0a18b0e9232999d301fc188f39c607143e91b,0
fbneo/fbneo/aliensu.hi,56,1af290d386f6de923c3a165c77d0a18b0e9232999d301fc188f39c607143e91b,0
fbneo/fbneo/aliensyn.hi,74,c0d3b90f0b498e027f54e8e151eeb1c380737a943c5446402ff6dd4d8170875b,0
fbneo/fbneo/aliensyn2.hi,74,c0d3b90f0b498e027f54e8e151eeb1c380737a943c5446402ff6dd4d8170875b,0
fbneo/fbneo/aliensyn3.hi,74,c0d3b90f0b498e027f54e8e151eeb1c380737a943c5446402ff6dd4d8170875b,0
fbneo/fbneo/aliensyn5.hi,74,c0d3b90f0b498e027f54e8e151eeb1c380737a943c5446402ff6dd4d8170875b,0
fbneo/fbneo/aliensyn7.hi,74,c0d3b90f0b498e027f54e8e151eeb1c380737a943c5446402ff6dd4d8170875b,0
fbneo/fbneo/aliensynj.hi,74,c0d3b90f0b498e027f54e8e151eeb1c380737a943c5446402ff6dd4d8170875b,0
fbneo/fbneo/aliensynjo.hi,74,c0d3b90f0b498e027f54e8e151eeb1c380737a943c5446402ff6dd4d8170875b,0
fbneo/fbneo/aligatorun.hi,154,96b26a228768d0cd7c827e6fa66631d25eaf8ec804adf45b217cbfa5575ecff8,0
fbneo/fbneo/aligatoruna.hi,154,96b26a228768d0cd7c827e6fa66631d25eaf8ec804adf45b217cbfa5575ecff8,0
fbneo/fbneo/alinvade.hi,3,709e80c88487a2411e1ee4dfb9f22a861492d20c4765150c0c794abd70f8147c,1
fbneo/fbneo/alphamis.hi,133,b23a83d3c98ee185a60df2688226b83b9eecc6570b9f0d3463460f828697c258,0
fbneo/fbneo/alpine.hi,9,68bd47c36279563f46e995103887b2b2eda620e617ff6f3a39e944f51ad19ffb,0
fbneo/fbneo/alpinea.hi,9,68bd47c36279563f46e995103887b2b2eda620e617ff6f3a39e944f51ad19ffb,0
fbneo/fbneo/altbeast.hi,120,152880f90a380f8d8933d7cbad03a6c822a0857767380d4ec660ee34d9a99789,0
fbneo/fbneo/altbeast2.hi,120,152880f90a380f8d8933d7cbad03a6c822a0857767380d4ec660ee34d9a99789,0
fbneo/fbneo/altbeast4.hi,120,152880f90a380f8d8933d7cbad03a6c822a0857767380d4ec660ee34d9a99789,0
fbneo/fbneo/altbeast5.hi,120,152880f90a380f8d8933d7cbad03a6c822a0857767380d4ec660ee34d9a99789,0
fbneo/fbneo/altbeast6.hi,120,152880f90a380f8d8933d7cbad03a6c822a0857767380d4ec660ee34d9a99789,0
fbneo/fbneo/altbeastj.hi,120,152880f90a380f8d8933d7cbad03a6c822a0857767380d4ec660ee34d9a99789,0
fbneo/fbneo/altbeastj1.hi,120,152880f90a380f8d8933d7cbad03a6c822a0857767380d4ec660ee34d9a99789,0
fbneo/fbneo/altbeastj3.hi,120,152880f90a380f8d8933d7cbad03a6c822a0857767380d4ec660ee34d9a99789,0
fbneo/fbneo/amatelas.hi,75,661bc6b7758f511e228f8309588c7a3374dba15490602a9cfbbad033792ed5e2,0
fbneo/fbneo/amazon.hi,75,661bc6b7758f511e228f8309588c7a3374dba15490602a9cfbbad033792ed5e2,0
fbneo/fbneo/amazont.hi,75,661bc6b7758f511e228f8309588c7a3374dba15490602a9cfbbad033792ed5e2,0
fbneo/fbneo/ambush.hi,39,14b39085fc0710acc6dbe5dbc60a972ae18d2b0d66cbd1cc99d33ed77b918f1f,0
fbneo/fbneo/ambushh.hi,39,14b39085fc0710acc6dbe5dbc60a972ae18d2b0d66cbd1cc99d33ed77b918f1f,0
fbneo/fbneo/ambushj.hi,39,14b39085fc0710acc6dbe5dbc60a972ae18d2b0d66cbd1cc99d33ed77b918f1f,0
fbneo/fbneo/ambushv.hi,39,14b39085fc0710acc6dbe5dbc60a972ae18d2b0d66cbd1cc99d33ed77b918f1f,0
fbneo/fbneo/amidar.hi,33,759c4962f4b277ddcb5c05818954f58bef29ae059e377d76f930f98785caa536,0
fbneo/fbneo/amidar1.hi,33,759c4962f4b277ddcb5c05818954f58bef29ae059e377d76f930f98785caa536,0
fbneo/fbneo/amidarb.hi,33,759c4962f4b277ddcb5c05818954f58bef29ae059e377d76f930f98785caa536,0
fbneo/fbneo/amidaro.hi,33,759c4962f4b277ddcb5c05818954f58bef29ae059e377d76f930f98785caa536,0
fbneo/fbneo/amidars.hi,33,759c4962f4b277ddcb5c05818954f58bef29ae059e377d76f930f98785caa536,0
fbneo/fbneo/amidaru.hi,33,759c4962f4b277ddcb5c05818954f58bef29ae059e377d76f930f98785caa536,0
fbneo/fbneo/amigo.hi,33,759c4962f4b277ddcb5c05818954f58bef29ae059e377d76f930f98785caa536,0
fbneo/fbneo/angelkds.hi,283,a9382c0a17253d2aeca86e2d8924ee2637428a6a385e71013ea38d886ad65beb,0
fbneo/fbneo/anteater.hi,60,35a6133611b2bac9dab6ffe0db6fc42949518a223751697cffc337938602c862,0
fbneo/fbneo/anteaterg.hi,60,b7183d04f862952e00e5f6897ad26606e8f9e45831f1dc29be8727aae3133ada,0
fbneo/fbneo/anteateruk.hi,60,6db185171dc03e611526dca633118fa621401c001777c3fba58a707e88026b55,0
fbneo/fbneo/aoh.hi,248,48e35f229890ec50d60980e537328bb5ab7bcc84691ac1e9aba5a54f6131a50c,0
fbneo/fbneo/aponow.hi,60,ae48b09df376caabfb7a9ebff5c2fe2bd530d96f1af2e490ef4350936e9ffb84,0
fbneo/fbneo/appoooh.hi,230,46e1f832ef12891fca66e8a8d9fc4795f78cc787301b8f0ce70918d54c05cc15,0
fbneo/fbneo/aquajack.hi,124,8947e76abee3acb7227348f42c74947197f99fbeb4d42ecfb42ec85f84d9be1b,0
fbneo/fbneo/aquajackj.hi,124,8947e76abee3acb7227348f42c74947197f99fbeb4d42ecfb42ec85f84d9be1b,0
fbneo/fbneo/aquarium.hi,40,56f47ee1d322b99c62e4f771125504e796443f051fb57450d0ca818b0e7c41b5,0
fbneo/fbneo/arabfgt.hi,74,9b0260b5557e8c1b3019383589c137a8461ed524969dc6479695d64aefc51b16,0
fbneo/fbneo/arabfgtj.hi,74,9b0260b5557e8c1b3019383589c137a8461ed524969dc6479695d64aefc51b16,0
fbneo/fbneo/arabfgtu.hi,74,9b0260b5557e8c1b3019383589c137a8461ed524969dc6479695d64aefc51b16,0
fbneo/fbneo/arabian.hi,61,17e0d3511e2337b7473c3341fb428895556a817cba6b89d62323a06bcc5f3c12,0
fbneo/fbneo/arabiana.hi,61,17e0d3511e2337b7473c3341fb428895556a817cba6b89d62323a06bcc5f3c12,0
fbneo/fbneo/arabianm.hi,48,81c1d2e16b29f58bd0956e991ffdd89ddeef0fa648aaf327b98de8536e056b2e,0
fbneo/fbneo/arbalest.hi,139,003d7ef3eae1199425537c8ec06819cf497878b35bb46b9b7a06597bcbf6841d,0
fbneo/fbneo/arcadian.hi,91,99574d1a40aac4039532b07c6898a49b4e4f51583d7c41dbc688189c5d85a647,0
fbneo/fbneo/area88.hi,88,cfca81f89846cb5b4b59a6c64600a7852c2e593b085c83daff635c6751968133,0
fbneo/fbneo/area88r.hi,88,cfca81f89846cb5b4b59a6c64600a7852c2e593b085c83daff635c6751968133,0
fbneo/fbneo/arescue.hi,159,5d9073ce1b012a118ef60dfb9ca45142533887a061fc302efe28a3bb4f97e56e,0
fbneo/fbneo/arescuej.hi,159,5d9073ce1b012a118ef60dfb9ca45142533887a061fc302efe28a3bb4f97e56e,0
fbneo/fbneo/arescueu.hi,159,5d9073ce1b012a118ef60dfb9ca45142533887a061fc302efe28a3bb4f97e56e,0
fbneo/fbneo/argus.hi,72,c3c9913cc6a9cfac20164db403b114b892df8d311cde522609e079725f6e0757,0
fbneo/fbneo/arian.hi,133,b23a83d3c98ee185a60df2688226b83b9eecc6570b9f0d3463460f828697c258,0
fbneo/fbneo/ark1ball.hi,38,22d7afabd0d0e146b80764a8ccd413d84ab67b838d68a517a7744a9562f0f05c,0
fbneo/fbneo/arkangc.hi,38,64f474206090133a30ff74113940bb90eefe93259e03fe0727624b3f6ff823ef,0
fbneo/fbneo/arkangc2.hi,38,64f474206090133a30ff74113940bb90eefe93259e03fe0727624b3f6ff823ef,0
fbneo/fbneo/arkanoid.hi,38,64f474206090133a30ff74113940bb90eefe93259e03fe0727624b3f6ff823ef,0
fbneo/fbneo/arkanoidj.hi,38,64f474206090133a30ff74113940bb90eefe93259e03fe0727624b3f6ff823ef,0
fbneo/fbneo/arkanoidjb.hi,38,64f474206090133a30ff74113940bb90eefe93259e03fe0727624b3f6ff823ef,0
fbneo/fbneo/arkanoidjbl.hi,38,64f474206090133a30ff74113940bb90eefe93259e03fe0727624b3f6ff823ef,0
fbneo/fbneo/arkanoidjbl2.hi,38,64f474206090133a30ff74113940bb90eefe93259e03fe0727624b3f6ff823ef,0
fbneo/fbneo/arkanoidu.hi,38,64f474206090133a30ff74113940bb90eefe93259e03fe0727624b3f6ff823ef,0
fbneo/fbneo/arkanoiduo.hi,38,64f474206090133a30ff74113940bb90eefe93259e03fe0727624b3f6ff823ef,0
fbneo/fbneo/arkarea.hi,69,3cb60ce063f140603622a0d55b68bb9d877785164c20eeff236a48cbf5f00718,0
fbneo/fbneo/arkatayt.hi,38,64f474206090133a30ff74113940bb90eefe93259e03fe0727624b3f6ff823ef,0
fbneo/fbneo/arkatour.hi,38,64f474206090133a30ff74113940bb90eefe93259e03fe0727624b3f6ff823ef,0
fbneo/fbneo/arkbloc2.hi,38,64f474206090133a30ff74113940bb90eefe93259e03fe0727624b3f6ff823ef,0
fbneo/fbneo/arkblock.hi,38,64f474206090133a30ff74113940bb90eefe93259e03fe0727624b3f6ff823ef,0
fbneo/fbneo/arkgcbl.hi,38,64f474206090133a30ff74113940bb90eefe93259e03fe0727624b3f6ff823ef,0
fbneo/fbneo/arkretrn.hi,39,8024478b03ada2ce0bf94dbe482380bd1c0bffac2644dcb7b9d3b5b1598556f8,0
fbneo/fbneo/arkretrnj.hi,39,8024478b03ada2ce0bf94dbe482380bd1c0bffac2644dcb7b9d3b5b1598556f8,0
fbneo/fbneo/arkretrnu.hi,39,8024478b03ada2ce0bf94dbe482380bd1c0bffac2644dcb7b9d3b5b1598556f8,0
fbneo/fbneo/arktayt2.hi,38,22d7afabd0d0e146b80764a8ccd413d84ab67b838d68a517a7744a9562f0f05c,0
fbneo/fbneo/armedf.hi,83,e565ae6447a077d79c03fe9773431490a4f6b84a163bb655cd74c3602cfe25e4,0
fbneo/fbneo/armedff.hi,83,e565ae6447a077d79c03fe9773431490a4f6b84a163bb655cd74c3602cfe25e4,0
fbneo/fbneo/armorcar.hi,60,16f2633ee2c03968821151fd667a5458ad55546d3b7fcafe0cbfcd5e79135438,0
fbneo/fbneo/armorcar2.hi,60,16f2633ee2c03968821151fd667a5458ad55546d3b7fcafe0cbfcd5e79135438,0
fbneo/fbneo/armwar.hi,598,b26b83fa711e4bc888e9abe227dad5ceb747414b3891e55e65f1e3a31f80544a,0
fbneo/fbneo/armwar1d.hi,598,b26b83fa711e4bc888e9abe227dad5ceb747414b3891e55e65f1e3a31f80544a,0
fbneo/fbneo/armwara.hi,598,b26b83fa711e4bc888e9abe227dad5ceb747414b3891e55e65f1e3a31f80544a,0
fbneo/fbneo/armwarar1.hi,598,b26b83fa711e4bc888e9abe227dad5ceb747414b3891e55e65f1e3a31f80544a,0
fbneo/fbneo/armwarr1.hi,598,b26b83fa711e4bc888e9abe227dad5ceb747414b3891e55e65f1e3a31f80544a,0
fbneo/fbneo/armwaru.hi,598,b26b83fa711e4bc888e9abe227dad5ceb747414b3891e55e65f1e3a31f80544a,0
fbneo/fbneo/armwaru1.hi,598,b26b83fa711e4bc888e9abe227dad5ceb747414b3891e55e65f1e3a31f80544a,0
fbneo/fbneo/ashura.hi,103,84cf30bc59ea8f0619065c4b939f86cee62e2ae42f9faaee4964acf204b26e8d,0
fbneo/fbneo/ashuraj.hi,102,b8b846f0153cee29cc5731bae4856c45ab0f8a5490ad1dd9bb6a923a6302106d,0
fbneo/fbneo/asideral.hi,3,709e80c88487a2411e1ee4dfb9f22a861492d20c4765150c0c794abd70f8147c,1
fbneo/fbneo/aso.hi,133,b23a83d3c98ee185a60df2688226b83b9eecc6570b9f0d3463460f828697c258,0
fbneo/fbneo/astdelux1.hi,43,e63a8bbac99f93f17c8ec8f0c69975e9a52b8ce0eb1e2409d9143a873573daab,0
fbneo/fbneo/astdelux2.hi,43,6b9a03707e8f0f1dc05aa5000f3c170cc87819a3815743bdbfbfff1a2d81ef8b,0
fbneo/fbneo/asterix.hi,80,de4506fc9e0ee9a54cf0e8f91b3275f6bae426b50df3241e21e98866ccbe62ad,0
fbneo/fbneo/asterixaad.hi,80,de4506fc9e0ee9a54cf0e8f91b3275f6bae426b50df3241e21e98866ccbe62ad,0
fbneo/fbneo/asterixeaa.hi,80,de4506fc9e0ee9a54cf0e8f91b3275f6bae426b50df3241e21e98866ccbe62ad,0
fbneo/fbneo/asterixeac.hi,80,de4506fc9e0ee9a54cf0e8f91b3275f6bae426b50df3241e21e98866ccbe62ad,0
fbneo/fbneo/asterixj.hi,80,de4506fc9e0ee9a54cf0e8f91b3275f6bae426b50df3241e21e98866ccbe62ad,0
fbneo/fbneo/asteroid.hi,54,945a62110a140d276f9d4be2bf92e9fdd978046af532669b688e6d5cd73e1db7,0
fbneo/fbneo/asteroid1.hi,54,d990990481e9d6ba2f9cd1d2a1d746e4fef24e20552277b3873ba9cb5e2a4565,0
fbneo/fbneo/asteroid2.hi,54,853a022b6bc27cb66fbb22f2bbc830741ba2730000087b07163bb73e953ff317,0
fbneo/fbneo/astrians.hi,3,709e80c88487a2411e1ee4dfb9f22a861492d20c4765150c0c794abd70f8147c,1
fbneo/fbneo/astrofl.hi,59,f7656d85326fecb0e1dd9d82d95a57cc7101b58049295f806805bf2a1d31e6f4,0
fbneo/fbneo/astyanax.hi,174,22844cc977875deb22e7993d0d51016c713d22d46a44c7f060ee10c61e1d19e7,0
fbneo/fbneo/astyanaxa.hi,174,22844cc977875deb22e7993d0d51016c713d22d46a44c7f060ee10c61e1d19e7,0
fbneo/fbneo/asuka.hi,106,1bf9784542012b119adff54c0873017b61c7bfaf86d646e405403dcb9c613855,0
fbneo/fbneo/asukaj.hi,106,1bf9784542012b119adff54c0873017b61c7bfaf86d646e405403dcb9c613855,0
fbneo/fbneo/asurabld.hi,19,5fcadf3ec9e54640da6190e28d8b8e8b579897a36b10c75650b0dd9af66b62c6,0
fbneo/fbneo/asurabus.hi,306,a145a27d3851d266736994274de28eb1404d41004f1f207519020f9d9b1d7bc7,0
fbneo/fbneo/atetris.hi,108,fb2ecb85f1bdc543f679b160fab08a53ee54d32961ba7eae4e64a1e374c574e4,0
fbneo/fbneo/athena.hi,114,be0ccf45fe50dd95976eab62bff5c02e69b6bdac62b05024c6a9da9e6eaa5782,0
fbneo/fbneo/athenab.hi,114,be0ccf45fe50dd95976eab62bff5c02e69b6bdac62b05024c6a9da9e6eaa5782,0
fbneo/fbneo/atlantis.hi,44,85759b3811ff7dc47b03792ac85317be51431a3f9e01dcafce317ed736a391b0,1
fbneo/fbneo/atlantis2.hi,44,85759b3811ff7dc47b03792ac85317be51431a3f9e01dcafce317ed736a391b0,1
fbneo/fbneo/atlantisb.hi,44,c2ac62354d6978338694fe95a701aaee091472da9346668ea174d65f9c94fd56,0
fbneo/fbneo/atombjt.hi,160,98f0730f43c25cbdaa2c089f0593879dc862810cef3b8686f7f99c61f1c25a1f,0
fbneo/fbneo/atomboy.hi,182,faf3f071088d15065f5b9e3ca60b987ef1c0d7bbff13bdd5bd0374a8ce1dc65f,0
fbneo/fbneo/atomboya.hi,182,faf3f071088d15065f5b9e3ca60b987ef1c0d7bbff13bdd5bd0374a8ce1dc65f,0
fbneo/fbneo/atomicp.hi,39,0f1e29345405a8b5d80f21abd14023d6c43e071be58cd264dae7897b338461af,0
fbneo/fbneo/atompunk.hi,146,0ba181703e983ae1e7955de817aede9583f659465b823c19a5c9a24b86c83a7f,0
fbneo/fbneo/aurail.hi,39,620fa8e11dfa73a19a7cb09cda82d00eda28ecfd116c4582f49068ffff964332,0
fbneo/fbneo/aurail1.hi,39,620fa8e11dfa73a19a7cb09cda82d00eda28ecfd116c4582f49068ffff964332,0
fbneo/fbneo/aurailj.hi,39,620fa8e11dfa73a19a7cb09cda82d00eda28ecfd116c4582f49068ffff964332,0
fbneo/fbneo/avefenix.hi,27,568144d9b92ae8a3c63f5a6becf40a562a1c998a329bd288d29c68120ca93fdb,0
fbneo/fbneo/avefenixrf.hi,27,568144d9b92ae8a3c63f5a6becf40a562a1c998a329bd288d29c68120ca93fdb,0
fbneo/fbneo/avengers.hi,87,f60dae3d55ffaf1319110601263a7cfc5ee6213fe054c35df9fbbd83ed6220f6,0
fbneo/fbneo/avengrgs.hi,78,152700b99f620652ed833fb3747cf91f92aa494364cfa253224e216e4a6f1913,0
fbneo/fbneo/avengrgsj.hi,78,152700b99f620652ed833fb3747cf91f92aa494364cfa253224e216e4a6f1913,0
fbneo/fbneo/avsp.hi,798,1a2fd75ca7d0fecd63ad54c8d71e9b0e70af231dfa5fbff1e697142a479ea36e,0
fbneo/fbneo/avspirit.hi,83,d79b90f424bb746b5b424f34dd8130e198b8901246321c783bf0f9ab4b467cc0,0
fbneo/fbneo/avspj.hi,798,1a2fd75ca7d0fecd63ad54c8d71e9b0e70af231dfa5fbff1e697142a479ea36e,0
fbneo/fbneo/azurian.hi,4,dbdf96bbe8c17cbd0104b79af5929401ff489cb06829638a726fa124349f3e9b,0
fbneo/fbneo/backfire.hi,432,3837cf08ff3433e5370c30aee5bfa9838915beec97e2edb246842362fa9890c1,0
fbneo/fbneo/baddudes.hi,164,dbca9a356bcab21e44802e3b03a866af2320fcf557e55b2229f84bc49cfd47ad,0
fbneo/fbneo/badlands.hi,79,817042bdf85d08ae6835bcc6e3d72650c39832ea127edc78c848a09c3012c473,0
fbneo/fbneo/bagman.hi,80,8027c1db8f24946df43295f6cb235ef1574ea981542c175c7b60401537f37de2,0
fbneo/fbneo/bagmanj.hi,80,7bf7a790156dc06737c8ef3022a133db60d7d3c63895354a5ecffc9c87cfcf9b,0
fbneo/fbneo/bagmans.hi,80,7bf7a790156dc06737c8ef3022a133db60d7d3c63895354a5ecffc9c87cfcf9b,0
fbneo/fbneo/bagnard.hi,80,8027c1db8f24946df43295f6cb235ef1574ea981542c175c7b60401537f37de2,0
fbneo/fbneo/bagnarda.hi,80,8027c1db8f24946df43295f6cb235ef1574ea981542c175c7b60401537f37de2,0
fbneo/fbneo/bagnardi.hi,80,8027c1db8f24946df43295f6cb235ef1574ea981542c175c7b60401537f37de2,0
fbneo/fbneo/bakutotu.hi,96,63f0624869450877fcb16e682b568c2489da79882314df30f4c61d0a1f7c7dcc,0
fbneo/fbneo/balcube.hi,74,94732a1b4fd113ed90e0d26144f537f3edccaf495bbeaf6df4d935cb83cbb272,0
fbneo/fbneo/ballboy.hi,71,0b7d4c20ec1a3e6d1a59138f6c33924954fd8c7b6954b0f1edaf5f8dc4ab4f92,0
fbneo/fbneo/ballbros.hi,99,253feaf8adff508e08ed67fe809316cd2f32de4465213696f7389d7f5241b735,0
fbneo/fbneo/bang.hi,238,bef0b534aa71499e1c7c5cb8f1d1b4765bcfd141e6ae1a2d86471bfeb5c70975,0
fbneo/fbneo/bangball.hi,154,746da2476afd9f00e2ed0c7f932835c4a2c378c464b8a720f8e0880e51ce84c2,0
fbneo/fbneo/bankp.hi,167,0d11f4248e6702948745c7702e1c9aaeff983ff4585022ff0d065aefb3c9c5db,1
fbneo/fbneo/baraduke.hi,76,05627800724638b8fc352342ac040ee00454519ac4fd79c3dbfb0300028f8665,0
fbneo/fbneo/baryon.hi,120,04971ecfb61504b6299d875caafc86ed535a5671135c12fd727c82ab6ccca442,0
fbneo/fbneo/batcir.hi,280,09e5c84eefe89fd7ca9ff706f0bcd7fd1cabdd650035fc7444842e23f329fea9,0
fbneo/fbneo/batman2.hi,27,568144d9b92ae8a3c63f5a6becf40a562a1c998a329bd288d29c68120ca93fdb,0
fbneo/fbneo/batrider.hi,784,df9f8e7e614e18a144aca0747ea11dd2763aa8c3bcdcba577efde3483b246591,0
fbneo/fbneo/batriderc.hi,784,df9f8e7e614e18a144aca0747ea11dd2763aa8c3bcdcba577efde3483b246591,0
fbneo/fbneo/batriderj.hi,784,df9f8e7e614e18a144aca0747ea11dd2763aa8c3bcdcba577efde3483b246591,0
fbneo/fbneo/batriderja.hi,784,df9f8e7e614e18a144aca0747ea11dd2763aa8c3bcdcba577efde3483b246591,0
fbneo/fbneo/batriderk.hi,784,df9f8e7e614e18a144aca0747ea11dd2763aa8c3bcdcba577efde3483b246591,0
fbneo/fbneo/batridert.hi,784,df9f8e7e614e18a144aca0747ea11dd2763aa8c3bcdcba577efde3483b246591,0
fbneo/fbneo/batrideru.hi,784,df9f8e7e614e18a144aca0747ea11dd2763aa8c3bcdcba577efde3483b246591,0
fbneo/fbneo/batsugun.hi,164,9cd6dda1f19b8aaa09a07a80e1cc9802f268734c1921845eb440353f73aab79e,0
fbneo/fbneo/batsuguna.hi,164,9cd6dda1f19b8aaa09a07a80e1cc9802f268734c1921845eb440353f73aab79e,0
fbneo/fbneo/batsugunsp.hi,164,9cd6dda1f19b8aaa09a07a80e1cc9802f268734c1921845eb440353f73aab79e,0
fbneo/fbneo/battlane.hi,43,8b8ef3e28ded64395af4e5cf4942395f6a411faf93114222175329f6352a36ce,0
fbneo/fbneo/battlex.hi,38,f1f59b890ef1642178b6dda565cebd862c9c6561d20f01a497a0b8de02071fb1,0
fbneo/fbneo/battlnts.hi,84,2e5e33c0937225e36f98bee7a811c789115f373c5a7c281a133de0f04e614c15,0
fbneo/fbneo/battlntsa.hi,84,2e5e33c0937225e36f98bee7a811c789115f373c5a7c281a133de0f04e614c15,0
fbneo/fbneo/battlntsj.hi,84,2e5e33c0937225e36f98bee7a811c789115f373c5a7c281a133de0f04e614c15,0
fbneo/fbneo/battroad.hi,176,ddde907968f775609aa065827bf3e5e6ce8a794500fe3bd1637eb1a67441c8f6,0
fbneo/fbneo/bayroute.hi,80,4cb23f1a843cc61f589aefff4dec03fabdb6d873a7d1b0f5f800c787756496f7,0
fbneo/fbneo/bballsa.hi,50,5d634a95f3a3a1b9b97f4768f147328c8a38403f971d03c8fe91b07e5eec0af3,0
fbneo/fbneo/bbmanw.hi,106,0f3403e13ed45446b407b4f6838c0910da544c3d5148fa4b55afc5593952df24,0
fbneo/fbneo/bbros.hi,157,cecfd458b13b4f920cc4314b0c82e11e4e4841d1f94e553320d526c0442b0b69,0
fbneo/fbneo/bbusters.hi,155,58a93242492e4a529f6dc1c9156aec5bb3c29b0cb70eb13e5689f9b1b968507b,0
fbneo/fbneo/bbustersu.hi,155,58a93242492e4a529f6dc1c9156aec5bb3c29b0cb70eb13e5689f9b1b968507b,0
fbneo/fbneo/bchopper.hi,123,9a5a911fdaace920e30e664083b35ae59064d0f18aa70a6ae62a5d714e9563ce,0
fbneo/fbneo/berabohm.hi,104,bedfb9db2fa94580b04754ba6045d3ab5a024aa7bbdeb423f50c209d065623ed,0
fbneo/fbneo/bermudat.hi,83,7acde8ce02274addafa8650ceae5b3a494eaf91d33536e74a64381cb0833286a,0
fbneo/fbneo/bermudata.hi,83,d17437e4d6ecc6df09bb45ed56eb865c693df9062ef442e23ffca2bad83c3a82,0
fbneo/fbneo/bermudatj.hi,83,7acde8ce02274addafa8650ceae5b3a494eaf91d33536e74a64381cb0833286a,0
fbneo/fbneo/berzerk.hi,61,2a0474b7b42919f6b296523a841b49fd089ea94af79921ee90562019c94bb82f,0
fbneo/fbneo/berzerka.hi,61,2a0474b7b42919f6b296523a841b49fd089ea94af79921ee90562019c94bb82f,0
fbneo/fbneo/berzerkb.hi,61,2a0474b7b42919f6b296523a841b49fd089ea94af79921ee90562019c94bb82f,0
fbneo/fbneo/berzerkf.hi,61,2a0474b7b42919f6b296523a841b49fd089ea94af79921ee90562019c94bb82f,0
fbneo/fbneo/berzerkg.hi,61,2a0474b7b42919f6b296523a841b49fd089ea94af79921ee90562019c94bb82f,0
fbneo/fbneo/berzerks.hi,61,2a0474b7b42919f6b296523a841b49fd089ea94af79921ee90562019c94bb82f,0
fbneo/fbneo/bgaregga.hi,235,aa66db42212ed2ad7675a4296f5a3dde709a1324cb7a58d44a0529ce5eae191a,0
fbneo/fbneo/bgareggabl.hi,1094,143818ed210f14401277351db137a001ef409df317649f96c9d15b00c6d2bec9,0
fbneo/fbneo/bgareggabla.hi,1094,143818ed210f14401277351db137a001ef409df317649f96c9d15b00c6d2bec9,0
fbneo/fbneo/bgareggacn.hi,235,face1970898d5ca146933405f922b4f0a67bb59bd5945b9d032646fb2bad74cd,0
fbneo/fbneo/bgareggahk.hi,235,aa66db42212ed2ad7675a4296f5a3dde709a1324cb7a58d44a0529ce5eae191a,0
fbneo/fbneo/bgaregganv.hi,235,face1970898d5ca146933405f922b4f0a67bb59bd5945b9d032646fb2bad74cd,0
fbneo/fbneo/bgareggat2.hi,235,ef3c58e3cfa3f4e6e4f9fbce103093e2d1d87559683a57461d99c33600a4701e,0
fbneo/fbneo/bgareggatw.hi,235,907fdc9332d39c27cd4383d29e839f013a73f0225afa328b136a70b63920c261,0
fbneo/fbneo/bigkarnk.hi,164,ad3937ccb3dc23d9fe6b194e7d85b6dd5d35f029c6f4329be943452fb179e498,0
fbneo/fbneo/bigstrik.hi,73,bdc3497eb43f5e6a324198cc42eadb865879700fce815e4f9f8c51ace5078ba2,0
fbneo/fbneo/bioatack.hi,3,2b657b4908dcb4ac9d65162cb17b02301da011245a0400441ddf51296ce7fffd,0
fbneo/fbneo/bionicc.hi,91,4d26798bfd3d7b67cba3c6b2bb8acd14ee7f6355a59275ab63fffd43a33f052b,0
fbneo/fbneo/bionicc1.hi,91,4d26798bfd3d7b67cba3c6b2bb8acd14ee7f6355a59275ab63fffd43a33f052b,0
fbneo/fbneo/bioship.hi,172,acaebbf07e565384c9075319b6fdf9aff549aae7ccabf6bf03aa2b69e91bcfd2,0
fbneo/fbneo/birdiy.hi,39,307797a1a21b39ffeded0fd8f1a35300612c20304faa754542f4f819f2c67bfa,0
fbneo/fbneo/birdtry.hi,794,b9feb00e702501848a412799b75c818930d46ac58e631f85f68bba1670881615,0
fbneo/fbneo/bjtwin.hi,160,98f0730f43c25cbdaa2c089f0593879dc862810cef3b8686f7f99c61f1c25a1f,0
fbneo/fbneo/bjtwina.hi,160,98f0730f43c25cbdaa2c089f0593879dc862810cef3b8686f7f99c61f1c25a1f,0
fbneo/fbneo/bjtwinp.hi,160,98f0730f43c25cbdaa2c089f0593879dc862810cef3b8686f7f99c61f1c25a1f,0
fbneo/fbneo/bjtwinpa.hi,160,98f0730f43c25cbdaa2c089f0593879dc862810cef3b8686f7f99c61f1c25a1f,0
fbneo/fbneo/bladestl.hi,130,0c99fd826953477b0e688c6b146785eed4cd7c342774476945c8483b4c42b597,0
fbneo/fbneo/blandia.hi,98,61325540b1d1aab30dc6f91f185a548c6b311f48afbd3405726b5ced5e8fa969,0
fbneo/fbneo/blastoff.hi,149,4277167fdfa8472e7871b459c97f2201fb8a2719a81e6131b04ef01d5cd79eb2,0
fbneo/fbneo/blazeon.hi,127,33102e4de5656ccc9655eb959fb3f668b700c9f58a5941a12bcbd5524b6d7896,0
fbneo/fbneo/blazer.hi,104,c37be5e1ba1f566a6516f241eb975bda0ba92aa184bf0393dc5635774213da42,0
fbneo/fbneo/blkheart.hi,4,d7146436f88ea733e95ac817f05b41f0755b725f6fa693e5b09a88e0caca0458,0
fbneo/fbneo/blkheartj.hi,4,d7146436f88ea733e95ac817f05b41f0755b725f6fa693e5b09a88e0caca0458,0
fbneo/fbneo/blkhole.hi,9,3d1e1cbe0d5c2c0fb45495e10f46ccb5eabbafd979c007e4e07c2885deefe03b,0
fbneo/fbneo/blkpnthr.hi,157,95c280bd300d368487353d6bb579c7692037941e72ce440e90817a223d78f423,0
fbneo/fbneo/blktiger.hi,88,bdbe0ef69404feb4e0f551a13e8bc4b49c016ecc9808b081fc02811073257833,0
fbneo/fbneo/blktigera.hi,88,bdbe0ef69404feb4e0f551a13e8bc4b49c016ecc9808b081fc02811073257833,0
fbneo/fbneo/blktigerb1.hi,88,bdbe0ef69404feb4e0f551a13e8bc4b49c016ecc9808b081fc02811073257833,0
fbneo/fbneo/blktigerb2.hi,88,bdbe0ef69404feb4e0f551a13e8bc4b49c016ecc9808b081fc02811073257833,0
fbneo/fbneo/blktigerb3.hi,88,bdbe0ef69404feb4e0f551a13e8bc4b49c016ecc9808b081fc02811073257833,0
fbneo/fbneo/blmbycar.hi,279,126884c670512e592d288d31aed6b0def905080f3cc14d319ff075f5e1d33939,0
fbneo/fbneo/block.hi,80,13810ddf92cff275a734f02548995c6928a021ffb13c8de64244a93a8c226f5b,0
fbneo/fbneo/blockcar.hi,84,37d835a860898d87ebe702038fcf3fa9fe10898352700761c13ac11ea4164a12,0
fbneo/fbneo/blockgal.hi,3,cf7605ed1bc735f6c825554154627467e1cac9df54cee8699218ed434603c568,0
fbneo/fbneo/blockhl.hi,68,f85e0febb5b06540818cb162c5b812724366430367cf9c905a2322e327fd7a5b,0
fbneo/fbneo/blockout.hi,124,fd4ae136b4b77dc3b2347c437287d5cc30fc1627d7282f00501b4f92385902c0,0
fbneo/fbneo/blockout2.hi,124,fd4ae136b4b77dc3b2347c437287d5cc30fc1627d7282f00501b4f92385902c0,0
fbneo/fbneo/blockout3.hi,124,fd4ae136b4b77dc3b2347c437287d5cc30fc1627d7282f00501b4f92385902c0,0
fbneo/fbneo/blockoutj.hi,124,fd4ae136b4b77dc3b2347c437287d5cc30fc1627d7282f00501b4f92385902c0,0
fbneo/fbneo/bloodbro.hi,250,b0f3351cc549febba9114b06cdad0d349b1444ea45a8320698466bfd5a2a015d,0
fbneo/fbneo/bloodbroj.hi,250,b0f3351cc549febba9114b06cdad0d349b1444ea45a8320698466bfd5a2a015d,0
fbneo/fbneo/bloodbroja.hi,250,b0f3351cc549febba9114b06cdad0d349b1444ea45a8320698466bfd5a2a015d,0
fbneo/fbneo/bloodbrou.hi,250,b0f3351cc549febba9114b06cdad0d349b1444ea45a8320698466bfd5a2a015d,0
fbneo/fbneo/bloodwar.hi,39,c7e4dc8bb34a258248ee11f118a307810623c6d5afcff586d95993eacd46c773,0
fbneo/fbneo/bloxeed.hi,101,24f3fbf9d5c0cc6a2f24eef230c4f3f65cb8efb7bb2bb655978f650749fb3131,0
fbneo/fbneo/blstroid.hi,50,1fc604a26a450e96188bb4cefd3337b307f4c785f72f795c87474d435c4b6d4d,0
fbneo/fbneo/blstroid2.hi,50,1fc604a26a450e96188bb4cefd3337b307f4c785f72f795c87474d435c4b6d4d,0
fbneo/fbneo/blstroid3.hi,50,1fc604a26a450e96188bb4cefd3337b307f4c785f72f795c87474d435c4b6d4d,0
fbneo/fbneo/blstroidg.hi,50,1fc604a26a450e96188bb4cefd3337b307f4c785f72f795c87474d435c4b6d4d,0
fbneo/fbneo/blstroidh.hi,50,1fc604a26a450e96188bb4cefd3337b307f4c785f72f795c87474d435c4b6d4d,0
fbneo/fbneo/blswhstl.hi,83,c82852b014161849016dffca88e8a15185068dcf15a9394c103fa9bed288c1e0,0
fbneo/fbneo/blswhstla.hi,83,c82852b014161849016dffca88e8a15185068dcf15a9394c103fa9bed288c1e0,0
fbneo/fbneo/bluehawk.hi,50,b1e9127444003a5b8d81394cbaa65d753915d9551d8e72d9df7c77f7d5c42f05,0
fbneo/fbneo/blueprnt.hi,62,54c541d780c07fc4bd0976c41e345eeca773f90c9dcef1299215a9e369347b50,0
fbneo/fbneo/blueprntj.hi,62,54c541d780c07fc4bd0976c41e345eeca773f90c9dcef1299215a9e369347b50,0
fbneo/fbneo/blzntrnd.hi,81,ecba9b9f79126626381c3d8f65fd4382ec68bdc4abddb891c29ee6c948686f60,0
fbneo/fbneo/bmaster.hi,128,7e9b726a11c1bab506b308816539431e72605e76f1148977a7a2b7c07dc82c87,0
fbneo/fbneo/bnj.hi,624,0db5f8e4f6835a85a0a63ed0e7377fdd21385db0dfeaebf0fb2666fac7d63126,0
fbneo/fbneo/bnzabros.hi,153,f56bfe85674cd15bf355ecb6bf099d1ee752a1d7dd3de6816026e2fd2fb8a052,0
fbneo/fbneo/bnzabrosj.hi,153,f56bfe85674cd15bf355ecb6bf099d1ee752a1d7dd3de6816026e2fd2fb8a052,0
fbneo/fbneo/boblbobl.hi,86,19ceb26a02a92a21b5bb6eadf2e25d211898258eaef9a4fc5a979c20b69da817,0
fbneo/fbneo/boblcave.hi,86,5c87060d6e716654c7a2b818a5dd01669dcbab2f660c1eff759d396854a2fbb0,0
fbneo/fbneo/bodyslam.hi,61,0ce401b0c33e28e0bf90dd699982d9d65e1719525259f9f36c66d6079ff1ef78,0
fbneo/fbneo/bogeyman.hi,83,97dec66839383416a889d70d2296316dd6f368f01baff9aa468af7582b78ec9d,0
fbneo/fbneo/boggy84.hi,78,fcefeb785eaae9be36ea40625dbf03d931beac5161a01dd273b2946639517f32,0
fbneo/fbneo/bombbee.hi,5,15f2f1a4339f5f2a313b95015cad8124d054a171ac2f31cf529dda7cfb6a38b4,0
fbneo/fbneo/bomber.hi,33,759c4962f4b277ddcb5c05818954f58bef29ae059e377d76f930f98785caa536,0
fbneo/fbneo/bombkick.hi,70,0ae2e3bee2c0e477cdd1b6c8b5b04d1f0ae35a34da5047a58d0437fe7e702fd0,0
fbneo/fbneo/bombrman.hi,143,79ed6a75976ead6eb20dcd2fee55fcb37ee8c5e83d03a3ab88b9c6d7670fd38b,0
fbneo/fbneo/bongo.hi,18,4203c2687609c50134bd067a95869fddd8a85fc98c0a6776246a36f148bb34c1,0
fbneo/fbneo/bonkadv.hi,148,fa5bc3d03a1355a96ffddebadb2c01a6bf10b7545cf31510b37df7927229d015,0
fbneo/fbneo/bonzeadv.hi,55,7fb17fe501e99418cc2e5997d865fe27c5aee41db9a2b85523321125f184b1d6,0
fbneo/fbneo/boomrang.hi,66,b2aaabff6d43da989f41539a65bef7378a93a2a166f5ab88c1738e5025b2a040,0
fbneo/fbneo/boomranga.hi,66,b2aaabff6d43da989f41539a65bef7378a93a2a166f5ab88c1738e5025b2a040,0
fbneo/fbneo/bottom9.hi,130,5e299099bd0a77904c6f0364d8277949830a2c98e8ebd5a699ed1e6b95dfda17,0
fbneo/fbneo/bouldash.hi,71,735a0b057fb23f89e5ee590921992834903cb0a2c3a086118b9d09ed7126fcf3,0
fbneo/fbneo/bounty.hi,36,40dc253c78618d04e8bbc84391fbdf163fa5584b588cc8ef828ae5167c74909c,0
fbneo/fbneo/boxyboy.hi,48,ab5c08ef114b6439042f0451837c68250c9975911254cf7b32da2817cdb681d0,0
fbneo/fbneo/brain.hi,63,0958d17e970844566d7f32aeba2b674db776fdb0318de1df9b3cf45c59980fdd,0
fbneo/fbneo/brapboys.hi,49,b73a4797a9bdb7f3f41ef2f79bef4194c8e9f6845a2a9b1016327a5d2b073ef9,0
fbneo/fbneo/brix.hi,71,a376aba905619ea30b31c2eca9aacf7f58e0174c5c01349ede24c1d77595466e,0
fbneo/fbneo/brkthru.hi,42,98be795fea135de53ab7886c0257619bfa21c7601ee768fbe8044d56eff0a140,0
fbneo/fbneo/brkthruj.hi,42,98be795fea135de53ab7886c0257619bfa21c7601ee768fbe8044d56eff0a140,0
fbneo/fbneo/brubber.hi,624,0db5f8e4f6835a85a0a63ed0e7377fdd21385db0dfeaebf0fb2666fac7d63126,0
fbneo/fbneo/bssoccer.hi,40,708e2d2aeb8685f4bd63789fd886aab4b14a924e2c174c49b1b1cebe0c3429a0,0
fbneo/fbneo/btime.hi,39,6778ac82c50ff32c127afa8754b1a0a6e9a4e588b8c082cf0ad987a28e4a5a7d,0
fbneo/fbneo/btime2.hi,39,6778ac82c50ff32c127afa8754b1a0a6e9a4e588b8c082cf0ad987a28e4a5a7d,0
fbneo/fbneo/btime3.hi,39,6778ac82c50ff32c127afa8754b1a0a6e9a4e588b8c082cf0ad987a28e4a5a7d,0
fbneo/fbneo/btimem.hi,39,6778ac82c50ff32c127afa8754b1a0a6e9a4e588b8c082cf0ad987a28e4a5a7d,0
fbneo/fbneo/btlkroad.hi,78,4ccb31f3e1870abff24716053bb68da5c831a7aa52c13235e983899e240ea5a0,0
fbneo/fbneo/btlkroadk.hi,78,4ccb31f3e1870abff24716053bb68da5c831a7aa52c13235e983899e240ea5a0,0
fbneo/fbneo/bub68705.hi,86,19ceb26a02a92a21b5bb6eadf2e25d211898258eaef9a4fc5a979c20b69da817,0
fbneo/fbneo/bubblem.hi,353,6fa102bd22212012d924cddb1c9238e584916dfb236a908070b548bcfbf579eb,0
fbneo/fbneo/bubblemu.hi,353,6fa102bd22212012d924cddb1c9238e584916dfb236a908070b548bcfbf579eb,0
fbneo/fbneo/bubl2000.hi,80,8cbf290c32c0856a9cc53ea10fc1045a51f2ad332622fd03f31ced77aaa21b4a,0
fbneo/fbneo/bublbob2.hi,283,f2c08baa232af7bd6f03c80df4de9bee72504c025c6327eec50f44bcc33e7c9e,0
fbneo/fbneo/bublbobl.hi,86,19ceb26a02a92a21b5bb6eadf2e25d211898258eaef9a4fc5a979c20b69da817,0
fbneo/fbneo/bublbobl1.hi,86,19ceb26a02a92a21b5bb6eadf2e25d211898258eaef9a4fc5a979c20b69da817,0
fbneo/fbneo/bublboblb.hi,86,19ceb26a02a92a21b5bb6eadf2e25d211898258eaef9a4fc5a979c20b69da817,0
fbneo/fbneo/bublboblp.hi,73,60ac7f89204877009a5c6353ef16b3177941eecc2f4f3a8fe7a8a5c096d4e84c,0
fbneo/fbneo/bublboblr.hi,86,19ceb26a02a92a21b5bb6eadf2e25d211898258eaef9a4fc5a979c20b69da817,0
fbneo/fbneo/bublboblr1.hi,86,19ceb26a02a92a21b5bb6eadf2e25d211898258eaef9a4fc5a979c20b69da817,0
fbneo/fbneo/bublcave.hi,86,5c87060d6e716654c7a2b818a5dd01669dcbab2f660c1eff759d396854a2fbb0,0
fbneo/fbneo/bublcave10.hi,86,19ceb26a02a92a21b5bb6eadf2e25d211898258eaef9a4fc5a979c20b69da817,0
fbneo/fbneo/bublcave11.hi,86,19ceb26a02a92a21b5bb6eadf2e25d211898258eaef9a4fc5a979c20b69da817,0
fbneo/fbneo/bubsymphe.hi,283,f2c08baa232af7bd6f03c80df4de9bee72504c025c6327eec50f44bcc33e7c9e,0
fbneo/fbneo/bubsymphj.hi,283,b2097672f06934cfadfbda283d379248592c3aadcedbf7468301e6663d4a2f9d,0
fbneo/fbneo/bubsymphu.hi,283,f2c08baa232af7bd6f03c80df4de9bee72504c025c6327eec50f44bcc33e7c9e,0
fbneo/fbneo/bucaner.hi,11,62a79ef7b9a169cbcbb37b394f7e93db8fa3f7629bdda2c456a139c8e080bb89,0
fbneo/fbneo/buccanrs.hi,70,4723fb11e566cfa1cec255cb4cd0e6253beff0af1f9c72e51395e5cb840a5019,0
fbneo/fbneo/buccanrsa.hi,70,4723fb11e566cfa1cec255cb4cd0e6253beff0af1f9c72e51395e5cb840a5019,0
fbneo/fbneo/bucky.hi,80,00b88ec072676f57c66898e2f958e4027f7b295c794a48277790c66e7a072a0d,0
fbneo/fbneo/bullfgt.hi,63,15694bcd55277db28272449e2dfb235570d79d5844f9728b7cedb4e1277134dc,0
fbneo/fbneo/buraiken.hi,94,ef57d1c82cd1ee9c32b849cc0937c35ab8e62441da360b67dc99bc6e8bcc6f04,0
fbneo/fbneo/burglarx.hi,94,5c375f186858bb1ece56f7c47fcf6f01fb95ce5bff0839cccd3746445f042850,0
fbneo/fbneo/burnforc.hi,188,db838bda0e4eaf00e0ba0519a7d2df32386aa9432538a10ba6ca45294aa27e55,0
fbneo/fbneo/buzzard.hi,77,f973353fcd1fe5c4e429d14b72fb0083c62cb1de5f5f06449e59b3798ecfe233,0
fbneo/fbneo/bwcasino.hi,211,c8286d090849e554aac10dfbd15e78a8b84b1af459c7e2e07dc7ec36668b6618,0
fbneo/fbneo/bwidow.hi,154,18f5c23616585e1d4117014b4f8f6a1d7892a54c13b1a3f232b47d06241b7cbf,0
fbneo/fbneo/bwings.hi,143,6873be5a18cece87e375270f4bb3630899881d864d235fa2ca3de4bc58d17312,0
fbneo/fbneo/bwingsa.hi,243,fd73da9aa232ce738d5e30c542362e8ff7551872a24ad7edca9a20a59f7b8064,0
fbneo/fbneo/bwingso.hi,243,fd73da9aa232ce738d5e30c542362e8ff7551872a24ad7edca9a20a59f7b8064,0
fbneo/fbneo/bygone.hi,73,87cec145a60a7d9f80709de672fc580422416a751d02d0a02b2e9bbb04d70bb8,0
fbneo/fbneo/bzone.hi,60,cd3d836b28a6c32574fc1c4ddd9e93c16fde1bcdb29b4223575874312d643d33,0
fbneo/fbneo/bzonea.hi,60,cd3d836b28a6c32574fc1c4ddd9e93c16fde1bcdb29b4223575874312d643d33,0
fbneo/fbneo/bzonec.hi,60,cd3d836b28a6c32574fc1c4ddd9e93c16fde1bcdb29b4223575874312d643d33,0
fbneo/fbneo/cabal.hi,99,2ade29ea2780bf953663b8d97893f8ba919a54a58c071b46aed330a2467b07b8,0
fbneo/fbneo/cabala.hi,99,2ade29ea2780bf953663b8d97893f8ba919a54a58c071b46aed330a2467b07b8,0
fbneo/fbneo/cabalukj.hi,99,2ade29ea2780bf953663b8d97893f8ba919a54a58c071b46aed330a2467b07b8,0
fbneo/fbneo/cabalus.hi,99,2ade29ea2780bf953663b8d97893f8ba919a54a58c071b46aed330a2467b07b8,0
fbneo/fbneo/cabalus2.hi,99,2ade29ea2780bf953663b8d97893f8ba919a54a58c071b46aed330a2467b07b8,0
fbneo/fbneo/cachat.hi,77,91d17cc82393b3c6a49b88f8abbb1c56e51b8a2776a89f8a21b2dc1e128238f0,0
fbneo/fbneo/cadashf.hi,389,4f9d319f03778c8ac9d0f531687cbd948721781632582ee9cf22a8bcc64f11a8,0
fbneo/fbneo/cadashg.hi,389,4f9d319f03778c8ac9d0f531687cbd948721781632582ee9cf22a8bcc64f11a8,0
fbneo/fbneo/cadashi.hi,389,4f9d319f03778c8ac9d0f531687cbd948721781632582ee9cf22a8bcc64f11a8,0
fbneo/fbneo/cadashj.hi,394,001d8432b9f6aeddadc93ffaabdcf11be1c2ab496f4c3a1aa9e8261cc038e860,0
fbneo/fbneo/cadashj1.hi,394,001d8432b9f6aeddadc93ffaabdcf11be1c2ab496f4c3a1aa9e8261cc038e860,0
fbneo/fbneo/cadashjo.hi,394,001d8432b9f6aeddadc93ffaabdcf11be1c2ab496f4c3a1aa9e8261cc038e860,0
fbneo/fbneo/cadashs.hi,389,4f9d319f03778c8ac9d0f531687cbd948721781632582ee9cf22a8bcc64f11a8,0
fbneo/fbneo/cadashu.hi,389,4f9d319f03778c8ac9d0f531687cbd948721781632582ee9cf22a8bcc64f11a8,0
fbneo/fbneo/cairblad.hi,177,fabd4836521f654c598eda2763f0ea52cf87dfcf167a8c1e59ca9abdb0158365,0
fbneo/fbneo/calipso.hi,60,8d3c79ae04d6075c1d3670eae4e1df40db929f39612a94509af5cd44013329a2,0
fbneo/fbneo/calorie.hi,123,e94c97b8dd3fc5810d2e4deba933eb863381f7590194e60931d48e55b8762068,0
fbneo/fbneo/cameltry.hi,646,96312c2cfffcd93245fa23c84a5c98140f0c2ff2ea46034b16538dd325fbacca,0
fbneo/fbneo/cannball.hi,128,ee970387d86959441bcb2915b3555e09ec9a7d259fb40d9eca666718c4bcdcfc,0
fbneo/fbneo/cannonbp.hi,223,03ba1b8a7dc8ae5f7286ae1ec5c254379c57b55a5ef6fba9a523f81e49654c1b,0
fbneo/fbneo/canyon.hi,4,df3f619804a92fdb4057192dc43dd748ea778adc52bc498ce80524c014b81119,1
fbneo/fbneo/captaven.hi,160,0295e943604663668d0c0c07789d1f843d6a3b2a505c1a6cd0715513fd1044df,0
fbneo/fbneo/captavena.hi,160,0295e943604663668d0c0c07789d1f843d6a3b2a505c1a6cd0715513fd1044df,0
fbneo/fbneo/captavene.hi,160,0295e943604663668d0c0c07789d1f843d6a3b2a505c1a6cd0715513fd1044df,0
fbneo/fbneo/captavenj.hi,160,0295e943604663668d0c0c07789d1f843d6a3b2a505c1a6cd0715513fd1044df,0
fbneo/fbneo/captavenu.hi,160,0295e943604663668d0c0c07789d1f843d6a3b2a505c1a6cd0715513fd1044df,0
fbneo/fbneo/captavenua.hi,160,0295e943604663668d0c0c07789d1f843d6a3b2a505c1a6cd0715513fd1044df,0
fbneo/fbneo/captavenuu.hi,160,0295e943604663668d0c0c07789d1f843d6a3b2a505c1a6cd0715513fd1044df,0
fbneo/fbneo/captcomm.hi,405,425c727b2919cb8ff77ee6013561f52bd5ca8842fc2718ef0dd3b6f288fe2092,0
fbneo/fbneo/carnivalc.hi,69,ffcf96dadd1c7d257c055ed6b876c86c094ba4d35ef1401811c23cbb0951c2eb,0
fbneo/fbneo/cavelon.hi,17,c859790110d851d8996a7d5b65d941d045557eac99a6bcc11d39bbcd447d8f51,0
fbneo/fbneo/cavenger.hi,65,18871f71e8c750bcf557d549a2891f0fed8d71c5082dd3f4838c126f8f0869fb,0
fbneo/fbneo/cawing.hi,64,19e5d14bd70cfb9280892d014b9657cb83756a670be404a0e6977e68902032af,0
fbneo/fbneo/cclimber.hi,65,e90ce43472362747d68b36674182b2fdfb8eddbb11aaf3d7170a266620fdde44,0
fbneo/fbneo/cclimbera.hi,65,e90ce43472362747d68b36674182b2fdfb8eddbb11aaf3d7170a266620fdde44,0
fbneo/fbneo/cclimberj.hi,65,e90ce43472362747d68b36674182b2fdfb8eddbb11aaf3d7170a266620fdde44,0
fbneo/fbneo/cclimbr2.hi,74,a4df124edcbe0166fd0cb76ade1af62db2320b1f3b4c5e24f82d85f7b400c05f,0
fbneo/fbneo/centiped.hi,30,079d7d7228423171ed9c5e1272518640b2d9cdc09cdc6564a5c2f4163819a0fb,0
fbneo/fbneo/centiped3.hi,30,079d7d7228423171ed9c5e1272518640b2d9cdc09cdc6564a5c2f4163819a0fb,0
fbneo/fbneo/chainrec.hi,87,162c0567bb3b9491d0cafdf1297b1053a3155f7821cb5102fde6a321dedb26ce,0
fbneo/fbneo/chaknpop.hi,32,2c5811ffd5d37e560f8d3b9f1d4f9d2b71de4cb97e6fbfdef3a50131a9d6213b,0
fbneo/fbneo/chameleo.hi,115,0237eb1760cadf80e81af9f681e7daefd1417314981992a50f4ff27ebd1f7c66,0
fbneo/fbneo/champwr.hi,40,80a456d120dd595eeef0c50f048b28f5b1112217ec28a2b4069124b337b9a881,0
fbneo/fbneo/changes.hi,36,46b435fecdfae14fe7bedba5da469ca7b5c11ebd6a224cecde1e692970ef16ad,0
fbneo/fbneo/charlien.hi,175,55bcd16a48afe8d55e953c12bd4d1c324f55f313990beb1ca776f109fed4048c,0
fbneo/fbneo/chasehq.hi,160,871d2d5d85d93b03b6e2db4843c78891cd80b2261f4bac42809a8a4b0ea291ce,0
fbneo/fbneo/chasehqj.hi,160,871d2d5d85d93b03b6e2db4843c78891cd80b2261f4bac42809a8a4b0ea291ce,0
fbneo/fbneo/chasehqju.hi,160,871d2d5d85d93b03b6e2db4843c78891cd80b2261f4bac42809a8a4b0ea291ce,0
fbneo/fbneo/chasehqu.hi,160,871d2d5d85d93b03b6e2db4843c78891cd80b2261f4bac42809a8a4b0ea291ce,0
fbneo/fbneo/checkman.hi,72,834a709ba2534ebe3ee1397fd4f7bd288b2acc1d20a08d6c862dcd99b6f04400,1
fbneo/fbneo/cheekyms.hi,10,90e973733abe3b39d3df70b0f612afa6440dce28d5e3b21c352732f5d97e74b7,0
fbneo/fbneo/chelnov.hi,92,94563ce67742a6b6d0c30e99d1363e25f9db3f36ec87f5ad7620806c6ca123aa,0
fbneo/fbneo/chimerab.hi,167,98a4666480d699abfca7576584bcf9fd5f2032935814c5882918190e799ec7d3,0
fbneo/fbneo/chinagat.hi,35,9df44b427af88f0c4b01c7f5252aa5db34676c2f777f95dfff74f5816b2a8b35,0
fbneo/fbneo/chinatwn.hi,80,ffc119c866ee5487e5f7ce2431755e6ac314da2932914e235304cadedfcfcfaa,0
fbneo/fbneo/chopper.hi,63,ee3cafa34381c977307fd9db2a9b6cd7e2932916875dfba5d3dc869d0950a9f2,0
fbneo/fbneo/choppera.hi,63,ee3cafa34381c977307fd9db2a9b6cd7e2932916875dfba5d3dc869d0950a9f2,0
fbneo/fbneo/chopperb.hi,63,ee3cafa34381c977307fd9db2a9b6cd7e2932916875dfba5d3dc869d0950a9f2,0
fbneo/fbneo/chqflag.hi,221,7501132ce1c508384a55d1388c3878b08c5138f02b1d7b484245fc5ed7aebe68,0
fbneo/fbneo/chukatai.hi,73,8ef993bfdc02d27f62e7fe0ebda1d76f7bc7474ef4fa602844d92ca77fb5c488,0
fbneo/fbneo/chukataij.hi,73,8ef993bfdc02d27f62e7fe0ebda1d76f7bc7474ef4fa602844d92ca77fb5c488,0
fbneo/fbneo/chukataija.hi,73,8ef993bfdc02d27f62e7fe0ebda1d76f7bc7474ef4fa602844d92ca77fb5c488,0
fbneo/fbneo/chukataiu.hi,73,8ef993bfdc02d27f62e7fe0ebda1d76f7bc7474ef4fa602844d92ca77fb5c488,0
fbneo/fbneo/circusc.hi,59,2b12770293590a83f6b1a50bb25113dadd173208fb9c4b038271f724b250a7a9,0
fbneo/fbneo/circusc2.hi,59,2b12770293590a83f6b1a50bb25113dadd173208fb9c4b038271f724b250a7a9,0
fbneo/fbneo/circusc3.hi,59,2b12770293590a83f6b1a50bb25113dadd173208fb9c4b038271f724b250a7a9,0
fbneo/fbneo/circusc4.hi,59,2b12770293590a83f6b1a50bb25113dadd173208fb9c4b038271f724b250a7a9,0
fbneo/fbneo/circuscc.hi,59,2b12770293590a83f6b1a50bb25113dadd173208fb9c4b038271f724b250a7a9,0
fbneo/fbneo/circusce.hi,59,2b12770293590a83f6b1a50bb25113dadd173208fb9c4b038271f724b250a7a9,0
fbneo/fbneo/citybomb.hi,130,06a50a2223778a5e040afff85a932cee578a6cabbccc77f277442137f9617463,0
fbneo/fbneo/citycon.hi,246,aaeff014497530a5d6bc84f0a41fa685c1e1ef9756865467a2126f4ed367c0d6,0
fbneo/fbneo/ckong.hi,173,86bc147941c0232d94e7f81e717fb0182837a2aca24bdcf43cee04fbae124cd7,0
fbneo/fbneo/ckongg.hi,173,c87e322a551b426ee1b3bfa456c1bc1b48c6d73d8f2f2b6ddda1907010257263,0
fbneo/fbneo/ckongmc.hi,173,c87e322a551b426ee1b3bfa456c1bc1b48c6d73d8f2f2b6ddda1907010257263,0
fbneo/fbneo/ckongpt2.hi,173,86bc147941c0232d94e7f81e717fb0182837a2aca24bdcf43cee04fbae124cd7,0
fbneo/fbneo/ckongpt2a.hi,173,86bc147941c0232d94e7f81e717fb0182837a2aca24bdcf43cee04fbae124cd7,0
fbneo/fbneo/ckongpt2b.hi,173,86bc147941c0232d94e7f81e717fb0182837a2aca24bdcf43cee04fbae124cd7,0
fbneo/fbneo/ckongpt2b2.hi,173,86bc147941c0232d94e7f81e717fb0182837a2aca24bdcf43cee04fbae124cd7,0
fbneo/fbneo/ckongpt2j.hi,173,86bc147941c0232d94e7f81e717fb0182837a2aca24bdcf43cee04fbae124cd7,0
fbneo/fbneo/ckongpt2jeu.hi,173,86bc147941c0232d94e7f81e717fb0182837a2aca24bdcf43cee04fbae124cd7,0
fbneo/fbneo/ckongs.hi,173,c87e322a551b426ee1b3bfa456c1bc1b48c6d73d8f2f2b6ddda1907010257263,0
fbneo/fbneo/cloak.hi,160,041ef503366b5d7626e107da9b3b44f8005fb6621ec160ea4616eb8d8689aadb,0
fbneo/fbneo/cloakfr.hi,160,041ef503366b5d7626e107da9b3b44f8005fb6621ec160ea4616eb8d8689aadb,0
fbneo/fbneo/cloakgr.hi,160,041ef503366b5d7626e107da9b3b44f8005fb6621ec160ea4616eb8d8689aadb,0
fbneo/fbneo/cloaksp.hi,160,041ef503366b5d7626e107da9b3b44f8005fb6621ec160ea4616eb8d8689aadb,0
fbneo/fbneo/clshroads.hi,61,196729e9e1e51b740ee5079a2d93dd30d474b939c3c0a9bbff67cd1d85b122b0,0
fbneo/fbneo/cobracom.hi,33,c10384a36dc7a6cfd63566a7699a692beb942658156961b24985c918c8e450a1,0
fbneo/fbneo/columns.hi,144,ccc3c8a5f5ad44fe0041ea63fcbca738425621d9ad173af4808c3e95f1f22f3b,0
fbneo/fbneo/columnsj.hi,144,ccc3c8a5f5ad44fe0041ea63fcbca738425621d9ad173af4808c3e95f1f22f3b,0
fbneo/fbneo/commando.hi,94,b381d382892f2a1ee59d9c1c269884176c9d6f24f9e958e39190c00a139202b5,0
fbneo/fbneo/commandob.hi,94,b381d382892f2a1ee59d9c1c269884176c9d6f24f9e958e39190c00a139202b5,0
fbneo/fbneo/commandob2.hi,94,b381d382892f2a1ee59d9c1c269884176c9d6f24f9e958e39190c00a139202b5,0
fbneo/fbneo/commandob3.hi,94,b381d382892f2a1ee59d9c1c269884176c9d6f24f9e958e39190c00a139202b5,0
fbneo/fbneo/commandoj.hi,94,b381d382892f2a1ee59d9c1c269884176c9d6f24f9e958e39190c00a139202b5,0
fbneo/fbneo/commandou.hi,94,b381d382892f2a1ee59d9c1c269884176c9d6f24f9e958e39190c00a139202b5,0
fbneo/fbneo/commandou2.hi,94,b381d382892f2a1ee59d9c1c269884176c9d6f24f9e958e39190c00a139202b5,0
fbneo/fbneo/commsega.hi,6,b0f66adc83641586656866813fd9dd0b8ebb63796075661ba45d1aa8089e1d44,1
fbneo/fbneo/condorn.hi,9,9642525e5f12bbf77286357ddeb6845e7d70cc92f2c8c566446caf1419cb9844,0
fbneo/fbneo/congo.hi,129,70111052d2329d10a0896759924e4f6d090e617d02a4f935eef9673c8a0da47f,0
fbneo/fbneo/congoa.hi,129,70111052d2329d10a0896759924e4f6d090e617d02a4f935eef9673c8a0da47f,0
fbneo/fbneo/contcirc.hi,604,5f0ff627083db18b25627c2b5fd325c02574d752eb7b17ca25483fb75d478a12,0
fbneo/fbneo/contra.hi,68,9080d4ad09a92a5f9db9c118b4d694b005c31a0539ce3eba26bc49206610fb84,0
fbneo/fbneo/contra1.hi,68,9080d4ad09a92a5f9db9c118b4d694b005c31a0539ce3eba26bc49206610fb84,0
fbneo/fbneo/contrab.hi,68,9080d4ad09a92a5f9db9c118b4d694b005c31a0539ce3eba26bc49206610fb84,0
fbneo/fbneo/contrabj.hi,68,9080d4ad09a92a5f9db9c118b4d694b005c31a0539ce3eba26bc49206610fb84,0
fbneo/fbneo/contrabj1.hi,68,9080d4ad09a92a5f9db9c118b4d694b005c31a0539ce3eba26bc49206610fb84,0
fbneo/fbneo/contrae.hi,68,9080d4ad09a92a5f9db9c118b4d694b005c31a0539ce3eba26bc49206610fb84,0
fbneo/fbneo/contraj.hi,68,9080d4ad09a92a5f9db9c118b4d694b005c31a0539ce3eba26bc49206610fb84,0
fbneo/fbneo/contraj1.hi,68,9080d4ad09a92a5f9db9c118b4d694b005c31a0539ce3eba26bc49206610fb84,0
fbneo/fbneo/cookbib.hi,170,a22af2030bff23d6aa88762b19ec68484c795a17329fea46641b424aeea7ba93,0
fbneo/fbneo/cookbib2.hi,41,53f04473cd2a11cad8decd523305e7752e1aa7aa6907b0ea49753e2757100af9,0
fbneo/fbneo/cop01.hi,40,c01fafe9d7c061749aa0ff6411f68ca7a02e6e64de274a9cc8c1baa848f7930f,0
fbneo/fbneo/cosmccop.hi,173,a3804cf0855fe6b14960dba6d5bbd5483de25b142a477492326c1810683e9ba6,0
fbneo/fbneo/cotton.hi,53,57df520a3f390c41f02f34c6d98692f4f53dcfdfcedec1a1c914c9d9c4aecd5a,0
fbneo/fbneo/cottong.hi,123,a6d42ec5fe5bd8680ebc519691e8d76d752e92e3e94ae8fa0ab505475466cbf3,0
fbneo/fbneo/countrunb.hi,295,e1bff54ecb8e8c65bf24dd9bc421fe7c4c952ef0755a276359f5dbfdbe03a238,0
fbneo/fbneo/crimec.hi,1203,3a81b0d163121b5ba8e1b7987b5ca3c6482bfa00cacf355acb7b192f363665f3,0
fbneo/fbneo/crimfght.hi,70,6d92f261a72b6aedcd2019fd54b6e31aa29bc684f340b3514ee45475acae0719,0
fbneo/fbneo/crockman.hi,11,62a79ef7b9a169cbcbb37b394f7e93db8fa3f7629bdda2c456a139c8e080bb89,0
fbneo/fbneo/crockmnf.hi,11,62a79ef7b9a169cbcbb37b394f7e93db8fa3f7629bdda2c456a139c8e080bb89,0
fbneo/fbneo/croquis.hi,40,7a2bca29d7429f0304437d155cfd6e2cad9a780421e4214569a271e0d219538d,0
fbneo/fbneo/crshrace.hi,128,af7919150d2c7e55d3cb91fa36504be4e800351cc260af9309f247f2085f7737,0
fbneo/fbneo/crshrace2.hi,128,af7919150d2c7e55d3cb91fa36504be4e800351cc260af9309f247f2085f7737,0
fbneo/fbneo/crush.hi,33,f25e91ccb7683b11bb8bb1b9e01215b0c17d09d18ad76b6053251eb07458388f,0
fbneo/fbneo/csclub.hi,300,7456d6ae805c3083fc478a78ebdf4dad96a5dcf3467536f898415d1b99259b22,0
fbneo/fbneo/csilver.hi,64,c8b9e6acb00f5b32f776f5466510630a94829c965d35074e9d1620162e8b51df,0
fbneo/fbneo/ctrpllrp.hi,11,62a79ef7b9a169cbcbb37b394f7e93db8fa3f7629bdda2c456a139c8e080bb89,0
fbneo/fbneo/cubybop.hi,40,60e59bc424cf1de68bfa5efe304f4ba4348df070a7b7d76c9671cabb61974ef6,0
fbneo/fbneo/cutieq.hi,12,e8278caab34ccf6f0da26a96e715425a11bdea6d7ea358a2d48d86878f940623,0
fbneo/fbneo/cworld2j.hi,160,e85389ba533ec393be94e59abd389f63c967a94434be01b71b36ddc03589fd3f,0
fbneo/fbneo/cybattlr.hi,237,7ee0957fc58fabeb5e4065ae65b57d0add257527b36a4279dbc152f8ba9db051,0
fbneo/fbneo/cyberlip.hi,80,1ebe3a3d152af776b4aa45463dd8472a9040cc97cc662b25beb51234bd0947f6,0
fbneo/fbneo/cybots.hi,80,13728a5aa8894265f9da227042b7f7300be256c75c3f54e6722250fb22436088,0
fbneo/fbneo/dacholer.hi,38,f3ebc1c48342356595a1d8dda12efdc8811689fc2b96ac8372be3218cc0f681f,0
fbneo/fbneo/daimakai.hi,125,e707c48e533f4e0c03f3d50cf0f652d2c3a365de7f87f7992f8ae1cd27602a3b,0
fbneo/fbneo/daimakair.hi,125,e707c48e533f4e0c03f3d50cf0f652d2c3a365de7f87f7992f8ae1cd27602a3b,0
fbneo/fbneo/daioh.hi,164,9c5e44377eb25dcc08a0d0135ee2fd747bdebf2fb823409c2679668858d7d499,0
fbneo/fbneo/daioha.hi,164,9c5e44377eb25dcc08a0d0135ee2fd747bdebf2fb823409c2679668858d7d499,0
fbneo/fbneo/daitorid.hi,80,970e0d98e35e4410698be8ceef3d011eeba35d19633a724f9828ea189ebaa3ac,0
fbneo/fbneo/dangar.hi,133,4010101753df37229c732bbbe7d3d2464da20aae8340261040125a1a8c6b5669,0
fbneo/fbneo/dangseed.hi,164,4c426d5b9b07235d4d37f64d8b452f61301bcfbe98fbd02a4591294fcda90efa,0
fbneo/fbneo/darius.hi,1833,85a5a9b62d8f5e82f89514d9b0589609653c9de246a9dc6b3e65cabdd806d6bd,0
fbneo/fbneo/darius2.hi,1099,549cb04766dd9f74b784486ca3e13c88bc7091ab569e8f83eca83fd6520268b3,0
fbneo/fbneo/darius2d.hi,1099,549cb04766dd9f74b784486ca3e13c88bc7091ab569e8f83eca83fd6520268b3,0
fbneo/fbneo/darius2do.hi,1099,549cb04766dd9f74b784486ca3e13c88bc7091ab569e8f83eca83fd6520268b3,0
fbneo/fbneo/dariuse.hi,1833,f8940fecce6085d453f249331b7796c220f2bebda273d29200fa6b85edc4e038,0
fbneo/fbneo/dariusg.hi,57,65a16cb7861335d5ace3c60718b5052e44660726da4cd13bb745381b235a1785,1
fbneo/fbneo/dariusgj.hi,57,65a16cb7861335d5ace3c60718b5052e44660726da4cd13bb745381b235a1785,1
fbneo/fbneo/dariusgu.hi,57,65a16cb7861335d5ace3c60718b5052e44660726da4cd13bb745381b235a1785,1
fbneo/fbneo/dariusgx.hi,57,65a16cb7861335d5ace3c60718b5052e44660726da4cd13bb745381b235a1785,1
fbneo/fbneo/dariusj.hi,1834,6b227588cce3efe0f01e05dda487ca1f3c342d9dfbdb5270c27ae0ac1c5ad3d0,0
fbneo/fbneo/dariuso.hi,1834,6b227588cce3efe0f01e05dda487ca1f3c342d9dfbdb5270c27ae0ac1c5ad3d0,0
fbneo/fbneo/dariusu.hi,1833,85a5a9b62d8f5e82f89514d9b0589609653c9de246a9dc6b3e65cabdd806d6bd,0
fbneo/fbneo/darkmist.hi,140,339794476f1c41876c506431293fc7b53caf208b4e322ec958ba2b1467a8867a,0
fbneo/fbneo/darkplnt.hi,60,bf3d7fbb44332bdc5dd27209eed74822f8e4e2df5993b986612da01384e42e6c,0
fbneo/fbneo/darkseal.hi,55,a52ce8fa7c3531c7c6cbcbb70edeb65ca6d916de1dc62792b61c552618522001,0
fbneo/fbneo/darktowr.hi,156,9d1f634b172ef0c0204a02644be3f8bd109bed531742c0bf77a606f2094dc4b4,0
fbneo/fbneo/darwin.hi,25,4dd577eb8f4a5eec780e000af2a28f2aa5f23810c5f5f86fb1f154c5368989df,0
fbneo/fbneo/dassault4.hi,30,c70faaa43d1bdc1368cef27c0e2c4ebc17461c61afa7cc5621a1db32a691e253,0
fbneo/fbneo/dbldynj.hi,140,ea04d5c1e9c18f1dafed8bba2c452acef43b501366ae58d1f269c91d6966fd7d,0
fbneo/fbneo/dblewing.hi,250,e79f24f1a90fb767b67da03b2e8cbf585f2927e4deb80ff0ac8a87ca4dc089c7,0
fbneo/fbneo/dbz.hi,88,489fde90b1855c745863feb8fb8a255f6a2f2595ff4ff440458181c0575281e9,0
fbneo/fbneo/dbz2.hi,4,bc3817c13bc4e6f192a840895fa937d252db153efb89bb14a6c2ddf1f9c55409,0
fbneo/fbneo/dcon.hi,100,d0a1350d0f7425a40d4ff632c0961798ace53940dec577a671af90411502d8cc,0
fbneo/fbneo/ddonpach.hi,104,135f2548292e7b8ba54a6ed4a35de2f70c92e0cd7cfb4d3ab5249fbffe312a96,0
fbneo/fbneo/ddp3.hi,140,a04f493f9016104d5a7fba822e41378c624655fb19b76e60a31b35068cccfff2,0
fbneo/fbneo/ddpdoj.hi,140,a04f493f9016104d5a7fba822e41378c624655fb19b76e60a31b35068cccfff2,0
fbneo/fbneo/ddpdoja.hi,140,a04f493f9016104d5a7fba822e41378c624655fb19b76e60a31b35068cccfff2,0
fbneo/fbneo/ddpdojb.hi,140,a04f493f9016104d5a7fba822e41378c624655fb19b76e60a31b35068cccfff2,0
fbneo/fbneo/ddragon.hi,33,4fb2d24502249139b589ad590225ef3b1479a8f009624fe9585644ba565ed288,0
fbneo/fbneo/ddragon2.hi,33,2a5692e8d657ff838cf145b3bd03f38c02985f63b428f6df3978a6800a29c7aa,0
fbneo/fbneo/ddragon2u.hi,33,2a5692e8d657ff838cf145b3bd03f38c02985f63b428f6df3978a6800a29c7aa,0
fbneo/fbneo/ddragonb.hi,33,4fb2d24502249139b589ad590225ef3b1479a8f009624fe9585644ba565ed288,0
fbneo/fbneo/ddragonba.hi,33,4fb2d24502249139b589ad590225ef3b1479a8f009624fe9585644ba565ed288,0
fbneo/fbneo/ddragonu.hi,33,4fb2d24502249139b589ad590225ef3b1479a8f009624fe9585644ba565ed288,0
fbneo/fbneo/ddragonua.hi,33,4fb2d24502249139b589ad590225ef3b1479a8f009624fe9585644ba565ed288,0
fbneo/fbneo/ddragonub.hi,33,4fb2d24502249139b589ad590225ef3b1479a8f009624fe9585644ba565ed288,0
fbneo/fbneo/ddragonw.hi,33,4fb2d24502249139b589ad590225ef3b1479a8f009624fe9585644ba565ed288,0
fbneo/fbneo/ddragonw1.hi,33,4fb2d24502249139b589ad590225ef3b1479a8f009624fe9585644ba565ed288,0
fbneo/fbneo/ddribblep.hi,112,492992b44625f65ed28767ab995618fe6e24d390e33f9e61880068df9408da9d,0
fbneo/fbneo/ddsom.hi,139,827e74af96d3abc06868f83d95f0033760a3c6ddb246ec1ac429c1ce2fb8a3ae,0
fbneo/fbneo/ddsoma.hi,139,827e74af96d3abc06868f83d95f0033760a3c6ddb246ec1ac429c1ce2fb8a3ae,0
fbneo/fbneo/ddsomar1.hi,139,827e74af96d3abc06868f83d95f0033760a3c6ddb246ec1ac429c1ce2fb8a3ae,0
fbneo/fbneo/ddsomh.hi,139,827e74af96d3abc06868f83d95f0033760a3c6ddb246ec1ac429c1ce2fb8a3ae,0
fbneo/fbneo/ddsomj.hi,139,5686e6c67d8dc3c19c72961b33ab3d34fd78a175a53a010f8cdf4a9c77dc683a,0
fbneo/fbneo/ddsomjr1.hi,139,5686e6c67d8dc3c19c72961b33ab3d34fd78a175a53a010f8cdf4a9c77dc683a,0
fbneo/fbneo/ddsomjr2.hi,139,5686e6c67d8dc3c19c72961b33ab3d34fd78a175a53a010f8cdf4a9c77dc683a,0
fbneo/fbneo/ddsomr1.hi,139,827e74af96d3abc06868f83d95f0033760a3c6ddb246ec1ac429c1ce2fb8a3ae,0
fbneo/fbneo/ddsomr2.hi,139,827e74af96d3abc06868f83d95f0033760a3c6ddb246ec1ac429c1ce2fb8a3ae,0
fbneo/fbneo/ddsomr3.hi,139,827e74af96d3abc06868f83d95f0033760a3c6ddb246ec1ac429c1ce2fb8a3ae,0
fbneo/fbneo/ddsomu.hi,139,827e74af96d3abc06868f83d95f0033760a3c6ddb246ec1ac429c1ce2fb8a3ae,0
fbneo/fbneo/ddsomur1.hi,139,827e74af96d3abc06868f83d95f0033760a3c6ddb246ec1ac429c1ce2fb8a3ae,0
fbneo/fbneo/ddtod.hi,477,c7f5133be1718cbb1d6dd545994f13deef55e9528284f27a6feff4393b04b277,0
fbneo/fbneo/ddtoda.hi,477,c7f5133be1718cbb1d6dd545994f13deef55e9528284f27a6feff4393b04b277,0
fbneo/fbneo/ddtodar1.hi,477,c7f5133be1718cbb1d6dd545994f13deef55e9528284f27a6feff4393b04b277,0
fbneo/fbneo/ddtodh.hi,477,c7f5133be1718cbb1d6dd545994f13deef55e9528284f27a6feff4393b04b277,0
fbneo/fbneo/ddtodhr1.hi,477,c7f5133be1718cbb1d6dd545994f13deef55e9528284f27a6feff4393b04b277,0
fbneo/fbneo/ddtodhr2.hi,477,c7f5133be1718cbb1d6dd545994f13deef55e9528284f27a6feff4393b04b277,0
fbneo/fbneo/ddtodj.hi,477,22bc680db9c9d20e4d67b2733179fd1c79ec6dc9f8f2c655a0ee68fc86b14ef7,0
fbneo/fbneo/ddtodjr1.hi,477,22bc680db9c9d20e4d67b2733179fd1c79ec6dc9f8f2c655a0ee68fc86b14ef7,0
fbneo/fbneo/ddtodjr2.hi,477,22bc680db9c9d20e4d67b2733179fd1c79ec6dc9f8f2c655a0ee68fc86b14ef7,0
fbneo/fbneo/ddtodr1.hi,477,c7f5133be1718cbb1d6dd545994f13deef55e9528284f27a6feff4393b04b277,0
fbneo/fbneo/ddtodu.hi,477,c7f5133be1718cbb1d6dd545994f13deef55e9528284f27a6feff4393b04b277,0
fbneo/fbneo/ddtodur1.hi,477,c7f5133be1718cbb1d6dd545994f13deef55e9528284f27a6feff4393b04b277,0
fbneo/fbneo/ddux.hi,153,23995f3c0af0166eaabc055563c46522d20deb5dfe4bbd3edb290d7d49bd16d4,0
fbneo/fbneo/dduxj.hi,153,327e43dd82da5c59d7ef84dda7ef79d9fc220a1afc36fbf9fb90333d52b72311,0
fbneo/fbneo/deltrace.hi,127,5e6cc0d778f0070f68fe285062878f1c05c5278dc37ec165dcd50521b8bffef2,0
fbneo/fbneo/demonwld.hi,204,a6fd29306fa8e54da3591a4170a03e8e4c24d558c66b463b656c5bc9ef094701,0
fbneo/fbneo/demonwld1.hi,204,a6fd29306fa8e54da3591a4170a03e8e4c24d558c66b463b656c5bc9ef094701,0
fbneo/fbneo/demonwld2.hi,204,a6fd29306fa8e54da3591a4170a03e8e4c24d558c66b463b656c5bc9ef094701,0
fbneo/fbneo/demonwld3.hi,204,a6fd29306fa8e54da3591a4170a03e8e4c24d558c66b463b656c5bc9ef094701,0
fbneo/fbneo/demonwld4.hi,204,a6fd29306fa8e54da3591a4170a03e8e4c24d558c66b463b656c5bc9ef094701,0
fbneo/fbneo/desertbr.hi,17,6dc8b0c336d6f423d254f3d5fbebf79bb3d4ea82aa27273c1ff541f6144378ae,0
fbneo/fbneo/devilfsh.hi,3,709e80c88487a2411e1ee4dfb9f22a861492d20c4765150c0c794abd70f8147c,1
fbneo/fbneo/devilfshg.hi,3,709e80c88487a2411e1ee4dfb9f22a861492d20c4765150c0c794abd70f8147c,1
fbneo/fbneo/devstors.hi,46,840499e5c4ef7ff140c6dbd44cf175366037c6aeed80b4c8b8c5b7472af58607,0
fbneo/fbneo/dharma.hi,75,675b5ad6435337b61db842b0411aa7a161bcce5ce25670e8a3075b51c113a0c4,0
fbneo/fbneo/diamond.hi,128,b5ab0f3cea0cf91220d72a3d5190aa7d49f2440ddff3efe44a7d71dbf139d6d6,0
fbneo/fbneo/dietgo.hi,244,c07d39d2a701635ae7afbfc61dc42a25920b3d95857b308fa3da9df02a8ebdc1,0
fbneo/fbneo/dietgou.hi,244,c07d39d2a701635ae7afbfc61dc42a25920b3d95857b308fa3da9df02a8ebdc1,0
fbneo/fbneo/digdug2.hi,90,dd9ab0b6de80e806b4fb81d567e9e18373065b13d3c22e0d79dd099b93c65b97,0
fbneo/fbneo/digdug2o.hi,90,dd9ab0b6de80e806b4fb81d567e9e18373065b13d3c22e0d79dd099b93c65b97,0
fbneo/fbneo/dimahoo.hi,60,7e3a8ee3ddb7c8a49be4ef181a735d1e2573e3e5b0b7dfd6f4ee351e0541a6c3,0
fbneo/fbneo/dimahoou.hi,60,7e3a8ee3ddb7c8a49be4ef181a735d1e2573e3e5b0b7dfd6f4ee351e0541a6c3,0
fbneo/fbneo/dingo.hi,49,78877fa898f0b4c45c9c33ae941e40617ad7c8657a307db62bc5691f92f4f60e,1
fbneo/fbneo/dino.hi,800,88cf797de2add42bf4600536a160cce364f7868548690a07e056bbd8eab7ea7f,0
fbneo/fbneo/dinoa.hi,800,88cf797de2add42bf4600536a160cce364f7868548690a07e056bbd8eab7ea7f,0
fbneo/fbneo/dinohunt.hi,800,88cf797de2add42bf4600536a160cce364f7868548690a07e056bbd8eab7ea7f,0
fbneo/fbneo/dinoj.hi,800,88cf797de2add42bf4600536a160cce364f7868548690a07e056bbd8eab7ea7f,0
fbneo/fbneo/dinorex.hi,144,931bb12ebc0b79e1bae9464086867d6b4a87755526648615be91485b16ac2c87,0
fbneo/fbneo/dinorexj.hi,144,931bb12ebc0b79e1bae9464086867d6b4a87755526648615be91485b16ac2c87,0
fbneo/fbneo/dinorexu.hi,144,931bb12ebc0b79e1bae9464086867d6b4a87755526648615be91485b16ac2c87,0
fbneo/fbneo/dinou.hi,800,88cf797de2add42bf4600536a160cce364f7868548690a07e056bbd8eab7ea7f,0
fbneo/fbneo/disco.hi,39,94c11ed3c3c73016adb92416352678e169cbe47bb48bc27e5e9d466115b06252,1
fbneo/fbneo/discoboyp.hi,128,7c79ce39775ac9a4c5338d26d0fa156f1c57b94907867e080ba269412dbc4523,0
fbneo/fbneo/diverboy.hi,177,3f6519734243e77cdac980b950dd330fc9c61086c568d8479ecde6fa5d1335a2,0
fbneo/fbneo/djboy.hi,45,f45489cfe6908470d5001eb8641b27ff39636d77a5cd56688691c572a5512df6,0
fbneo/fbneo/dkingjr.hi,168,aff416afd242310bdf76f9a49b658a2a84de518820839f0451aadab0137456be,0
fbneo/fbneo/dkong.hi,179,7fdcee189fd2715378181018d37ff1aebe3c9eb1b7dee7ff861a603428acd107,0
fbneo/fbneo/dkong3.hi,241,542ecf25551f2dd3d312961c3bafcaf62352f91f9ba7150a55b6f68474c5a965,0
fbneo/fbneo/dkong3b.hi,241,07a432a9c6d7993413f387b6f2f825e16ad9d50fe0ab3a58b3cf0de7c0093bb1,0
fbneo/fbneo/dkong3j.hi,241,542ecf25551f2dd3d312961c3bafcaf62352f91f9ba7150a55b6f68474c5a965,0
fbneo/fbneo/dkongf.hi,179,7fdcee189fd2715378181018d37ff1aebe3c9eb1b7dee7ff861a603428acd107,0
fbneo/fbneo/dkonghrd.hi,179,7fdcee189fd2715378181018d37ff1aebe3c9eb1b7dee7ff861a603428acd107,0
fbneo/fbneo/dkongj.hi,179,7fdcee189fd2715378181018d37ff1aebe3c9eb1b7dee7ff861a603428acd107,0
fbneo/fbneo/dkongjnrj.hi,168,5a301a09b440e333fa75c5309d5bbb46ab9c80952e24b3da80f544ba5129b962,0
fbneo/fbneo/dkongjo.hi,179,7fdcee189fd2715378181018d37ff1aebe3c9eb1b7dee7ff861a603428acd107,0
fbneo/fbneo/dkongjo1.hi,179,7fdcee189fd2715378181018d37ff1aebe3c9eb1b7dee7ff861a603428acd107,0
fbneo/fbneo/dkongjr.hi,168,5a301a09b440e333fa75c5309d5bbb46ab9c80952e24b3da80f544ba5129b962,0
fbneo/fbneo/dkongjr2.hi,168,5a301a09b440e333fa75c5309d5bbb46ab9c80952e24b3da80f544ba5129b962,0
fbneo/fbneo/dkongjrb.hi,168,028d79bd213a291d24d85dc4d44a1751e8bd3358941f5219e32ae468ec113ee0,0
fbneo/fbneo/dkongjrj.hi,168,aff416afd242310bdf76f9a49b658a2a84de518820839f0451aadab0137456be,0
fbneo/fbneo/dkongjrm.hi,168,60f4d9fcdbd56e1d90d5e382f0bd8b0f84ef6eeedaacab43abe331e98a072fec,0
fbneo/fbneo/dkongo.hi,179,7fdcee189fd2715378181018d37ff1aebe3c9eb1b7dee7ff861a603428acd107,0
fbneo/fbneo/dkongpe.hi,179,7fdcee189fd2715378181018d37ff1aebe3c9eb1b7dee7ff861a603428acd107,0
fbneo/fbneo/dland.hi,86,a3bd92d70fba61c02fa399051e8b289e83917cd7f9a42260dcfb5d58492edeee,0
fbneo/fbneo/docastle.hi,80,42f9fd8c7eec8fb6e889b3ef12a10b82bdc2231e6aabf6fdf81241c5b7b205d7,0
fbneo/fbneo/docastle2.hi,80,42f9fd8c7eec8fb6e889b3ef12a10b82bdc2231e6aabf6fdf81241c5b7b205d7,0
fbneo/fbneo/docastleo.hi,80,42f9fd8c7eec8fb6e889b3ef12a10b82bdc2231e6aabf6fdf81241c5b7b205d7,0
fbneo/fbneo/dockman.hi,13,060fc25bf56bf9fedaf7c6f1597c454d0f23fab7ac59911029b1b230b57a9fac,0
fbneo/fbneo/dodgeman.hi,37,ab24a95f44ceca5d2aed4b6d056adddd8539f44c6cd6ca506534e830c82ea8a8,1
fbneo/fbneo/dogfgt.hi,80,c1ec1d0890f1f33b898f3c2ddd08b5f83eac1760c80a390b21e2cbba3decdbfb,0
fbneo/fbneo/dogfgtj.hi,80,c1ec1d0890f1f33b898f3c2ddd08b5f83eac1760c80a390b21e2cbba3decdbfb,0
fbneo/fbneo/dogfgtu.hi,80,c1ec1d0890f1f33b898f3c2ddd08b5f83eac1760c80a390b21e2cbba3decdbfb,0
fbneo/fbneo/dogfight.hi,137,6bc90bec6fffaf653ed5cf2b7146a769e7c155a0e3dc71c8f8e3e026e334d8c8,0
fbneo/fbneo/dogosokb.hi,83,2b3385b3b782e1e306fe76dcd6eda736e986b11f28e06a26e8ff2dc962bfd507,0
fbneo/fbneo/dogosoke.hi,83,2b3385b3b782e1e306fe76dcd6eda736e986b11f28e06a26e8ff2dc962bfd507,0
fbneo/fbneo/dolmen.hi,76,8e37a1616857161b945dc9b3b62325b54d5d80a6981427fe820ae094bb274e00,0
fbneo/fbneo/dommy.hi,3,a73241c2113df38521766eb521481c0ae009356d4a20c731094288068ca72e0d,0
fbneo/fbneo/dondokod.hi,40,3ec34d364b9bfd8550d03f5535dc719650743e7e450412f3ddeefa7f45c4e0d0,0
fbneo/fbneo/dondokodj.hi,40,3ec34d364b9bfd8550d03f5535dc719650743e7e450412f3ddeefa7f45c4e0d0,0
fbneo/fbneo/dondokodu.hi,40,3ec34d364b9bfd8550d03f5535dc719650743e7e450412f3ddeefa7f45c4e0d0,0
fbneo/fbneo/dorodon.hi,97,fe22da6326305dd07b7f6360d40fb3d09d73a6f206dd19fc54db121c14fd6ec5,0
fbneo/fbneo/dorunrun.hi,400,768ecd727f097418c257f1f0551e1a54d028e252ecdf7e083b5850fc00ede36c,0
fbneo/fbneo/dorunrun2.hi,400,768ecd727f097418c257f1f0551e1a54d028e252ecdf7e083b5850fc00ede36c,0
fbneo/fbneo/dorunrunc.hi,400,768ecd727f097418c257f1f0551e1a54d028e252ecdf7e083b5850fc00ede36c,0
fbneo/fbneo/dorunrunca.hi,400,768ecd727f097418c257f1f0551e1a54d028e252ecdf7e083b5850fc00ede36c,0
fbneo/fbneo/douni.hi,80,42f9fd8c7eec8fb6e889b3ef12a10b82bdc2231e6aabf6fdf81241c5b7b205d7,0
fbneo/fbneo/dowild.hi,80,42f9fd8c7eec8fb6e889b3ef12a10b82bdc2231e6aabf6fdf81241c5b7b205d7,0
fbneo/fbneo/dragnblz.hi,298,a1eb8da0df01c83d5daca1645905afaab64c80e40ffa35c600819aa4100df65f,0
fbneo/fbneo/drakton.hi,281,58422111df23ff7944dfe76edc3efa17b2339ac03ef889c2fd9c2101131bcb01,0
fbneo/fbneo/dremshpr.hi,247,7ea0b7d0dbbcaa132600f809250b80949b39156ec1f96e5413379732edcd4b57,0
fbneo/fbneo/drgnbstr.hi,12,f7797df9fe802105dc877ccd3a7104cf7a87b419ea1fd29373f38e2be9d65560,0
fbneo/fbneo/drgninja.hi,164,dbca9a356bcab21e44802e3b03a866af2320fcf557e55b2229f84bc49cfd47ad,0
fbneo/fbneo/drgninjab.hi,164,dbca9a356bcab21e44802e3b03a866af2320fcf557e55b2229f84bc49cfd47ad,0
fbneo/fbneo/drgnmst.hi,112,8d82e00c1179524c77540f2b4928379d34820f4c42ae4fab21878a595b4ad7de,0
fbneo/fbneo/drgnunit.hi,80,3b7b91e26a05ec4e1b7dc34c7fb625dc8975c299a5e4ab5014629458544a62ec,0
fbneo/fbneo/drgw2.hi,70,d6f5cac27f41d517acba86803a84bdd3375a6e7c5373f9bbf07d8c89f52290f0,0
fbneo/fbneo/drivfrcp.hi,74,e44322a63c72ced9f22a43b4419a3555114547bc2824bf5fdff43039e300f69a,0
fbneo/fbneo/drmicro.hi,277,5cdcd733b8b630509bac08589db291ddbde33d79f64664cb9582e66589555257,1
fbneo/fbneo/drtomy.hi,192,d331d6ba9a82bf00e6bb4f200837e6091595d4f17ab6060f2211053e8f7b8769,0
fbneo/fbneo/drtoppel.hi,38,b25220e3f87452676a17f338816d8b6ffa33d957fc8fe3ca1377acfc4955a7ec,0
fbneo/fbneo/drtoppelj.hi,38,b25220e3f87452676a17f338816d8b6ffa33d957fc8fe3ca1377acfc4955a7ec,0
fbneo/fbneo/drtoppelu.hi,38,b25220e3f87452676a17f338816d8b6ffa33d957fc8fe3ca1377acfc4955a7ec,0
fbneo/fbneo/dsoccr94.hi,128,d0895e2bbd2c240131e7b923647e426f849bf4ae6f37952d314efb9a143c0fcc,0
fbneo/fbneo/dspirit.hi,53,c03462637837b06f92f658ef352bf340947af6990089f0b07d8345519846155d,0
fbneo/fbneo/dspirit1.hi,53,c03462637837b06f92f658ef352bf340947af6990089f0b07d8345519846155d,0
fbneo/fbneo/dspirit2.hi,53,c03462637837b06f92f658ef352bf340947af6990089f0b07d8345519846155d,0
fbneo/fbneo/dstlk.hi,64,5457021f61f73a2b16f89aeb5c963f33d639eedf7c0d59bf5c07403d480fd447,0
fbneo/fbneo/dstlkur1.hi,64,5457021f61f73a2b16f89aeb5c963f33d639eedf7c0d59bf5c07403d480fd447,0
fbneo/fbneo/dunkshot.hi,2164,c56889d6780799fb4a0ef9eec2a9b18f24180427a5ce1421ddb7ac6d1e05b418,0
fbneo/fbneo/dunkshota.hi,2164,c56889d6780799fb4a0ef9eec2a9b18f24180427a5ce1421ddb7ac6d1e05b418,0
fbneo/fbneo/dyger.hi,37,8e5c5596fa813228c15da0fd90a0b520c9f9d75081c06aa11a7cf479cf114c37,0
fbneo/fbneo/dygera.hi,37,8e5c5596fa813228c15da0fd90a0b520c9f9d75081c06aa11a7cf479cf114c37,0
fbneo/fbneo/dynablst.hi,146,0ba181703e983ae1e7955de817aede9583f659465b823c19a5c9a24b86c83a7f,0
fbneo/fbneo/dynagear.hi,45,27d00566b0718f5fa19c94f03fd78806debb188f3c23142a2f205948c9cddb35,0
fbneo/fbneo/dynduke.hi,119,073712ad7299033c50c8832dde6e03dd8be53bb0886f724f4833664ca8c4a5f4,0
fbneo/fbneo/dynwar.hi,64,a09072c9438eee382f95d9f36cb7d21f6a8c260ed7dfe8e0e4e0797beff6bf81,0
fbneo/fbneo/eagle.hi,84,6754714191601a01e0d675147b1bf9909dddacf6ef222a1d69c334f2532386cb,0
fbneo/fbneo/eagle2.hi,84,6754714191601a01e0d675147b1bf9909dddacf6ef222a1d69c334f2532386cb,0
fbneo/fbneo/eagle3.hi,84,6754714191601a01e0d675147b1bf9909dddacf6ef222a1d69c334f2532386cb,0
fbneo/fbneo/eaglshot.hi,98,cdcb90e5a0b7b599e1968eae627f835bd150913d594a44201963cbe1637797d0,0
fbneo/fbneo/earthjkr.hi,47,d31920ec1586876e441bf7f31f6fd9ee8f35080fc2b7f480e3d26cac7eafc455,0
fbneo/fbneo/earthjkrb.hi,47,d31920ec1586876e441bf7f31f6fd9ee8f35080fc2b7f480e3d26cac7eafc455,0
fbneo/fbneo/ecofghtr.hi,164,680a377cbbcda4568b414e5bc082760a2fd190e1d04f06da0a68252c159af4d3,0
fbneo/fbneo/ecofghtrh.hi,164,680a377cbbcda4568b414e5bc082760a2fd190e1d04f06da0a68252c159af4d3,0
fbneo/fbneo/edf.hi,268,7ac85238e94f8de4613ca70b50adf400fb718a7609ab191ca45abb008dd2c4a5,0
fbneo/fbneo/egghunt.hi,113,1b05b3ae3033cc0614e13d5e51bf0d7c574bed62ae3a2c49cef78324de5fc0f4,0
fbneo/fbneo/eggor.hi,67,07df19304b32504915750717d0ab92aca9296b224ff826ba312b347dea4cccce,0
fbneo/fbneo/eggs.hi,33,1f3c306363258e670c9f6d56adfe00cc5701960e6a8a251e500574c1b4a8dd6e,0
fbneo/fbneo/eightfrc.hi,96,d1905d235fe62e85bde1dce696ba0ac35c102cfac6871569be7599ce043a137c,0
fbneo/fbneo/elevator.hi,3,cf7605ed1bc735f6c825554154627467e1cac9df54cee8699218ed434603c568,0
fbneo/fbneo/elevatora.hi,3,cf7605ed1bc735f6c825554154627467e1cac9df54cee8699218ed434603c568,0
fbneo/fbneo/elevatorb.hi,3,cf7605ed1bc735f6c825554154627467e1cac9df54cee8699218ed434603c568,0
fbneo/fbneo/elim2.hi,50,3d04232d5bbe08a2ad4c0e007c7417cd4d2f78605cde094e666b5d357626d95e,0
fbneo/fbneo/elim2a.hi,50,11312c6842e613c442166064d3b4aac6c5aaab01441a411419fae47eb3f99753,0
fbneo/fbneo/elim2c.hi,50,147ea221f06b71101ef3ae64ed68b8ab691cfd8ebe4aba3013677f54e0c8f60e,0
fbneo/fbneo/elim4.hi,50,147ea221f06b71101ef3ae64ed68b8ab691cfd8ebe4aba3013677f54e0c8f60e,0
fbneo/fbneo/elim4p.hi,50,147ea221f06b71101ef3ae64ed68b8ab691cfd8ebe4aba3013677f54e0c8f60e,0
fbneo/fbneo/enduror.hi,1200,ccaa31fab6baa8d6c35f7fb04c8db54db34941ef931cb7d4fd0d72b96f0a9103,0
fbneo/fbneo/enforce.hi,4,b6f54d6d00b160ef946114b90c9f61182f61e2fbc9eef90d11932a2c00633a0a,0
fbneo/fbneo/esb.hi,105,f1f26cd15c73df437cf32582461cafd481387a33454d57ce62099f324970dd1a,0
fbneo/fbneo/espgal.hi,129,041e37d2afc9f9eb3031ae41ccf1221c4ad2d077f47e565057bd223f56a960a4,0
fbneo/fbneo/espgal2b.hi,237,b5eef91c3b07c452c0b7b585d24847fd133dd0bbc7e1c3a57c82b85d284b2a9c,0
fbneo/fbneo/espial.hi,120,1ffcd5ae61e5b24b0a291a026205ba140b5e4fd1230e4fb949687b4eb776dc8e,0
fbneo/fbneo/espialu.hi,120,1ffcd5ae61e5b24b0a291a026205ba140b5e4fd1230e4fb949687b4eb776dc8e,0
fbneo/fbneo/eswat.hi,71,1dcfd868291cde87423e6fe05342b49029b69ea42e55e51f12f4f170b3d42008,0
fbneo/fbneo/eto.hi,48,80c4e8f49a4a5aa65a8b51e93c3b2eb643e70dec595cd22a56b1fed8668e3911,0
fbneo/fbneo/euroch92.hi,80,7941271d3daef7d1e2c2904007537ddb33711c67fd68fb3856b49772a3642068,0
fbneo/fbneo/evilston.hi,60,5f46ad69849e173860b9e83ccc1e27d0fa36945036dfa33201089719dac6bc01,0
fbneo/fbneo/excelsr.hi,179,227ed02570d6e453afc31ce31db8ce24b14c5f4ad52cef9645b936ca320a57e4,0
fbneo/fbneo/excthour.hi,83,3a3ac7a2341a1762faef6a391af48e7e3fb39089d02d39ca832e78bce67b1d65,0
fbneo/fbneo/exedexes.hi,88,573bbeeb8e2f8f9461786aa3eb8b5aa740ffd3a7e049d0009e7cf9ffc3493d55,0
fbneo/fbneo/exerionb.hi,240,2dfba633817046c7f559ed4b93076048435f7e1a90f14eb8035c04b9ebae2537,1
fbneo/fbneo/exeriont.hi,240,2dfba633817046c7f559ed4b93076048435f7e1a90f14eb8035c04b9ebae2537,1
fbneo/fbneo/explbrkr.hi,99,6a328c6e50b6734e18d0140fc343ce623a550a4d56d6d956e9b7e1351c6804a7,0
fbneo/fbneo/explorer.hi,33,0ea83642bc110068d897f09d4bb60e6263deebe4f8f60a09a4c3684b9d926723,0
fbneo/fbneo/exprraid.hi,80,d2991cdd2ab9c05c0aac2f65807552d9721971c426c1dd0e62a211660830b36d,0
fbneo/fbneo/exprraidi.hi,80,d2991cdd2ab9c05c0aac2f65807552d9721971c426c1dd0e62a211660830b36d,0
fbneo/fbneo/exprraidu.hi,83,92e2158a9734a1a716de4844e38098c60396d745506fcf0d9a6eeddf828a5e15,0
fbneo/fbneo/extdwnhl.hi,708,86909326c448c3bf602f8e32ece74a71aea700f02cceb8979f1b1685308540df,0
fbneo/fbneo/extrmatn.hi,43,31a27f1b9a55c280930a6f0403c61ff67d0f2463df75280e205a7323d7a12be0,0
fbneo/fbneo/extrmatnj.hi,43,31a27f1b9a55c280930a6f0403c61ff67d0f2463df75280e205a7323d7a12be0,0
fbneo/fbneo/extrmatnu.hi,43,31a27f1b9a55c280930a6f0403c61ff67d0f2463df75280e205a7323d7a12be0,0
fbneo/fbneo/exzisus.hi,60,b15c2c8ffc8c5bdf970f3e228ad63a967e4188a0563a1f639c1c1fdfc337d5ad,0
fbneo/fbneo/eyes.hi,66,6acb427c7b4894a6b21c076920715ac17fe111f8155400435fd3f27ea6c1b379,0
fbneo/fbneo/eyes2.hi,66,6acb427c7b4894a6b21c076920715ac17fe111f8155400435fd3f27ea6c1b379,0
fbneo/fbneo/eyesb.hi,66,6acb427c7b4894a6b21c076920715ac17fe111f8155400435fd3f27ea6c1b379,0
fbneo/fbneo/eyeszacb.hi,66,6acb427c7b4894a6b21c076920715ac17fe111f8155400435fd3f27ea6c1b379,0
fbneo/fbneo/f1dreamba.hi,191,4d317244a09a3b9113b4614959ddb8d810485762935fcffa64aa6a9031efb158,0
fbneo/fbneo/f1gp.hi,752,326ddded59bb571e6cf6e72ec06a39937a992e0cac0c9db1f45b77a9ac027b05,0
fbneo/fbneo/f1gp2.hi,813,30fb781e5e977b4b9da6b66aedd1e53d3d7d84355f8faea08fa6679af65b178c,0
fbneo/fbneo/falcon.hi,27,568144d9b92ae8a3c63f5a6becf40a562a1c998a329bd288d29c68120ca93fdb,0
fbneo/fbneo/falconz.hi,27,568144d9b92ae8a3c63f5a6becf40a562a1c998a329bd288d29c68120ca93fdb,0
fbneo/fbneo/fantasia.hi,99,659c5f8e143e37e67fe89e7eebf3c45f9d586897368249d7bc60285602d855db,0
fbneo/fbneo/fantastc.hi,27,0142713dc769f9d3e8ae5bf8b1c929ebc7f9215788ed41b28d787b0514c7974e,0
fbneo/fbneo/fantasyg.hi,51,d8f580c66ae9c0e5d35251c929abce59c9a546b4b3df38549b196fef1636f04c,0
fbneo/fbneo/fantasyg2.hi,51,d8f580c66ae9c0e5d35251c929abce59c9a546b4b3df38549b196fef1636f04c,0
fbneo/fbneo/fantasyj.hi,51,d8f580c66ae9c0e5d35251c929abce59c9a546b4b3df38549b196fef1636f04c,0
fbneo/fbneo/fantasyu.hi,51,d8f580c66ae9c0e5d35251c929abce59c9a546b4b3df38549b196fef1636f04c,0
fbneo/fbneo/fantazia.hi,84,796174cac4f2cd91fb00fef1f6f42a7665dc4b642ff042918b81aa66dac33dba,0
fbneo/fbneo/fantland.hi,40,e91e8d5ce77a046a2a68b85099e75d51a0cc6ce040e877a88523d2a66e3218c2,0
fbneo/fbneo/fantsia2.hi,100,8675e2864bbdee5c6f0231e65597f1599f9a4ba9a66a92a0bd1088a1d776306e,0
fbneo/fbneo/fantzone.hi,60,7291dc7c2edb51fac99e62ad7502674add3e997e643fdd20f892de039def0aac,0
fbneo/fbneo/fastlane.hi,83,c79dd4ea4d23b9c901e0b80dd20f224e88616208c9ed2f195016f2539c8eaa64,0
fbneo/fbneo/fball.hi,105,0f32318ebcbdcd4984c1bf2837f8d5d9e1f9e785f6e1858907e458a58b696740,0
fbneo/fbneo/fcrash.hi,64,31d3ac2dc9a5a33c0d538abf7b007a9b2b56ea4f04a5a9454bcf001b70bc51f9,0
fbneo/fbneo/fenixn.hi,27,568144d9b92ae8a3c63f5a6becf40a562a1c998a329bd288d29c68120ca93fdb,0
fbneo/fbneo/ffight.hi,64,31d3ac2dc9a5a33c0d538abf7b007a9b2b56ea4f04a5a9454bcf001b70bc51f9,0
fbneo/fbneo/ffighta.hi,63,c5a9dfb0bf568c83a091075c85171088beb418d6fd51497aed7fbbef8ace3130,0
fbneo/fbneo/ffightbl.hi,64,31d3ac2dc9a5a33c0d538abf7b007a9b2b56ea4f04a5a9454bcf001b70bc51f9,0
fbneo/fbneo/ffightbla.hi,61,ec778f837312a265b60caea1d6fd4a7b386d3d4fdac9dd60d6adcf0feb0ab859,0
fbneo/fbneo/ffightj.hi,64,31d3ac2dc9a5a33c0d538abf7b007a9b2b56ea4f04a5a9454bcf001b70bc51f9,0
fbneo/fbneo/ffightj1.hi,61,c6a3eeaf7036922b8fd24357567f5fcb31d12fcb7d5de5186db9e86eb822ab82,0
fbneo/fbneo/ffightj2.hi,61,8b47bfa5179a8214d656c6e1de0c14b8b8a75917cd236c6b618bba36db2750d1,0
fbneo/fbneo/ffightj3.hi,64,426abaf3e687ce770a9061e721f0b77deba8096aed2b0f5cc4e52ee68d9034e1,0
fbneo/fbneo/ffightj4.hi,61,4dc1f84b5c2af3f3d96a359f317c30b5f9f5f94d1de57bda02dc5cf43400bc9a,0
fbneo/fbneo/ffightjh.hi,64,31d3ac2dc9a5a33c0d538abf7b007a9b2b56ea4f04a5a9454bcf001b70bc51f9,0
fbneo/fbneo/ffightu.hi,61,ec778f837312a265b60caea1d6fd4a7b386d3d4fdac9dd60d6adcf0feb0ab859,0
fbneo/fbneo/ffightu1.hi,63,c5a9dfb0bf568c83a091075c85171088beb418d6fd51497aed7fbbef8ace3130,0
fbneo/fbneo/ffightua.hi,61,c6a3eeaf7036922b8fd24357567f5fcb31d12fcb7d5de5186db9e86eb822ab82,0
fbneo/fbneo/ffightub.hi,61,4dc1f84b5c2af3f3d96a359f317c30b5f9f5f94d1de57bda02dc5cf43400bc9a,0
fbneo/fbneo/ffightuc.hi,61,4dc1f84b5c2af3f3d96a359f317c30b5f9f5f94d1de57bda02dc5cf43400bc9a,0
fbneo/fbneo/fghtbskt.hi,40,79542f5fe1f959b2fdae8a350e150f60e4f9bcd13ebdb04c7b1be02350bb1be2,0
fbneo/fbneo/fhawk.hi,83,6d9d4920292fbabaafa81fc1264d4206be15dcf42d73bc1e80442d15335ff26b,0
fbneo/fbneo/fightrol.hi,65,1d64020364498dbbf9c76b2199d75bac7639d6e7761e448c4cc7cd051168cc0f,0
fbneo/fbneo/finalb.hi,54,15ff699a32881f808ae49ff7bbb4a063aaa37927bf3c6808240a1ecc1fbe4485,0
fbneo/fbneo/finalizr.hi,43,b25717b05d44afe9f2141503ed4d5336d22e6fd4642bbcf0dfc7a4f21a4901e5,0
fbneo/fbneo/firebatl.hi,34,477f7be759936f451550bd23bdbe77b52833a9318eeda80eb87c2e206763aabe,0
fbneo/fbneo/fireshrk.hi,434,83bc788e465c943f132d56e37ca7d21952e05d3e973be29f725a459e07fa3600,0
fbneo/fbneo/fireshrka.hi,434,83bc788e465c943f132d56e37ca7d21952e05d3e973be29f725a459e07fa3600,0
fbneo/fbneo/firetrap.hi,93,b5edb26aeb9fab6cb7a3206f3419bed669d0b64a129895cecbb2900f6353eeb6,0
fbneo/fbneo/fitegolf.hi,80,88f379eebdf22b27369b56a5e6ac565e1f533c960ea299483fd576c3a5a424c9,0
fbneo/fbneo/fitegolfu.hi,80,88f379eebdf22b27369b56a5e6ac565e1f533c960ea299483fd576c3a5a424c9,0
fbneo/fbneo/fitter.hi,9,843399afc2d228eee6bd9dcf5a9801296ac6a03747c682572376dde5935a3963,0
fbneo/fbneo/fitterbl.hi,9,843399afc2d228eee6bd9dcf5a9801296ac6a03747c682572376dde5935a3963,0
fbneo/fbneo/fixeightut.hi,135,63c90846d849046a25f90f0e2be27414d0327a2940577943811896c864021c9b,0
fbneo/fbneo/flashgal.hi,94,bc5b1c55d180f5961495339db465ebf26b9a9730dc452a9cbc801798622e08b8,0
fbneo/fbneo/flicky.hi,52,89e594501aff29e7cf224cedc0caf9f09ff9125b56a061af8313befa911a3b73,0
fbneo/fbneo/flickya.hi,52,89e594501aff29e7cf224cedc0caf9f09ff9125b56a061af8313befa911a3b73,0
fbneo/fbneo/flickyo.hi,52,89e594501aff29e7cf224cedc0caf9f09ff9125b56a061af8313befa911a3b73,0
fbneo/fbneo/flickys1.hi,52,89e594501aff29e7cf224cedc0caf9f09ff9125b56a061af8313befa911a3b73,0
fbneo/fbneo/flickys2.hi,52,89e594501aff29e7cf224cedc0caf9f09ff9125b56a061af8313befa911a3b73,0
fbneo/fbneo/flickyup.hi,52,89e594501aff29e7cf224cedc0caf9f09ff9125b56a061af8313befa911a3b73,0
fbneo/fbneo/flkatck.hi,83,d35f0785bae84e14627154c011956e0e0e057b7145a0a0d75bfcdf4c34f0e6b5,0
fbneo/fbneo/flkatcka.hi,83,d35f0785bae84e14627154c011956e0e0e057b7145a0a0d75bfcdf4c34f0e6b5,0
fbneo/fbneo/flstory.hi,35,8956e73994fda9cc64b35835721d32cbf3323c3ab4da8de261044b794a4d52ca,0
fbneo/fbneo/flyboy.hi,133,d54700f13c02c1c931bff7327ca2a66134edeaaa5000fc60bb6e9fd3f7fed30b,0
fbneo/fbneo/flytiger.hi,52,6e56781a3558888f2ddaf20ed4b4664850a74de5931253d668f8cfb52968a2ba,0
fbneo/fbneo/fncywld.hi,174,50c330a9fa765558604aa30efb5407074ffb549d33c524073a45e33c65b6674a,0
fbneo/fbneo/fnkyfish.hi,9,3e7077fd2f66d689e0cee6a7cf5b37bf2dca7c979af356d0a31cbc5c85605c7d,1
fbneo/fbneo/foodf.hi,112,1f6c1673787ed397bb5171a7c2758008ac14a0982de43395212affd8041e03c8,0
fbneo/fbneo/foodf1.hi,112,1f6c1673787ed397bb5171a7c2758008ac14a0982de43395212affd8041e03c8,0
fbneo/fbneo/foodf2.hi,112,1f6c1673787ed397bb5171a7c2758008ac14a0982de43395212affd8041e03c8,0
fbneo/fbneo/foodfc.hi,112,1f6c1673787ed397bb5171a7c2758008ac14a0982de43395212affd8041e03c8,0
fbneo/fbneo/footchmp.hi,80,7941271d3daef7d1e2c2904007537ddb33711c67fd68fb3856b49772a3642068,0
fbneo/fbneo/forcebrk.hi,42,98be795fea135de53ab7886c0257619bfa21c7601ee768fbe8044d56eff0a140,0
fbneo/fbneo/forgottnuc.hi,84,d359787d56735a4ed7a407a7b955a56980af8bb46db35b345979961275dcd90b,0
fbneo/fbneo/formatz.hi,332,a2911a3062510fa409c82d85d232fa0e250dca93d2307e20e7b6298848157177,0
fbneo/fbneo/freeze.hi,80,ab3d5fe8bf159c319e58dc4d5c003cc9308c88bf7ea47c1dc35e8ebd6a8fbbb1,0
fbneo/fbneo/frogf.hi,12,b136c2ba8aa41cd951f3f03dd9a8501eb15350ca9f49efd7d109629aa2573339,0
fbneo/fbneo/frogg.hi,12,7825112a27e19afeb9baf54ed2b498a7c0203a81abb613b6ffb84db732f12431,0
fbneo/fbneo/frogger.hi,12,7825112a27e19afeb9baf54ed2b498a7c0203a81abb613b6ffb84db732f12431,0
fbneo/fbneo/froggermc.hi,12,7825112a27e19afeb9baf54ed2b498a7c0203a81abb613b6ffb84db732f12431,0
fbneo/fbneo/froggers.hi,12,7825112a27e19afeb9baf54ed2b498a7c0203a81abb613b6ffb84db732f12431,0
fbneo/fbneo/froggers1.hi,12,7825112a27e19afeb9baf54ed2b498a7c0203a81abb613b6ffb84db732f12431,0
fbneo/fbneo/froggers2.hi,12,7825112a27e19afeb9baf54ed2b498a7c0203a81abb613b6ffb84db732f12431,0
fbneo/fbneo/froggers3.hi,12,7825112a27e19afeb9baf54ed2b498a7c0203a81abb613b6ffb84db732f12431,0
fbneo/fbneo/froggrs.hi,12,7825112a27e19afeb9baf54ed2b498a7c0203a81abb613b6ffb84db732f12431,0
fbneo/fbneo/frontlin.hi,9,c1a55026080627649a9e5f2226e3ce91f2c1b7959d429a312a0c96339108b6c9,0
fbneo/fbneo/fround.hi,84,2f6c293ef75a1c3e9feb42d0db73e618b66ee13ee30aa65526b944e772a80cdf,0
fbneo/fbneo/froundl.hi,84,2f6c293ef75a1c3e9feb42d0db73e618b66ee13ee30aa65526b944e772a80cdf,0
fbneo/fbneo/fstarfrc.hi,131,e257da77b5255f54d0794a4e4f355edee6bb6347b10963409352db67bba0061f,0
fbneo/fbneo/fstarfrcj.hi,131,e257da77b5255f54d0794a4e4f355edee6bb6347b10963409352db67bba0061f,0
fbneo/fbneo/fullthrl.hi,108,9d036ade54554725152f831b2cfb4129c06db0ca6b56aaa27e6fb470b20e4927,0
fbneo/fbneo/funkybee.hi,45,76262953f208d97acf8f89378e7274b3200a42e4b4bae7fb0cc40ec25ff59c91,0
fbneo/fbneo/funkybeeb.hi,45,76262953f208d97acf8f89378e7274b3200a42e4b4bae7fb0cc40ec25ff59c91,0
fbneo/fbneo/funkyjet.hi,352,d4f4c9f2d7aecd94976c5a81ebd729f9d15646b35aaf782273794117c35355d6,0
fbneo/fbneo/funnymou.hi,9,843399afc2d228eee6bd9dcf5a9801296ac6a03747c682572376dde5935a3963,0
fbneo/fbneo/futspy.hi,60,7ae7e4ee954442f9269d0f605eac38e3f411ce4b111904d7a037c48c0f59fd81,0
fbneo/fbneo/galaga.hi,51,4fa4716857d60cf9f337b9c8e2fb13950e5e06268a2bc965de8172aab985ed09,0
fbneo/fbneo/galaga88.hi,102,2230bc4978890ecf71469a1099c4efdb1e54bd9facb24842c5462f67fe66c6c2,0
fbneo/fbneo/galaga88a.hi,102,2230bc4978890ecf71469a1099c4efdb1e54bd9facb24842c5462f67fe66c6c2,0
fbneo/fbneo/galap1.hi,3,709e80c88487a2411e1ee4dfb9f22a861492d20c4765150c0c794abd70f8147c,1
fbneo/fbneo/galap4.hi,3,709e80c88487a2411e1ee4dfb9f22a861492d20c4765150c0c794abd70f8147c,1
fbneo/fbneo/galapx.hi,3,709e80c88487a2411e1ee4dfb9f22a861492d20c4765150c0c794abd70f8147c,1
fbneo/fbneo/galaxbsf.hi,3,709e80c88487a2411e1ee4dfb9f22a861492d20c4765150c0c794abd70f8147c,1
fbneo/fbneo/galaxbsf2.hi,3,709e80c88487a2411e1ee4dfb9f22a861492d20c4765150c0c794abd70f8147c,1
fbneo/fbneo/galaxian.hi,3,709e80c88487a2411e1ee4dfb9f22a861492d20c4765150c0c794abd70f8147c,1
fbneo/fbneo/galaxiana.hi,3,709e80c88487a2411e1ee4dfb9f22a861492d20c4765150c0c794abd70f8147c,1
fbneo/fbneo/galaxianbl.hi,3,709e80c88487a2411e1ee4dfb9f22a861492d20c4765150c0c794abd70f8147c,1
fbneo/fbneo/galaxianbl2.hi,3,709e80c88487a2411e1ee4dfb9f22a861492d20c4765150c0c794abd70f8147c,1
fbneo/fbneo/galaxiani.hi,3,709e80c88487a2411e1ee4dfb9f22a861492d20c4765150c0c794abd70f8147c,1
fbneo/fbneo/galaxianm.hi,3,709e80c88487a2411e1ee4dfb9f22a861492d20c4765150c0c794abd70f8147c,1
fbneo/fbneo/galaxianmo.hi,3,709e80c88487a2411e1ee4dfb9f22a861492d20c4765150c0c794abd70f8147c,1
fbneo/fbneo/galaxiant.hi,3,709e80c88487a2411e1ee4dfb9f22a861492d20c4765150c0c794abd70f8147c,1
fbneo/fbneo/galaxrcgg.hi,3,709e80c88487a2411e1ee4dfb9f22a861492d20c4765150c0c794abd70f8147c,1
fbneo/fbneo/galaxrf.hi,3,709e80c88487a2411e1ee4dfb9f22a861492d20c4765150c0c794abd70f8147c,1
fbneo/fbneo/galaxrfgg.hi,3,709e80c88487a2411e1ee4dfb9f22a861492d20c4765150c0c794abd70f8147c,1
fbneo/fbneo/galaxygn.hi,401,de3c21f8a246dcf034456ccf9b54b538fe59de7a55152b9b65a63d33894c1f25,0
fbneo/fbneo/galemp.hi,3,709e80c88487a2411e1ee4dfb9f22a861492d20c4765150c0c794abd70f8147c,1
fbneo/fbneo/galivan.hi,133,1f7e6ce2227a5a6954260947b2a3fa0c9644ef192ed240cc9d3444a45686c112,0
fbneo/fbneo/galmedes.hi,76,b3c9a3a2244baf0dd3d4eb941eb32d3171a67084e8a1c88486a4d7a0df273432,0
fbneo/fbneo/galpanic.hi,80,cc5c917e92f9cff0f097e8acce860e56214abf620284f271dcf054b31a8a45b1,0
fbneo/fbneo/galspnbl.hi,51,feebfaff2e73f26cc13ec2c76e771798d539d04582f7c5dbabb40b41571ae51c,0
fbneo/fbneo/galturbo.hi,3,709e80c88487a2411e1ee4dfb9f22a861492d20c4765150c0c794abd70f8147c,1
fbneo/fbneo/gangwars.hi,52,fc5c572df86a7f50f59c7443d43f8ac2458b8751e532a92001c1355436d242d2,0
fbneo/fbneo/gaplus.hi,171,d268b8ed3d5b05249e778a025a8456ac0e89e1a3f33d1f73195203fa123cdbc4,0
fbneo/fbneo/gaplusa.hi,171,d268b8ed3d5b05249e778a025a8456ac0e89e1a3f33d1f73195203fa123cdbc4,0
fbneo/fbneo/gaplusd.hi,171,d268b8ed3d5b05249e778a025a8456ac0e89e1a3f33d1f73195203fa123cdbc4,0
fbneo/fbneo/gardia.hi,83,1debd0e760660d4c7610b3f3b0c955cf24b957303860fce2db5d90db29ccb786,0
fbneo/fbneo/gardiab.hi,83,1debd0e760660d4c7610b3f3b0c955cf24b957303860fce2db5d90db29ccb786,0
fbneo/fbneo/garyoret.hi,70,9536454073f3250170355689c671ee5d0ac395b51c4c96888fe06ea188301516,0
fbneo/fbneo/gberet.hi,63,1b1810014e8230a132d71e8c3d1af5ebc535274f446d92845394eba1e7e21ab8,0
fbneo/fbneo/gbusters.hi,60,77e70ea65239e5394ad99f107d7b896435a033419695512a3b2f81c48f510f52,0
fbneo/fbneo/geebee.hi,3,709e80c88487a2411e1ee4dfb9f22a861492d20c4765150c0c794abd70f8147c,1
fbneo/fbneo/geebeea.hi,3,709e80c88487a2411e1ee4dfb9f22a861492d20c4765150c0c794abd70f8147c,1
fbneo/fbneo/geebeeb.hi,3,709e80c88487a2411e1ee4dfb9f22a861492d20c4765150c0c794abd70f8147c,1
fbneo/fbneo/geebeeg.hi,3,709e80c88487a2411e1ee4dfb9f22a861492d20c4765150c0c794abd70f8147c,1
fbneo/fbneo/gekiridn.hi,126,99d3fbe7a62d1f76137e806ed84d2d475119312b454a782b223c6834c7f0f29d,0
fbneo/fbneo/genix.hi,100,2e523f8e24cfcaa8d9c3f182a6c6b43464a87f8219313aa251e4f6f10bb7a6b5,0
fbneo/fbneo/gensitou.hi,84,0411e49c5961746e8d8ef0adcc7ca6833aee991efaf7194673fa4f79c4c3ede1,0
fbneo/fbneo/getstarb1.hi,74,295e9bc07faf339f5543ed154d04977284d2ed566aa42660db34c6e7914827bf,0
fbneo/fbneo/getstarb2.hi,74,b259cda800ed062db912b79da9bd2a6e04e03f593dcdb551c93e47522b2fcefd,0
fbneo/fbneo/getstarj.hi,74,356b6ad0aec125271503b968be89193b0c2e5eb7fc8cdd7768ade7591b414c19,0
fbneo/fbneo/ghostb.hi,118,91cd9d2506701008963005aecb8180f9f3b756bca58974a26aa0683dad9292eb,0
fbneo/fbneo/ghoulsu.hi,125,e707c48e533f4e0c03f3d50cf0f652d2c3a365de7f87f7992f8ae1cd27602a3b,0
fbneo/fbneo/gigas.hi,77,c3a39ea2b1d16eafb5a8a67b0df3aa34dc045b90dac794b9ca8e1fa13a78dc57,0
fbneo/fbneo/gigasm2b.hi,77,9f59a89c05bb15d9d6ba8f5c99d01f95a9187fcc188036bfe1050d3b27986578,0
fbneo/fbneo/gijoe.hi,248,060ef851ecc8206d72c98f0744cee85f29bb8332872eb7e401a50bc7a747a496,0
fbneo/fbneo/gijoea.hi,248,060ef851ecc8206d72c98f0744cee85f29bb8332872eb7e401a50bc7a747a496,0
fbneo/fbneo/gijoeea.hi,248,933e37287af3849fdc31d0b83746f32de0bd27db115ce4636f1bc69613e4a1e1,0
fbneo/fbneo/gijoej.hi,248,060ef851ecc8206d72c98f0744cee85f29bb8332872eb7e401a50bc7a747a496,0
fbneo/fbneo/gijoeu.hi,248,060ef851ecc8206d72c98f0744cee85f29bb8332872eb7e401a50bc7a747a496,0
fbneo/fbneo/ginganin.hi,214,48d3015fac1ab0897ff699b833819959ed73c66f0a9a8ba5a662cb8d604d4917,0
fbneo/fbneo/gmahou.hi,60,7e3a8ee3ddb7c8a49be4ef181a735d1e2573e3e5b0b7dfd6f4ee351e0541a6c3,0
fbneo/fbneo/gmgalax.hi,13,5aeb4b49c399982f6ef67c1a3b8400fa98ab53ef482f4f6ce0e7dc35f63ef589,0
fbneo/fbneo/gnbarich.hi,165,f4fb2ec3d678ec3b7ebbd09f8ed497a8f7813189c83012e143701328dae7dd8a,0
fbneo/fbneo/gng.hi,94,e06cae50f0cf422af1e1e0b4593925ee3f3f144c182c747b39ab5831cc30ebfc,0
fbneo/fbneo/gnga.hi,94,e06cae50f0cf422af1e1e0b4593925ee3f3f144c182c747b39ab5831cc30ebfc,0
fbneo/fbneo/gngbl.hi,94,e06cae50f0cf422af1e1e0b4593925ee3f3f144c182c747b39ab5831cc30ebfc,0
fbneo/fbneo/gngblita.hi,94,e06cae50f0cf422af1e1e0b4593925ee3f3f144c182c747b39ab5831cc30ebfc,0
fbneo/fbneo/gngc.hi,94,e06cae50f0cf422af1e1e0b4593925ee3f3f144c182c747b39ab5831cc30ebfc,0
fbneo/fbneo/gngprot.hi,94,f5cb63d882deec787c4fc41fc886b7f240202900ea29a5abf8d11b136fa3a392,0
fbneo/fbneo/gngt.hi,94,e06cae50f0cf422af1e1e0b4593925ee3f3f144c182c747b39ab5831cc30ebfc,0
fbneo/fbneo/gogomile.hi,354,4526b57fe332b8d50468443956f99fc8b3949e74fbbfa98384d6415cb9e9f6d3,0
fbneo/fbneo/goldmedl.hi,232,a8a38302ed2a38b60f694eb98e227b86e6fa77cad096f262c17b910accdd1451,0
fbneo/fbneo/goldnaxe.hi,56,a106d549a56210b9acae2961b950f8220b2158e407d53b4e6b39ab11a2231b94,0
fbneo/fbneo/goldnaxe1.hi,56,a106d549a56210b9acae2961b950f8220b2158e407d53b4e6b39ab11a2231b94,0
fbneo/fbneo/goldnaxe2.hi,56,a106d549a56210b9acae2961b950f8220b2158e407d53b4e6b39ab11a2231b94,0
fbneo/fbneo/goldnaxe3.hi,56,a106d549a56210b9acae2961b950f8220b2158e407d53b4e6b39ab11a2231b94,0
fbneo/fbneo/goldnaxej.hi,56,a106d549a56210b9acae2961b950f8220b2158e407d53b4e6b39ab11a2231b94,0
fbneo/fbneo/goldnaxeu.hi,56,a106d549a56210b9acae2961b950f8220b2158e407d53b4e6b39ab11a2231b94,0
fbneo/fbneo/gpilots.hi,78,efc2fea42b79698173e650b585f75e0440188a4039af0012b0bbedd115843d92,0
fbneo/fbneo/gpilotsh.hi,78,efc2fea42b79698173e650b585f75e0440188a4039af0012b0bbedd115843d92,0
fbneo/fbneo/gprider.hi,178,65bf9f9499722784b4ff10dfc478c9e1875082be256419c376af021d1f10c276,0
fbneo/fbneo/gravitar.hi,48,afedd5022b91fab1beb068ace951cbd5c505e90335528d1f4df05f4278ea05ed,0
fbneo/fbneo/gravitar1.hi,48,afedd5022b91fab1beb068ace951cbd5c505e90335528d1f4df05f4278ea05ed,0
fbneo/fbneo/gravitar2.hi,48,afedd5022b91fab1beb068ace951cbd5c505e90335528d1f4df05f4278ea05ed,0
fbneo/fbneo/grdian.hi,74,7d5cb8eba72db7efb5e78a394f790e0f036310b595f578c7717aa80caf29a14f,0
fbneo/fbneo/grdians.hi,75,5e4873cb72d6ab3f5dd0f27087643ae103d75c2cda58e87bcba0b2451f5853e8,0
fbneo/fbneo/grdnstrm.hi,60,b4e3fc78d0cbfb7e82b7386579e4451bb0de258b92b7cce75a6e44013b04876f,0
fbneo/fbneo/griffon.hi,9,9642525e5f12bbf77286357ddeb6845e7d70cc92f2c8c566446caf1419cb9844,0
fbneo/fbneo/grobda.hi,164,8e9da787fff30e0b36195bf8f76067de89b08b68494d983f20367f01fbbdeb2c,0
fbneo/fbneo/gryzor.hi,68,9080d4ad09a92a5f9db9c118b4d694b005c31a0539ce3eba26bc49206610fb84,0
fbneo/fbneo/gryzor1.hi,68,9080d4ad09a92a5f9db9c118b4d694b005c31a0539ce3eba26bc49206610fb84,0
fbneo/fbneo/gseeker.hi,84,2e0a89f635fe18454a8b6e54bb57fbf0bb1047d6e5e635a105ddb7331862a887,0
fbneo/fbneo/gseekerj.hi,84,2e0a89f635fe18454a8b6e54bb57fbf0bb1047d6e5e635a105ddb7331862a887,0
fbneo/fbneo/gseekeru.hi,84,2e0a89f635fe18454a8b6e54bb57fbf0bb1047d6e5e635a105ddb7331862a887,0
fbneo/fbneo/gteikoku.hi,3,709e80c88487a2411e1ee4dfb9f22a861492d20c4765150c0c794abd70f8147c,1
fbneo/fbneo/gteikokub.hi,3,709e80c88487a2411e1ee4dfb9f22a861492d20c4765150c0c794abd70f8147c,1
fbneo/fbneo/gteikokub2.hi,3,709e80c88487a2411e1ee4dfb9f22a861492d20c4765150c0c794abd70f8147c,1
fbneo/fbneo/gtmr.hi,414,9daff01e021cac2f06ac54f3e145db2f5f7ebbd0a085ebbbf7f41cac408ca3f9,0
fbneo/fbneo/gtmra.hi,414,9daff01e021cac2f06ac54f3e145db2f5f7ebbd0a085ebbbf7f41cac408ca3f9,0
fbneo/fbneo/gtmrb.hi,416,ca7375fa0dbff8b9e5f676b79e29ae3b88705d917d7fad0c53607dea7ce9578f,0
fbneo/fbneo/gtmre.hi,414,9daff01e021cac2f06ac54f3e145db2f5f7ebbd0a085ebbbf7f41cac408ca3f9,0
fbneo/fbneo/gtmro.hi,416,ca7375fa0dbff8b9e5f676b79e29ae3b88705d917d7fad0c53607dea7ce9578f,0
fbneo/fbneo/gtmrusa.hi,414,9daff01e021cac2f06ac54f3e145db2f5f7ebbd0a085ebbbf7f41cac408ca3f9,0
fbneo/fbneo/gulfstrm.hi,132,4effa167d5153ba2b16a824fbf336b54a627cebf05ffec4dc6c42c67955eab3b,0
fbneo/fbneo/gulfwar2.hi,366,ac583e4caab05d3c80c90ef7dc261d7972d4a3059f07157d8c450d433065db01,0
fbneo/fbneo/gumbo.hi,66,1d0156ba2584cf9ded91e39a8f9e28958b3e69edc24cc283da288be246c7bb6f,0
fbneo/fbneo/gunbird.hi,117,a8a7e8d5382c58d6368d162d54c8ddcc3c2c7a289a8f540f0e3f86a3e83f67d3,0
fbneo/fbneo/gunbird2.hi,100,c64afc67df7073a328ef70921ffb737f637bf524807ad523d65aedaf2fb92c4d,0
fbneo/fbneo/gunbird2a.hi,100,c64afc67df7073a328ef70921ffb737f637bf524807ad523d65aedaf2fb92c4d,0
fbneo/fbneo/gunbirdj.hi,117,a8a7e8d5382c58d6368d162d54c8ddcc3c2c7a289a8f540f0e3f86a3e83f67d3,0
fbneo/fbneo/gunbirdk.hi,117,a8a7e8d5382c58d6368d162d54c8ddcc3c2c7a289a8f540f0e3f86a3e83f67d3,0
fbneo/fbneo/gundamex.hi,99,034e21cfd949c799fe7b23e3281f78c89dcbf0e0a3ef325c2bbb45fe64f1d2ab,0
fbneo/fbneo/gundhara.hi,51,65f86edd83ecd4419acfba5697acefb3083fc015bb4ea7f77737915a90bdbc6e,0
fbneo/fbneo/gundl94.hi,58,30a6199015d5e8d22db8fab97b86124c5d6a5711c0ddefd80769b76d488ff7df,0
fbneo/fbneo/gunfront.hi,85,e9afc61ab880ce076d2522c4bbbe8acea9c8a65f92db80979ab5cfd3ad492d94,0
fbneo/fbneo/gunfrontj.hi,85,e9afc61ab880ce076d2522c4bbbe8acea9c8a65f92db80979ab5cfd3ad492d94,0
fbneo/fbneo/gunmast.hi,75,e589b780e5b69bdca9d8faa9b9b324fce78c46508e806e8120ed44c579847caf,0
fbneo/fbneo/gunnail.hi,4217,9729ba88332e732b14a1f01ca822940f80319220d5e2b035212d4861df028d01,0
fbneo/fbneo/gunsmoke.hi,88,16083fa5fad376225aec1a57098493e8ec827a3177d8ec8eb78b44d383244d22,0
fbneo/fbneo/gunsmokeb.hi,88,16083fa5fad376225aec1a57098493e8ec827a3177d8ec8eb78b44d383244d22,0
fbneo/fbneo/gunsmokej.hi,88,e050adeac8f12469be249c59e26124b7653f11c528637828a594f1ea48e3b591,0
fbneo/fbneo/gunsmokeu.hi,88,977bec0d15c8f4755a88843bc6739cce8867491c35e78d64059d93fd45ca6767,0
fbneo/fbneo/gunsmokeua.hi,88,33796a6e0ea4a1f0634f3c1d95f8b304cc8c4ffa188ba7cc00cf4e0deb45634d,0
fbneo/fbneo/gutangtn.hi,123,a6d42ec5fe5bd8680ebc519691e8d76d752e92e3e94ae8fa0ab505475466cbf3,0
fbneo/fbneo/guwange.hi,324,9dbd2709d9d37db80270f3d13c8cea0a98394e3a36e6d03c73149d29a9507826,0
fbneo/fbneo/guzzler.hi,86,66e21819161c8cb870a8d398ffb5c073a4cbede9b0edb915ce3bfd5fc8506a21,0
fbneo/fbneo/gwar.hi,83,7fb9ca37a14a8eb084c5a4e5d864f395db4cdb33c00e033af19644864f41aa65,0
fbneo/fbneo/gwara.hi,83,7fb9ca37a14a8eb084c5a4e5d864f395db4cdb33c00e033af19644864f41aa65,0
fbneo/fbneo/gwarb.hi,83,7fb9ca37a14a8eb084c5a4e5d864f395db4cdb33c00e033af19644864f41aa65,0
fbneo/fbneo/gwarj.hi,83,7fb9ca37a14a8eb084c5a4e5d864f395db4cdb33c00e033af19644864f41aa65,0
fbneo/fbneo/gyrodine.hi,77,f973353fcd1fe5c4e429d14b72fb0083c62cb1de5f5f06449e59b3798ecfe233,0
fbneo/fbneo/gyrodinet.hi,77,f973353fcd1fe5c4e429d14b72fb0083c62cb1de5f5f06449e59b3798ecfe233,0
fbneo/fbneo/gyruss.hi,43,6b3e729dfe5d39f75dd2771242a78cb1d91f3efece0b027ab0e0e67016f3545c,0
fbneo/fbneo/gyrussb.hi,43,6b3e729dfe5d39f75dd2771242a78cb1d91f3efece0b027ab0e0e67016f3545c,0
fbneo/fbneo/gyrussce.hi,43,ede42e09e4493630a4293b82164e39001f987d1d029e8e42206013527de03a65,0
fbneo/fbneo/hachoo.hi,261,770d33fcad4c9fe856e1041c753c2129f828bb1f40034f7a923089ccf77afa22,0
fbneo/fbneo/hal21.hi,63,83f2e64eb22191ac54c6d9ba7e1d28812747945b8804080ce476bcb80b403b6d,0
fbneo/fbneo/halleysc.hi,38,87fdcfabdb77b3820a6b43fb5d68126f8166899a6cc87e1a2d4cbcb606986b02,0
fbneo/fbneo/halleysc87.hi,38,87fdcfabdb77b3820a6b43fb5d68126f8166899a6cc87e1a2d4cbcb606986b02,0
fbneo/fbneo/halleyscj.hi,38,87fdcfabdb77b3820a6b43fb5d68126f8166899a6cc87e1a2d4cbcb606986b02,0
fbneo/fbneo/halleyscja.hi,38,87fdcfabdb77b3820a6b43fb5d68126f8166899a6cc87e1a2d4cbcb606986b02,0
fbneo/fbneo/halleyscjp.hi,38,c866cc3b7cb14f0c8f22171d7575b357ce37ea22afc5c4d17771d19023c637cf,0
fbneo/fbneo/hangly.hi,11,62a79ef7b9a169cbcbb37b394f7e93db8fa3f7629bdda2c456a139c8e080bb89,0
fbneo/fbneo/hangly2.hi,11,62a79ef7b9a169cbcbb37b394f7e93db8fa3f7629bdda2c456a139c8e080bb89,0
fbneo/fbneo/hangly3.hi,11,62a79ef7b9a169cbcbb37b394f7e93db8fa3f7629bdda2c456a139c8e080bb89,0
fbneo/fbneo/hangon.hi,1188,53f11bde9c360b5f7aae9429ae0e48881368537ce62a026f81cba590f7644acc,0
fbneo/fbneo/hangonjr.hi,108,0e7329ebc7816fc62e7940a45f61f197bace97cef65101d2d5985922cedcf3a5,0
fbneo/fbneo/hardhea2.hi,202,bf70f49e1ae00bbcc29bc32f4bbbf6f051482216b73f47bed279e61c72c12fde,0
fbneo/fbneo/hardhead.hi,401,373df0568fafd8c1ec2592fc019526aec99429d309a82b8a8492a8230bd23716,0
fbneo/fbneo/hasamu.hi,261,afe14acbcd8433df8be32b6ccebf992b86d1b3213f06967f9442b8e496a301ba,0
fbneo/fbneo/hatris.hi,118,2db81ddbc33d5ec5b37f3d324e78d62b8423c90b16ba92f4645ed06c9751c371,0
fbneo/fbneo/hatrisj.hi,118,2db81ddbc33d5ec5b37f3d324e78d62b8423c90b16ba92f4645ed06c9751c371,0
fbneo/fbneo/hbarrel.hi,88,551f578436f8cc4492f6e3637c5e65d581141e6977707038935d38fb43afbef7,0
fbneo/fbneo/hcastle.hi,60,e412b82c9fe0a8bc51a51ef2c943f5255644a91deaf0971f5089a1d40ecda96c,0
fbneo/fbneo/hcastlee.hi,60,e412b82c9fe0a8bc51a51ef2c943f5255644a91deaf0971f5089a1d40ecda96c,0
fbneo/fbneo/hcastlek.hi,60,e412b82c9fe0a8bc51a51ef2c943f5255644a91deaf0971f5089a1d40ecda96c,0
fbneo/fbneo/hcrash.hi,2766,ff5d4a321b59405c590cb83885b46a69f60fb6ccaeadb505344d45e8d80b3597,0
fbneo/fbneo/headonmz.hi,15,14bdcd6fd64180af5e7791df91b6af8e9a3e7bc844997eb8c29252706df97ca5,0
fbneo/fbneo/headons.hi,15,14bdcd6fd64180af5e7791df91b6af8e9a3e7bc844997eb8c29252706df97ca5,0
fbneo/fbneo/hedpanic.hi,40,d0ebfff86539935001f472384e1b512db99176d295931bc3bff87f2dd918597b,0
fbneo/fbneo/hellfire.hi,228,81f01c07fc3db4da027f06f715c0765bfb7753a1f205d555ffcd526c0ef870e7,0
fbneo/fbneo/hellfire2a.hi,228,d37345b8bf79bc01f0cd533ef30cda42b53d14ffc178be16aedde5ea01e5e5a0,0
fbneo/fbneo/hexa.hi,2,96a296d224f285c67bee93c30f8a309157f0daa35dc5b87e410b78630a09cfc7,1
fbneo/fbneo/hexion.hi,640,7f9c12317c0e5f1855dfd3d45599bd36cf67f6cc3953758f8436ba5ac45a3487,0
fbneo/fbneo/hharry.hi,162,34cc552ad160868410896230f61b50605706a1f1c4aaee8d005cc97a22c60e45,0
fbneo/fbneo/higemaru.hi,140,0c0298af35f8b4db89ef4d06141f5c0cd66018f821f92b52671b0fe3a8d5cd02,0
fbneo/fbneo/hippodrm.hi,80,fc9e72486089e527d55f8227ee11224d6f8d183b6ca637d64145550dc70440a8,0
fbneo/fbneo/hoccer.hi,56,9000845baf0598425e671c85a901876ea0d4b2d392f2e2a0831fcf174c659a9a,0
fbneo/fbneo/hopmappy.hi,138,ce7bae9468efb529301cda6f4f1c9bb3b90b130aedb0f966b2ddc2ca2701e4a1,0
fbneo/fbneo/hopprobo.hi,60,7b55b7da01218729781530228e5f2cbbcc9f95e941087d90ff17f2b1bd534176,0
fbneo/fbneo/horekid.hi,40,068f4e22a928c7d997c17fb562384203d875980f5d824dc26aeae82d697c2d60,0
fbneo/fbneo/horizon.hi,152,ba17ea0235d3e95dc102e272b0501829b7228fc9d8eb611e46d91553a5094ee8,0
fbneo/fbneo/horshoes.hi,5,69ee52b288dfb06a449d3db87602e094b4f131e3f6a4b249dc0a76ffdebe989a,0
fbneo/fbneo/hotdogst.hi,84,2023752569052616709c8e7c23a705e76ae2ccbc1e8bd19a5303f30d81bc2716,0
fbneo/fbneo/hotpinbl.hi,49,e25b073edb590266359251977716e278c0ab52bb4e2192bfb3eb7bc913932545,0
fbneo/fbneo/hotshock.hi,33,e1ddb467e36a919a284c86a2467402d1ff2b75833d9cb717f176df95170455ae,0
fbneo/fbneo/hsf2.hi,51,0db9e316d54abff30e7b0baa2901057c80bf93922119fbab5b3f3c688ba5f333,0
fbneo/fbneo/htchctch.hi,39,6b01eaae78cef2fb8e30c7fb41ed8ecbd4c63dac508aecbc6902c5f4c8a736c3,0
fbneo/fbneo/hunchbkg.hi,82,f93dde4ea4f5f7dc71d691b57a934af182987fbfb8e51ebf8560b6dba93b6206,0
fbneo/fbneo/hunchbks.hi,81,2a43845f27329d7bbd2b8802fdb9a6e09e784fec9124641809b4f3a51787bf92,0
fbneo/fbneo/hustler.hi,19,05e264d46d60cf1e9e06ff947246e4f42d1eabb5398bcba6a8f14abff0851f73,0
fbneo/fbneo/hvysmsh.hi,84,486de160c031ef0d20c0f37e549ee10386390f0efc6e22fc0b7b54ee7dc5c296,0
fbneo/fbneo/hvysmsha.hi,84,486de160c031ef0d20c0f37e549ee10386390f0efc6e22fc0b7b54ee7dc5c296,0
fbneo/fbneo/hvysmshj.hi,84,486de160c031ef0d20c0f37e549ee10386390f0efc6e22fc0b7b54ee7dc5c296,0
fbneo/fbneo/hvyunit.hi,40,a2eedd3b517bc3c7f8ffe9df3b6c7673a8b3ae57a6b39b069c500a0ee8baa8e1,0
fbneo/fbneo/hwchamp.hi,792,8ae2d7b970d89a37949c853c7f11e8df660eebc62e05856138bb99cd2242877b,0
fbneo/fbneo/hwrace.hi,4,dbdf96bbe8c17cbd0104b79af5929401ff489cb06829638a726fa124349f3e9b,0
fbneo/fbneo/hyperpac.hi,40,f887d2d72bef80899d82161960c9271670ceffbecfd2934250883f9031fa473c,0
fbneo/fbneo/hyperspc.hi,54,c3ca7c62f42a0e5637761682a9f5bf8d585833daecc80a7ca040b95b27e6d12e,0
fbneo/fbneo/igmo.hi,61,cde6f0b6c082a7057d93e8b9bd84de4e65a5c6f8fa88cc365d44cd81a90d8c44,0
fbneo/fbneo/ikari.hi,83,c9de8846d895199be9d14ea03cb507ac8299fd631b629cf19dc5e14b0e23b7f5,0
fbneo/fbneo/ikari3.hi,88,454743171fbf4b431eb7991a468153f03d18e482722269ab202da64d29c137bc,0
fbneo/fbneo/ikki.hi,36,e4ec9352195c508c850b3e162e9dee5db7bf2e4ac95c9b9272aa84654fc5c5c5,0
fbneo/fbneo/imago.hi,75,2e3f25a60ccad9af00f30027863d18fc700b1862718b5001f1e1bb379bc0b1ad,0
fbneo/fbneo/imsorry.hi,163,cd952b20d1911611d6f6510a2f32a5315b3170bd56edeb1b512f523ced95c2c3,0
fbneo/fbneo/insectx.hi,83,0e454078507ca0848fb68f4b479d0fa2c5438eb2efd0cc8b952096e675a52680,0
fbneo/fbneo/insectxj.hi,83,0e454078507ca0848fb68f4b479d0fa2c5438eb2efd0cc8b952096e675a52680,0
fbneo/fbneo/inthunt.hi,216,75581aa56692b03a2718c7768a40414e1ac4cf8b32b4890a2eb12d1f20c768ea,0
fbneo/fbneo/invaders.hi,2,96a296d224f285c67bee93c30f8a309157f0daa35dc5b87e410b78630a09cfc7,1
fbneo/fbneo/irion.hi,240,2dfba633817046c7f559ed4b93076048435f7e1a90f14eb8035c04b9ebae2537,1
fbneo/fbneo/ironhors.hi,67,4ada898cc96f2cc1fc4fc3d1018bcc5819cab90375f375c69e5a021c37d468f5,0
fbneo/fbneo/itaten.hi,31,17674f2ff2eb5b7b6754a25bc0ab9818dac84d0d23b63f9946d24c9865d465b8,0
fbneo/fbneo/jack.hi,90,714f23787f8bc8055dfd0ebc3001d53aa925ce59f4695e3cfc6a45b84f852e44,0
fbneo/fbneo/jack2.hi,90,714f23787f8bc8055dfd0ebc3001d53aa925ce59f4695e3cfc6a45b84f852e44,0
fbneo/fbneo/jack3.hi,90,714f23787f8bc8055dfd0ebc3001d53aa925ce59f4695e3cfc6a45b84f852e44,0
fbneo/fbneo/jackal.hi,43,67b66ee6b2e253ad70866f5c8528c2295dbc04a4d75cf331f970dff95b2996c3,0
fbneo/fbneo/jackalbl.hi,43,67b66ee6b2e253ad70866f5c8528c2295dbc04a4d75cf331f970dff95b2996c3,0
fbneo/fbneo/jackalj.hi,43,67b66ee6b2e253ad70866f5c8528c2295dbc04a4d75cf331f970dff95b2996c3,0
fbneo/fbneo/jackalr.hi,43,67b66ee6b2e253ad70866f5c8528c2295dbc04a4d75cf331f970dff95b2996c3,0
fbneo/fbneo/jackrabt.hi,81,e4d09ca96a068395c278db64304c610d0c8af5687b57b46629f6b0ead801b722,0
fbneo/fbneo/jackrabt2.hi,81,e4d09ca96a068395c278db64304c610d0c8af5687b57b46629f6b0ead801b722,0
fbneo/fbneo/jackrabts.hi,81,e4d09ca96a068395c278db64304c610d0c8af5687b57b46629f6b0ead801b722,0
fbneo/fbneo/jailbrek.hi,83,7210cedf9a2c755aa638313cc73f7f2b20a188885af81968d535e69f1cdd60c7,0
fbneo/fbneo/jcross.hi,33,098d6b392cbdfb5828a7c3f9bee01c9e58b99d6d61fa5ad9b2f87ce39cbf5207,0
fbneo/fbneo/jjack.hi,80,8cc0a94ff0041cb97f7bbefdf5572e6a68b4fbbb8f004f4da37f1d08ba6e6ea6,0
fbneo/fbneo/jjsquawk.hi,79,53c8ee6951bb630b04cc8bc5e74cad12168cf8b908986a634e5a66c11fe8ea92,0
fbneo/fbneo/jjsquawkb.hi,79,9b6d3aa7956e6031acad507908ae64327ba5d05f6c992228f83da4b236081453,0
fbneo/fbneo/jjsquawkb2.hi,79,9b6d3aa7956e6031acad507908ae64327ba5d05f6c992228f83da4b236081453,0
fbneo/fbneo/joinem.hi,90,4a18ccb18f92025d6d5671fdebebe602c99bb92a3c56f43377645a43245046b6,0
fbneo/fbneo/joyfulr.hi,111,7360a3e92af8778d97bfc2cded8790014ceb1b0ded490afe6dafac10e5fb2be2,0
fbneo/fbneo/joyman.hi,11,62a79ef7b9a169cbcbb37b394f7e93db8fa3f7629bdda2c456a139c8e080bb89,0
fbneo/fbneo/jpopnics.hi,42,a95c583373d69239c32d95d6cc566b5e1eb9c3cb0754147fbaf51f4877006db4,0
fbneo/fbneo/jrking.hi,168,028d79bd213a291d24d85dc4d44a1751e8bd3358941f5219e32ae468ec113ee0,0
fbneo/fbneo/jrpacman.hi,10,cbcbac9542021a2cc5d7385b0639c35070f2d76b3aae9dc5da69d7347f64bc2d,0
fbneo/fbneo/jrpacmanf.hi,10,cbcbac9542021a2cc5d7385b0639c35070f2d76b3aae9dc5da69d7347f64bc2d,0
fbneo/fbneo/juju.hi,184,6ecc0b1ba6027460e246097d5eb40ae4c9ef71ab857ae2e99106731c102612eb,0
fbneo/fbneo/jujub.hi,184,6ecc0b1ba6027460e246097d5eb40ae4c9ef71ab857ae2e99106731c102612eb,0
fbneo/fbneo/jumpbug.hi,27,8683c47feca75dd1c3a6f23e79b4801fe586f5a04e99a8d09f63247a1edfe287,0
fbneo/fbneo/jumpbugb.hi,27,8683c47feca75dd1c3a6f23e79b4801fe586f5a04e99a8d09f63247a1edfe287,0
fbneo/fbneo/jumpcoas.hi,67,af12a80d730bc04f5d44e1cd2be532c7a49bb4cef703164830c53d134a8c2a49,0
fbneo/fbneo/jumpcoasa.hi,67,af12a80d730bc04f5d44e1cd2be532c7a49bb4cef703164830c53d134a8c2a49,0
fbneo/fbneo/jumping.hi,54,de2635ed31abb9dd7d2b58b5789c40a14ac2836987691a8278c179da8e6f941b,0
fbneo/fbneo/jumpinga.hi,54,de2635ed31abb9dd7d2b58b5789c40a14ac2836987691a8278c179da8e6f941b,0
fbneo/fbneo/jumpkids.hi,163,c005063374b9480b2093298b7e775f3ff39bbaa1ec5059a8e366439f2bbc6c08,0
fbneo/fbneo/jumppop.hi,163,d661fd7baf46da4ce5ac2c34f0f75a4cc20087219f1254a340bc0700f5a9e18f,0
fbneo/fbneo/jungleby.hi,3,2b657b4908dcb4ac9d65162cb17b02301da011245a0400441ddf51296ce7fffd,0
fbneo/fbneo/jungleh.hi,3,2b657b4908dcb4ac9d65162cb17b02301da011245a0400441ddf51296ce7fffd,0
fbneo/fbneo/junglehbr.hi,3,2b657b4908dcb4ac9d65162cb17b02301da011245a0400441ddf51296ce7fffd,0
fbneo/fbneo/junglek.hi,3,2b657b4908dcb4ac9d65162cb17b02301da011245a0400441ddf51296ce7fffd,0
fbneo/fbneo/junglekas.hi,3,2b657b4908dcb4ac9d65162cb17b02301da011245a0400441ddf51296ce7fffd,0
fbneo/fbneo/junglekj2.hi,3,2b657b4908dcb4ac9d65162cb17b02301da011245a0400441ddf51296ce7fffd,0
fbneo/fbneo/jungler.hi,163,c1b19b95c4a9f905a9ceb32e4379b81a65bb2dac12bb7012f250864ac283aa87,0
fbneo/fbneo/junofrst.hi,160,24c5df750bfe551a30b5f9ea3e5d46bcf6a126011a7198feb0ea1891d9913391,0
fbneo/fbneo/junofrstg.hi,160,24c5df750bfe551a30b5f9ea3e5d46bcf6a126011a7198feb0ea1891d9913391,0
fbneo/fbneo/kageki.hi,25,d8fb1999d2bc779a0382e5c0164e93e368d187981ed306f62d34ad9f70211749,0
fbneo/fbneo/kaitein.hi,8,755a93ebf3165e4f87a325ff29b220132a280b625c97902534636553ada1c534,0
fbneo/fbneo/kamenrid.hi,159,9020fc0594626954e417b5f0c262e7a36ad6996c0b6a94c0bc19346c9bf933df,0
fbneo/fbneo/kamikazesp.hi,33,759c4962f4b277ddcb5c05818954f58bef29ae059e377d76f930f98785caa536,0
fbneo/fbneo/kamikcab.hi,124,4259302bcadc87d03e89b1d1f3caab34d86bd81ac56c1cac696abd0e1ac2fa4c,0
fbneo/fbneo/kangaroo.hi,67,754b37411b918a58cacea899f7f7d81e717293b86e264ee58bfc6261f06a6e57,0
fbneo/fbneo/kangarooa.hi,67,754b37411b918a58cacea899f7f7d81e717293b86e264ee58bfc6261f06a6e57,0
fbneo/fbneo/kangaroob.hi,67,754b37411b918a58cacea899f7f7d81e717293b86e264ee58bfc6261f06a6e57,0
fbneo/fbneo/karatblz.hi,49,271203355c49d5b4e0ac30dd191020dff244a75996137664917129c4f1c7e2f7,0
fbneo/fbneo/karatblzj.hi,49,271203355c49d5b4e0ac30dd191020dff244a75996137664917129c4f1c7e2f7,0
fbneo/fbneo/karatblzt.hi,49,271203355c49d5b4e0ac30dd191020dff244a75996137664917129c4f1c7e2f7,0
fbneo/fbneo/karatblzu.hi,49,271203355c49d5b4e0ac30dd191020dff244a75996137664917129c4f1c7e2f7,0
fbneo/fbneo/karatedo.hi,111,ffaf04e746733746885728233087fd7399cea70716c94eebfe775cf91159f15b,0
fbneo/fbneo/karatevs.hi,111,ffaf04e746733746885728233087fd7399cea70716c94eebfe775cf91159f15b,0
fbneo/fbneo/karatour.hi,192,72a3b5b55ffda4e24bc0a471152c9e0b395af672d3f65832b702f0994f33812b,0
fbneo/fbneo/karianx.hi,104,266ce13b1f07c36a7a7da19eec3edbf30d95e7fc9c651ab3770f7ae60b9cbbcf,0
fbneo/fbneo/karnov.hi,84,5bce3f260255ce773e0b93e8701d48e1daeb10746592c2bf029aa9ab116079de,0
fbneo/fbneo/kazan.hi,163,a0f08c9a6bcd639e7bbdbc44ae2c6783e13c3c32b2568f187110f0d417bc8179,0
fbneo/fbneo/kbash2.hi,60,29470865eacdc49a633d5af63de583bed89994b14e1169b2ccb87c890cf9ca7d,0
fbneo/fbneo/kchamp.hi,111,0a29e447b8ea98f9967602840902be4fcb90565ecf104635043daf0035c04507,0
fbneo/fbneo/kchampvs.hi,111,ffaf04e746733746885728233087fd7399cea70716c94eebfe775cf91159f15b,0
fbneo/fbneo/kchampvs2.hi,111,ffaf04e746733746885728233087fd7399cea70716c94eebfe775cf91159f15b,0
fbneo/fbneo/kchampvs3.hi,111,ffaf04e746733746885728233087fd7399cea70716c94eebfe775cf91159f15b,0
fbneo/fbneo/kchampvs4.hi,111,ffaf04e746733746885728233087fd7399cea70716c94eebfe775cf91159f15b,0
fbneo/fbneo/ket.hi,129,360a42218d90653f640210d1edc6577704bd73c02f545490161886fd3a14d126,0
fbneo/fbneo/keta.hi,129,360a42218d90653f640210d1edc6577704bd73c02f545490161886fd3a14d126,0
fbneo/fbneo/ketb.hi,129,360a42218d90653f640210d1edc6577704bd73c02f545490161886fd3a14d126,0
fbneo/fbneo/kickboy.hi,38,1e404e519fea41758232a168acfda633dabeefe86816129eef7d6986f49fbe01,0
fbneo/fbneo/kicker.hi,67,26742a32d6d0f5a3753b06a4147fcbafc63e8e8e463531bad57ed3da5a8bda96,0
fbneo/fbneo/kickridr.hi,80,71cab9f8ca8df1f96387a16ab558c61fb41a8608ef57dae6024b6344ecc13540,0
fbneo/fbneo/kidniki.hi,108,66e51505ad2d4348c9d0312cc532521f5918d7082454ce93da16e38b647d46c0,0
fbneo/fbneo/kikcubicb.hi,203,d8481bf482d81bd0e810637e9f3ffef5f55badcababaf707257ccb667ba56ca2,0
fbneo/fbneo/kingball.hi,7,775c289a33950216a75d18dfa06fa12239e3cca498e8de7e71ab51117fd09938,0
fbneo/fbneo/kingballj.hi,7,775c289a33950216a75d18dfa06fa12239e3cca498e8de7e71ab51117fd09938,0
fbneo/fbneo/kingdmgp.hi,241,2acedb8a9db16888fcb706d73b75498299777fafd1c0a3ea8d2e4f43a6bb9545,0
fbneo/fbneo/kittenk.hi,44,baa7397fff2dbf6ee9175efa31136a173ada75461036b5f1307b94195e4fc82f,0
fbneo/fbneo/kncljoe.hi,45,d24eb63535671c1dc9a2cad77b6ce08126c006ac8799f22bca48ba94fa908982,0
fbneo/fbneo/knightsu.hi,605,b2b407abfdf602f57af167c03fba6c6ef01b7a010216b5fedf5ca4483860bc58,0
fbneo/fbneo/knockout.hi,33,759c4962f4b277ddcb5c05818954f58bef29ae059e377d76f930f98785caa536,0
fbneo/fbneo/kod.hi,40,aadca1db795f0e75a4b31348fa6681ef5f1e972458d27d690c24f560113f8658,0
fbneo/fbneo/konamigt.hi,811,7150bad46b7f968f6e8d6250597a5443df42d5e6d14d5948d52a17db757e2590,0
fbneo/fbneo/kong.hi,26,ec8da6c4fcad303ccdb8346d09448f1df3b33001828b42e9b2f95c78502422ff,0
fbneo/fbneo/kong2600.hi,179,7fdcee189fd2715378181018d37ff1aebe3c9eb1b7dee7ff861a603428acd107,0
fbneo/fbneo/korosuke.hi,33,f25e91ccb7683b11bb8bb1b9e01215b0c17d09d18ad76b6053251eb07458388f,0
fbneo/fbneo/kozure.hi,44,eeb7a3e4894f25b3e8f0422298ec8fabe07c50e27ee3a947de54754d6dcfca65,0
fbneo/fbneo/krzybowl.hi,100,cd00e292c5970d3c5e2f0ffa5171e555bc46bfc4faddfb4a418b6840b86e79a3,1
fbneo/fbneo/kuhga.hi,124,f44b6823411cc75b08c27d276fb01888b6f4334ae0d568ab28eb8a6ac2c5fa7b,0
fbneo/fbneo/kungfub.hi,123,31e5ba327a1b9fafe056e2540f5070a70ce384e94b218ed2ff1dcf5c8efa7c04,0
fbneo/fbneo/kungfub2.hi,123,31e5ba327a1b9fafe056e2540f5070a70ce384e94b218ed2ff1dcf5c8efa7c04,0
fbneo/fbneo/kungfum.hi,123,31e5ba327a1b9fafe056e2540f5070a70ce384e94b218ed2ff1dcf5c8efa7c04,0
fbneo/fbneo/kungfumd.hi,123,31e5ba327a1b9fafe056e2540f5070a70ce384e94b218ed2ff1dcf5c8efa7c04,0
fbneo/fbneo/kurikint.hi,160,d54577b1e181e809792ca33872a0bae7e30f3b01d2b1aecb9fddab0472e2403d,0
fbneo/fbneo/kyros.hi,178,d8b6420dbaf9b5690f6d05f976099854c3367ffd1dacac345aa9fa4d763b55a7,0
fbneo/fbneo/kyustrkr.hi,79,2bc281cdceca0b595173908b141f70ba6481643613dd8b4d2885aad807478c40,0
fbneo/fbneo/ladybug.hi,144,fd62fe86c96fa41dbaeecce99aad279f3ddd29414f11ad678ffc28e88290f129,0
fbneo/fbneo/ladybugb.hi,144,7c0ee79591693e45f9f752593eef5eb296fb0e7638fafa3dc672841a401673f6,0
fbneo/fbneo/ladybugb2.hi,144,38cef76d8d9fe5425c836a6139859d8a6c0c21c8255aa64cb0e697c1e40ac02f,0
fbneo/fbneo/ladykill.hi,103,61b59b7642e92490002bbb2c594791dd5fe52152f237d4dded9cbc3792cdb286,0
fbneo/fbneo/ladymstr.hi,63,2a0b15befa22b5f8819e8b5b2b087cbe546267ea98db39048799c64aaa64207d,0
fbneo/fbneo/landmakrj.hi,40,2394ac9abdcac88cedf7db64669b6aa2adf32de55ebc28016237c512df0f1d76,0
fbneo/fbneo/lasso.hi,115,90ee07c4febd094ca83377ee9fa6b315732f127dacbe0e39e6b62800d2658438,0
fbneo/fbneo/lastday.hi,128,5f97bbcec2d728520ef77de78a164aac112452a614a47f99d1c0faf41405ef53,0
fbneo/fbneo/lastduel.hi,116,a2e51c1540dec5a51341ae2a7b9906978b981a5ece5945123492384e369e65b4,0
fbneo/fbneo/lastfort.hi,10,028c04eb70afabde190731a51947c61dbdf607c49aa5d266a0e5c5e509397a14,0
fbneo/fbneo/lastmisn.hi,63,bb8ec277336d7ecb25eaed2c1b908aee92d9705d1f9b9546b58a78306690ce35,0
fbneo/fbneo/ldrun.hi,203,dcada540f854d85ec12ddb3792bec6d421a004a15f5ac6655d3992b8b54bdc19,0
fbneo/fbneo/ldrun2.hi,203,35d0e86a43c89052e8c232f804355529b709eeae1fd35fe3198f849453d164f2,0
fbneo/fbneo/ldrun3.hi,203,35d0e86a43c89052e8c232f804355529b709eeae1fd35fe3198f849453d164f2,0
fbneo/fbneo/ldrun3j.hi,203,35d0e86a43c89052e8c232f804355529b709eeae1fd35fe3198f849453d164f2,0
fbneo/fbneo/ldrun4.hi,203,9e43fbde297e75e6a077840b848bc760d4be22bb3d9221cd1f1940a640d11793,0
fbneo/fbneo/ldruna.hi,203,dcada540f854d85ec12ddb3792bec6d421a004a15f5ac6655d3992b8b54bdc19,0
fbneo/fbneo/leds2011.hi,156,0c92479acf7a0dcac2134fc50f06892ee6750b5b9420a908fadb83fe13deced1,0
fbneo/fbneo/ledstorm.hi,156,b09cc5e1935e25f8711bb0ca711f3e9164595f322ce6688dce533f993442f068,0
fbneo/fbneo/legion.hi,43,1100ee8f031405b9b0b9fb7f9ca6391023782ffe048ca7061afb74980bd978d8,0
fbneo/fbneo/legionj.hi,43,1100ee8f031405b9b0b9fb7f9ca6391023782ffe048ca7061afb74980bd978d8,0
fbneo/fbneo/legionjb.hi,43,1100ee8f031405b9b0b9fb7f9ca6391023782ffe048ca7061afb74980bd978d8,0
fbneo/fbneo/legofair.hi,63,ee3cafa34381c977307fd9db2a9b6cd7e2932916875dfba5d3dc869d0950a9f2,0
fbneo/fbneo/lemmings.hi,80,cbe9cd93e1f25a3c76b0d14bebbcb96f9e7b8113269ab784cdeecdc8ee80e0b8,0
fbneo/fbneo/lethalen.hi,81,2da9bf944cd123414eb41139ace5e9dca012604de6909c2171e02f696ef150e1,0
fbneo/fbneo/lethalth.hi,183,a4a650c3fdd90d983b3edaedfff149836bc4b7235ffa9e74a027339cb023d2b9,0
fbneo/fbneo/levers.hi,3,709e80c88487a2411e1ee4dfb9f22a861492d20c4765150c0c794abd70f8147c,1
fbneo/fbneo/lgtnfght.hi,84,86bde574b361e987e8ceae6c0a6f2db3786f1daf3b966b80a52ca208fa93a3e5,0
fbneo/fbneo/liquidk.hi,40,9425db7115004235d8dd7a47edf488f64efbce7fde4413cfc41d245ffb188a7b,0
fbneo/fbneo/liquidku.hi,40,9425db7115004235d8dd7a47edf488f64efbce7fde4413cfc41d245ffb188a7b,0
fbneo/fbneo/lizwiz.hi,66,d7e8eb8faea5bc9cbc02b61fe2159d5912e1d8e253989d4b4f226f165405d6b4,0
fbneo/fbneo/lkage.hi,136,ee6b33a2bb6db40323a3e8a8dc5a23037c70171772999da8dd8312a7cc43f47c,0
fbneo/fbneo/lnc.hi,39,8ef9bc70b245606d216b6fba62bc7bc427914912a891f1d043ca6392cf4c5ed1,0
fbneo/fbneo/locoboot.hi,123,a6d42ec5fe5bd8680ebc519691e8d76d752e92e3e94ae8fa0ab505475466cbf3,0
fbneo/fbneo/locomotn.hi,123,a6d42ec5fe5bd8680ebc519691e8d76d752e92e3e94ae8fa0ab505475466cbf3,0
fbneo/fbneo/loffire.hi,399,0281dd313dac657c8bf987a81b920ac52d01bd08c6a04391320e4622704184bf,0
fbneo/fbneo/logicpr2.hi,70,35f1dbc749453f7bdfa36f8adb8e5ce758959d54fbb25b362fcff3c7db47aa95,0
fbneo/fbneo/logicpro.hi,40,7a2bca29d7429f0304437d155cfd6e2cad9a780421e4214569a271e0d219538d,0
fbneo/fbneo/loht.hi,52,c9fa204fa268a367320e4fddc593f32d323ce35543ade016aa78098b74e019d2,0
fbneo/fbneo/losttomb.hi,80,a666fecd39e6ece2d0c94cc02e8aac451fd374da7166e71afb7461758b0f2253,0
fbneo/fbneo/losttombh.hi,80,a666fecd39e6ece2d0c94cc02e8aac451fd374da7166e71afb7461758b0f2253,0
fbneo/fbneo/lotlot.hi,553,7d259f9f6ccb0de8d707228a5d73c1e9393d58299c7b919bed6142c0b13860f3,0
fbneo/fbneo/loverboy.hi,60,1d15f5711f9c01e43429303824d97aa37fd874b1f4dc59f2dc2050061f9af647,0
fbneo/fbneo/luckywld.hi,160,a61646e00203966c42fecb2a3215a39e6568400d549a77e8362203f00a395063,0
fbneo/fbneo/lvgirl94.hi,126,ef6e8f3e8ddc987835411709dcf4756ba96e4530ca5dcf7d8e2bac8c1581b0d4,0
fbneo/fbneo/lwings.hi,104,e4ec2a8c8850f5f08aa6d5152e896cac5f469192a25e5869439c01988ec0b978,0
fbneo/fbneo/lwings2.hi,104,e19f6d9e9eeccce765fa1a0b8cbfd3feeb1ea47f28796bb77f36476f1c7ba9f0,0
fbneo/fbneo/lwingsb.hi,104,e19f6d9e9eeccce765fa1a0b8cbfd3feeb1ea47f28796bb77f36476f1c7ba9f0,0
fbneo/fbneo/lwingsj.hi,104,e4ec2a8c8850f5f08aa6d5152e896cac5f469192a25e5869439c01988ec0b978,0
fbneo/fbneo/lwingsja.hi,104,e4ec2a8c8850f5f08aa6d5152e896cac5f469192a25e5869439c01988ec0b978,0
fbneo/fbneo/m660.hi,133,d69a7db3c27538db25a3e6ee3afe9bc8648473207f6ae3545ca9e90eee4a78e9,0
fbneo/fbneo/m660b.hi,133,d69a7db3c27538db25a3e6ee3afe9bc8648473207f6ae3545ca9e90eee4a78e9,0
fbneo/fbneo/m660j.hi,133,d69a7db3c27538db25a3e6ee3afe9bc8648473207f6ae3545ca9e90eee4a78e9,0
fbneo/fbneo/mach9.hi,68,38b84aeb21ba8a03fb4ba9afba3c41fc9e7168f9bf6e344a6613ff07a83b9661,0
fbneo/fbneo/machomou.hi,9,2b2e57c99cd75c6264f834572df43f12d9a8cb92f4d22deedfbc193921410afd,0
fbneo/fbneo/macrossp.hi,94,7b8dcb78e66e339791f96d2f6fac59b0e4bc85037a2027f67ec0a4316a7c0678,0
fbneo/fbneo/madcrash.hi,75,1d965a1e92751a0d629c9226952eb5e92d732383a91a0eb6f49cce6ee3f461af,0
fbneo/fbneo/madgear.hi,156,142ac3bbfb4e92b37954301d1eedb3dfb8a9c4b988de6be04dc871110aaa961b,0
fbneo/fbneo/madgearj.hi,156,8ee38b1ce348846927a089ffb209ef800a084ba26e22e49ce57ba395bd252e0f,0
fbneo/fbneo/madshark.hi,201,25d437cd8d33ec9475d080a6c4a9c3f832b0e55e032c02a794dbd67d74e3dfee,0
fbneo/fbneo/magicbub.hi,78,12a0f6ec7250a243eaa7f084de5145e463cdf151196ca7149f585cb2c4be92da,0
fbneo/fbneo/magicbubc.hi,77,8e8f8f4aeec7259f5b90982ce96a1e94ed2e9ff000a082a0f332c627a8a5b3d6,0
fbneo/fbneo/magix.hi,131,cb92b57125665e74bf6b508290c95782dc8109de5f1819c9413a69335585e247,0
fbneo/fbneo/mahoudai.hi,164,de2f87fb70d5f28f3630ae6dbb14cd306bbbc8a839a2ccb169514bd7ae9c4613,0
fbneo/fbneo/mainevt.hi,69,b36df4d2cab53714c42d9384d7f907e8707a09202fdb6c56718f3a8762abc9ab,0
fbneo/fbneo/majest12j.hi,53,32c85b9b4eb89bd7bdcdf7769a5e441585d41eeb9488bd7991c23c4835e2b1e9,0
fbneo/fbneo/majtitl2.hi,320,881539182d61d2c07abe92b05b47dc71f8f91cfca802d5c8ed49e00e51c6bdbb,0
fbneo/fbneo/majtitle.hi,155,ba2eefeb9b9aaea1a45eb2b62dc4a3f4b31c32a9490f6ed1b766181b1976e8e8,0
fbneo/fbneo/makaimur.hi,94,e06cae50f0cf422af1e1e0b4593925ee3f3f144c182c747b39ab5831cc30ebfc,0
fbneo/fbneo/makaimurc.hi,94,e06cae50f0cf422af1e1e0b4593925ee3f3f144c182c747b39ab5831cc30ebfc,0
fbneo/fbneo/makaimurg.hi,94,e06cae50f0cf422af1e1e0b4593925ee3f3f144c182c747b39ab5831cc30ebfc,0
fbneo/fbneo/maketrax.hi,33,f25e91ccb7683b11bb8bb1b9e01215b0c17d09d18ad76b6053251eb07458388f,0
fbneo/fbneo/maketrxb.hi,33,f25e91ccb7683b11bb8bb1b9e01215b0c17d09d18ad76b6053251eb07458388f,0
fbneo/fbneo/mangchi.hi,76,c6c53ed6a6754b20ec54d2d6329f14024b3e779e7a2ce4c61f05aa4b5bae7a6e,0
fbneo/fbneo/maniacsq.hi,72,a5a9fe6138cf36e20b1d3c02eff6b31d3f845f7b78023a4683b8743ce8834bfc,0
fbneo/fbneo/manybloc.hi,166,55b4aedc229827d34e32a42ce92b7568c9378a2f22f5e4b9a8b0ad13b606867b,0
fbneo/fbneo/marineb.hi,12,f60902b5ae42a5e64cb74cb05ba72f20dbfcd3e183bc8e06ba2ad8f651569c43,0
fbneo/fbneo/mariner.hi,33,759c4962f4b277ddcb5c05818954f58bef29ae059e377d76f930f98785caa536,0
fbneo/fbneo/mario.hi,233,447480a29a20ae617d5aaf0275d0533a499abb33d9672d0382a433f34e058e2b,0
fbneo/fbneo/marioe.hi,233,447480a29a20ae617d5aaf0275d0533a499abb33d9672d0382a433f34e058e2b,0
fbneo/fbneo/mariof.hi,233,447480a29a20ae617d5aaf0275d0533a499abb33d9672d0382a433f34e058e2b,0
fbneo/fbneo/marioj.hi,233,447480a29a20ae617d5aaf0275d0533a499abb33d9672d0382a433f34e058e2b,0
fbneo/fbneo/markham.hi,60,3ad0b67a65e28e0137f92dae45ae51982aef4354cdc34387ccbbb1d83395bcb1,0
fbneo/fbneo/mars.hi,27,cc880f272575de39671519fee0cd16f39418b758eea53dbcf5811985cf50292c,0
fbneo/fbneo/marvins.hi,75,522c622abfd82830eab502d3e5bc451bdf20bc670306e05d19a00cc51e91ee9a,0
fbneo/fbneo/masao.hi,233,299da9ceea98efe48f13aaa863c3a1c01e669febc1b59066b8f320d28b8dcd84,0
fbneo/fbneo/masterw.hi,40,bc44cec372f0cf96f6d7253c6ad07606825bc30341983b6459b8656c0b54a2f8,0
fbneo/fbneo/matmania.hi,83,d5513cab0d5c5744a51c77628f6e4cb7cb7675d949943f222f5375ef829a4f55,0
fbneo/fbneo/mazinger.hi,67,5fa335fc46674fa0b2e159ad38cf8321c4d97a025a677da824610e513f7dc15e,0
fbneo/fbneo/mbombrd.hi,176,9e5d9016ed52229887fe722ffe073119500312130fab1e97edb7218ce700aa19,0
fbneo/fbneo/mcatadv.hi,49,b20571222d21271a897e90f78bd92f5751e10c31a9b331aa77b9092cf4c6a148,0
fbneo/fbneo/mchampdx.hi,512,9ec5f01a654048087eff1dbd2233bd175976c54a201596a8ca308fecab1a3206,0
fbneo/fbneo/mechatt.hi,156,c465fc38e5ad47ff7e1d830c6ad293ab650c89f3422a40399ffc0a5ce3278819,0
fbneo/fbneo/megablst.hi,55,70d83ef80840348f58cb3558218050cd095c3093dfbbbfa93b2a6526373df3c9,0
fbneo/fbneo/megablstj.hi,55,70d83ef80840348f58cb3558218050cd095c3093dfbbbfa93b2a6526373df3c9,0
fbneo/fbneo/megablstu.hi,55,70d83ef80840348f58cb3558218050cd095c3093dfbbbfa93b2a6526373df3c9,0
fbneo/fbneo/megadon.hi,75,6d7f1f3933719d19e686c8e4f7fc87ccd1ac9078ce8c659e8dbf8cf6109cc100,0
fbneo/fbneo/megaforc.hi,124,8b007354a3824fcba8d4c81a2d175dae9964a7b602180dfa386a4c234b12ac2b,0
fbneo/fbneo/megaforcu.hi,124,8b007354a3824fcba8d4c81a2d175dae9964a7b602180dfa386a4c234b12ac2b,0
fbneo/fbneo/megazone.hi,141,7de5f653ea5f84d19550887179822fd8f3c69281b81c08c1d4b113d473a204b8,0
fbneo/fbneo/megazonea.hi,141,7de5f653ea5f84d19550887179822fd8f3c69281b81c08c1d4b113d473a204b8,0
fbneo/fbneo/megazoneb.hi,141,7de5f653ea5f84d19550887179822fd8f3c69281b81c08c1d4b113d473a204b8,0
fbneo/fbneo/megazoneh.hi,141,7de5f653ea5f84d19550887179822fd8f3c69281b81c08c1d4b113d473a204b8,0
fbneo/fbneo/megazonei.hi,141,7de5f653ea5f84d19550887179822fd8f3c69281b81c08c1d4b113d473a204b8,0
fbneo/fbneo/megazonej.hi,141,7de5f653ea5f84d19550887179822fd8f3c69281b81c08c1d4b113d473a204b8,0
fbneo/fbneo/mercs.hi,160,facb35e3ef240354a82ca1b44f5d30793c7c3981d49e187f6bd430e61047ee27,0
fbneo/fbneo/metafox.hi,140,e93a37f9aa2fd0a9462e9be73cfaf45061ffdcb8a2e1481af1a4b6f2489e5f55,0
fbneo/fbneo/metalb.hi,44,7baa0feb8086569ac9968480b0fbb8e8716b1b61bdffd2f38b1a51734f9347e6,0
fbneo/fbneo/metalbj.hi,44,7baa0feb8086569ac9968480b0fbb8e8716b1b61bdffd2f38b1a51734f9347e6,0
fbneo/fbneo/metamrph.hi,53,a24ca0852a423b695ac73c0f1779b2297e409e006d8eb08b0b77193332d3533d,0
fbneo/fbneo/meteorho.hi,54,4ca9bec9c74b305dbcdd93f73dd9e5dda32bbab25d1af95aca8ec46d353f4561,0
fbneo/fbneo/meteorts.hi,54,57dab2623b7387d7818967628b82e1977d85fa71c08350086f88ac83077edabb,0
fbneo/fbneo/metlclsh.hi,143,b4ee6761c8402b1109aaf888d7da3e4b2d10b4b4f165fb0951914ad1c3e5bbf8,0
fbneo/fbneo/metlfrzr.hi,160,2ee6c62000eafdbd3ead72b3e7b2a2378a5b1769391771b9eb7393c146680826,0
fbneo/fbneo/metlsavr.hi,99,ae53e5ff2031d527c1a6d01230794d78d951a64b934efa857fbf5e1d69491950,0
fbneo/fbneo/metmqstr.hi,256,74e657b2b724e3cdda2f332cb0816a0d3b4f5409f008fe99dd11eea125a521b6,0
fbneo/fbneo/metrocrs.hi,133,00e783e370fdfebb08c6b8333bfcf09405042769c5489d6dd705f4d8b37e863b,0
fbneo/fbneo/metrocrsa.hi,133,00e783e370fdfebb08c6b8333bfcf09405042769c5489d6dd705f4d8b37e863b,0
fbneo/fbneo/mgcrystl.hi,128,dad372f9a49e2a8535854c2a0dbea8147ef3fb0c15955f147ab297ec7bce5495,0
fbneo/fbneo/mhavoc.hi,71,c3322bef75439e343cc01d96e9d6250a5080427dff77de079c238ec15febe199,0
fbneo/fbneo/mia.hi,83,2b2ef4c24684a53cf5c6779e0a7eb1e38702e1be88727ea0daa4d225347be921,0
fbneo/fbneo/midres.hi,81,a1117982d4e816800ee39161d233b5aab75735232f6f075953f685b0de29bfaf,0
fbneo/fbneo/milliped.hi,31,3c7cb890ea768ac251f87811a1215c29a84a2eb4be097a3fad9ee7d826824180,0
fbneo/fbneo/mimonkey.hi,24,1a9511675170a7786fb3e77ecdee0503d50d1e5809d7701897fc706723788f10,0
fbneo/fbneo/mimonsco.hi,24,1a9511675170a7786fb3e77ecdee0503d50d1e5809d7701897fc706723788f10,0
fbneo/fbneo/mimonscr.hi,24,1a9511675170a7786fb3e77ecdee0503d50d1e5809d7701897fc706723788f10,0
fbneo/fbneo/minefld.hi,60,1b04d17f7491ba3c51d8c9d3cfa327e50a320b29275756ff7b0b49359d58a052,0
fbneo/fbneo/miraxa.hi,51,635acd9cb139f04086365d40c47cd9a5a8076fb7a1749c96fe8e062f95bd6160,0
fbneo/fbneo/missile.hi,48,c4389d573eb072c9a656958aa19b113ecda8a9dc41a4ce99926ac8721911380e,0
fbneo/fbneo/missile1.hi,48,d0525f2f3694a3838c90bc8cb4035a37c00bbb1327626b832f2b1d24302095b8,0
fbneo/fbneo/missile2.hi,48,c4389d573eb072c9a656958aa19b113ecda8a9dc41a4ce99926ac8721911380e,0
fbneo/fbneo/missw02.hi,99,d537f1ec45daa55e8d020fda38c1eb2fe55c71e8295ad38758aa244664a527a2,0
fbneo/fbneo/missw96.hi,29,c5c6c92af6047b1785859eacc2639195871f48e166ddd753404c61c943e9de70,0
fbneo/fbneo/mizubaku.hi,40,9425db7115004235d8dd7a47edf488f64efbce7fde4413cfc41d245ffb188a7b,0
fbneo/fbneo/mjleague.hi,80,eb294a2d70ec99afe8f8643f8468cc321a62874cd362693d74d4b77786f4b811,0
fbneo/fbneo/mltiwars.hi,3,709e80c88487a2411e1ee4dfb9f22a861492d20c4765150c0c794abd70f8147c,1
fbneo/fbneo/mmatrix.hi,326,454cf854c35e554047e0a0b29c1ba2394069a4648069117e736baac1ff8ecb15,0
fbneo/fbneo/mmatrixj.hi,326,454cf854c35e554047e0a0b29c1ba2394069a4648069117e736baac1ff8ecb15,0
fbneo/fbneo/mmonkey.hi,39,b2586f772ed9db7305eb9351aad4328987da0704eb3751514620eccf3c0870fa,0
fbneo/fbneo/mnight.hi,68,94a940d5ab9a52fe00a3cc61828d0058032ccdf45c23f363ecdf04044a521694,0
fbneo/fbneo/mofflott.hi,117,0fbf955535a0066d10fd13d3a8caa8e18d1b123fa06effcd76cd0808e2889fb4,0
fbneo/fbneo/moguchan.hi,6,b0f66adc83641586656866813fd9dd0b8ebb63796075661ba45d1aa8089e1d44,1
fbneo/fbneo/mole.hi,90,616484f4eb05d0f640d583e514ef75f015a28817ee2cc33c135d81e203ab52b1,0
fbneo/fbneo/momoko.hi,166,ee9404ab80bc39b38da46165c6be8af79a6a3269a9700a7ceacbe697480bee10,0
fbneo/fbneo/moomesa.hi,151,384e239bf001b1c5f1f18b6f67dd250a254d6ffca7e3931a55688f175fcae274,0
fbneo/fbneo/moonal2.hi,6,903552b4b6ee06d3733e9c5f82576724edad10008808374313825d0a1707727f,0
fbneo/fbneo/mooncmw.hi,84,6754714191601a01e0d675147b1bf9909dddacf6ef222a1d69c334f2532386cb,0
fbneo/fbneo/mooncptc.hi,84,6754714191601a01e0d675147b1bf9909dddacf6ef222a1d69c334f2532386cb,0
fbneo/fbneo/mooncreg.hi,84,6754714191601a01e0d675147b1bf9909dddacf6ef222a1d69c334f2532386cb,0
fbneo/fbneo/mooncrgx.hi,84,6754714191601a01e0d675147b1bf9909dddacf6ef222a1d69c334f2532386cb,0
fbneo/fbneo/mooncrs2.hi,84,6754714191601a01e0d675147b1bf9909dddacf6ef222a1d69c334f2532386cb,0
fbneo/fbneo/mooncrs3.hi,84,6754714191601a01e0d675147b1bf9909dddacf6ef222a1d69c334f2532386cb,0
fbneo/fbneo/mooncrs4.hi,84,6754714191601a01e0d675147b1bf9909dddacf6ef222a1d69c334f2532386cb,0
fbneo/fbneo/mooncrs5.hi,84,6754714191601a01e0d675147b1bf9909dddacf6ef222a1d69c334f2532386cb,0
fbneo/fbneo/mooncrsb.hi,84,6754714191601a01e0d675147b1bf9909dddacf6ef222a1d69c334f2532386cb,0
fbneo/fbneo/mooncrsl.hi,84,6754714191601a01e0d675147b1bf9909dddacf6ef222a1d69c334f2532386cb,0
fbneo/fbneo/mooncrst.hi,84,796174cac4f2cd91fb00fef1f6f42a7665dc4b642ff042918b81aa66dac33dba,0
fbneo/fbneo/mooncrstg.hi,84,35eaf64c46c0d253a6afd5abc4f8867e27a79fa2affd67e2c4f31063e21809c0,0
fbneo/fbneo/mooncrsto.hi,85,89382d16ed67c835a241309168fd43ba85bc26313c67d428e7f01b1cdef641e2,0
fbneo/fbneo/mooncrstu.hi,84,6754714191601a01e0d675147b1bf9909dddacf6ef222a1d69c334f2532386cb,0
fbneo/fbneo/mooncrstuk.hi,84,6754714191601a01e0d675147b1bf9909dddacf6ef222a1d69c334f2532386cb,0
fbneo/fbneo/mooncrstuku.hi,84,6754714191601a01e0d675147b1bf9909dddacf6ef222a1d69c334f2532386cb,0
fbneo/fbneo/moonqsr.hi,48,cea9d54bd24844ca2219fa73834eac958d0bf024cf955f57f6ed5e8404ff4850,0
fbneo/fbneo/moonwar.hi,60,c3968bf266b7db56707d57cdeb414d5f8d4880ac760f390ff4a0d7b44312162d,0
fbneo/fbneo/moonwara.hi,60,c3968bf266b7db56707d57cdeb414d5f8d4880ac760f390ff4a0d7b44312162d,0
fbneo/fbneo/motorace.hi,78,b11aa74758de091efd6b219fe9c2a1fad7dc7a6d8b51d730142c5dd4cef63413,0
fbneo/fbneo/motos.hi,164,28e84381dac943ae62a709c4c3fd192010d6cf7dc778548bb40eeab8a7210247,0
fbneo/fbneo/mototour.hi,78,b11aa74758de091efd6b219fe9c2a1fad7dc7a6d8b51d730142c5dd4cef63413,0
fbneo/fbneo/mototoura.hi,78,b11aa74758de091efd6b219fe9c2a1fad7dc7a6d8b51d730142c5dd4cef63413,0
fbneo/fbneo/mouser.hi,171,7148ef06b9e31048562869319740909f52f936e90c23490ef562703a2358626b,0
fbneo/fbneo/mpang.hi,480,00720b28208a2eeeb17bc997443972f447f54655ba59d137b84dbfef77e6a104,0
fbneo/fbneo/mpanga.hi,480,00720b28208a2eeeb17bc997443972f447f54655ba59d137b84dbfef77e6a104,0
fbneo/fbneo/mpangj.hi,480,00720b28208a2eeeb17bc997443972f447f54655ba59d137b84dbfef77e6a104,0
fbneo/fbneo/mpangr1.hi,480,3dd7c7b21576fdd00b07f9c50de7900c4ec3a203bf35d14750bbfb767e9f4b1e,0
fbneo/fbneo/mpangu.hi,480,00720b28208a2eeeb17bc997443972f447f54655ba59d137b84dbfef77e6a104,0
fbneo/fbneo/mpatrol.hi,44,85759b3811ff7dc47b03792ac85317be51431a3f9e01dcafce317ed736a391b0,1
fbneo/fbneo/mpatrolw.hi,44,85759b3811ff7dc47b03792ac85317be51431a3f9e01dcafce317ed736a391b0,1
fbneo/fbneo/mranger.hi,44,85759b3811ff7dc47b03792ac85317be51431a3f9e01dcafce317ed736a391b0,1
fbneo/fbneo/mrdo.hi,100,3f4b586e616454cdda1e9aae2db8271ed1a68b2ad201fa2da066aa9a4b199f00,0
fbneo/fbneo/mrdofix.hi,100,3f4b586e616454cdda1e9aae2db8271ed1a68b2ad201fa2da066aa9a4b199f00,0
fbneo/fbneo/mrdot.hi,100,3f4b586e616454cdda1e9aae2db8271ed1a68b2ad201fa2da066aa9a4b199f00,0
fbneo/fbneo/mrdoy.hi,100,3f4b586e616454cdda1e9aae2db8271ed1a68b2ad201fa2da066aa9a4b199f00,0
fbneo/fbneo/mrdu.hi,100,3f4b586e616454cdda1e9aae2db8271ed1a68b2ad201fa2da066aa9a4b199f00,0
fbneo/fbneo/mrflea.hi,159,713faa858edeeac8fd5280f448ee2b9523f3a32c1abca73d765f61e2864eb5ca,0
fbneo/fbneo/mrgoemon.hi,63,46ded37c75d9efa82c59285895d6faa7cd041569fdfabdf7af5193a5aca01d69,0
fbneo/fbneo/mrjong.hi,158,bcc6efc0f783a2efc9d7bf6674ae222337e4007d2ea8792c03f54605ced2efb7,0
fbneo/fbneo/mrkougar.hi,24,842ceacbfa652a76d549ce6b4c953c22b8582b6b0af10150d206a079d6fb0b3b,0
fbneo/fbneo/mrlo.hi,100,3f4b586e616454cdda1e9aae2db8271ed1a68b2ad201fa2da066aa9a4b199f00,0
fbneo/fbneo/mrtnt.hi,66,34eafb445a169676c5275682e8e5b0a0a76f4b667a6a63971ceb1f3665f4cff5,0
fbneo/fbneo/mrviking.hi,45,69aa718a7511c041c2be8fb397318c75c0888966ee91098f8f07cf26426e64a0,0
fbneo/fbneo/mrvikingj.hi,45,69aa718a7511c041c2be8fb397318c75c0888966ee91098f8f07cf26426e64a0,0
fbneo/fbneo/msbingo.hi,59,c57d024bec5eecddad196174e3a8e2d11735c71989d6ea9a39196318814af9ee,0
fbneo/fbneo/mschamps.hi,11,62a79ef7b9a169cbcbb37b394f7e93db8fa3f7629bdda2c456a139c8e080bb89,0
fbneo/fbneo/msgogo.hi,71,2ad7c8a00895249b11a5d35e7ba1c8726a14a5692c059f40008833922577dd4d,0
fbneo/fbneo/msgundam.hi,99,751f90c9c30f719527519238543311aff2a37cc0e19d70cfcc9e9e7323c3d979,0
fbneo/fbneo/msh.hi,159,0ceb4002954b5280be106c9798e397af2f2c57819dff200c7f9bf864735920fe,0
fbneo/fbneo/msha.hi,159,0ceb4002954b5280be106c9798e397af2f2c57819dff200c7f9bf864735920fe,0
fbneo/fbneo/mshb.hi,159,0ceb4002954b5280be106c9798e397af2f2c57819dff200c7f9bf864735920fe,0
fbneo/fbneo/mshbr1.hi,159,0ceb4002954b5280be106c9798e397af2f2c57819dff200c7f9bf864735920fe,0
fbneo/fbneo/msheartb.hi,11,62a79ef7b9a169cbcbb37b394f7e93db8fa3f7629bdda2c456a139c8e080bb89,0
fbneo/fbneo/mshh.hi,159,0ceb4002954b5280be106c9798e397af2f2c57819dff200c7f9bf864735920fe,0
fbneo/fbneo/mshj.hi,159,0ceb4002954b5280be106c9798e397af2f2c57819dff200c7f9bf864735920fe,0
fbneo/fbneo/mshjr1.hi,159,0ceb4002954b5280be106c9798e397af2f2c57819dff200c7f9bf864735920fe,0
fbneo/fbneo/mshu.hi,159,0ceb4002954b5280be106c9798e397af2f2c57819dff200c7f9bf864735920fe,0
fbneo/fbneo/mshuttle.hi,88,1c65282d0a75d1c65cfe274d58482c9ce6aca53fc11603e668c588521a409d14,0
fbneo/fbneo/mshvsf.hi,99,a10bd1ba2aabc1810ce129f04a5356c7b3ddfad4e71251089df6a58706476374,0
fbneo/fbneo/mshvsfa1.hi,99,a10bd1ba2aabc1810ce129f04a5356c7b3ddfad4e71251089df6a58706476374,0
fbneo/fbneo/msisaac.hi,80,f41f02950cf27d6ec5efd40cad597302b2bb63ba0136faa24ddb70a603094806,0
fbneo/fbneo/mslider.hi,169,d3d96ddfc863e9eafb51145bc357246038108b4046fdd1f4f5421a4fc208a0e5,0
fbneo/fbneo/mslugx.hi,81,09b27a0c462c9ba81a75e4063c8451483e8bd24f71fbd1792c8b2253f6b41e80,0
fbneo/fbneo/mspacmab.hi,11,62a79ef7b9a169cbcbb37b394f7e93db8fa3f7629bdda2c456a139c8e080bb89,0
fbneo/fbneo/mspacmab2.hi,11,62a79ef7b9a169cbcbb37b394f7e93db8fa3f7629bdda2c456a139c8e080bb89,0
fbneo/fbneo/mspacman.hi,11,62a79ef7b9a169cbcbb37b394f7e93db8fa3f7629bdda2c456a139c8e080bb89,0
fbneo/fbneo/mspacmanbcc.hi,11,62a79ef7b9a169cbcbb37b394f7e93db8fa3f7629bdda2c456a139c8e080bb89,0
fbneo/fbneo/mspacmanbco.hi,11,62a79ef7b9a169cbcbb37b394f7e93db8fa3f7629bdda2c456a139c8e080bb89,0
fbneo/fbneo/mspacmanbg.hi,11,62a79ef7b9a169cbcbb37b394f7e93db8fa3f7629bdda2c456a139c8e080bb89,0
fbneo/fbneo/mspacmanbg2.hi,11,62a79ef7b9a169cbcbb37b394f7e93db8fa3f7629bdda2c456a139c8e080bb89,0
fbneo/fbneo/mspacmanbgd.hi,11,62a79ef7b9a169cbcbb37b394f7e93db8fa3f7629bdda2c456a139c8e080bb89,0
fbneo/fbneo/mspacmat.hi,11,62a79ef7b9a169cbcbb37b394f7e93db8fa3f7629bdda2c456a139c8e080bb89,0
fbneo/fbneo/mspacmbe.hi,11,62a79ef7b9a169cbcbb37b394f7e93db8fa3f7629bdda2c456a139c8e080bb89,0
fbneo/fbneo/mspacmbmc.hi,11,62a79ef7b9a169cbcbb37b394f7e93db8fa3f7629bdda2c456a139c8e080bb89,0
fbneo/fbneo/mspacmnf.hi,11,62a79ef7b9a169cbcbb37b394f7e93db8fa3f7629bdda2c456a139c8e080bb89,0
fbneo/fbneo/mspacpls.hi,11,62a79ef7b9a169cbcbb37b394f7e93db8fa3f7629bdda2c456a139c8e080bb89,0
fbneo/fbneo/mspuzzle.hi,59,19947478064192ef4b9ec8a6aa228ce6b61245523725e125be5556037850248d,0
fbneo/fbneo/mstworld.hi,161,60e53e37a1be55a5ab5964ed5818274c41abfe8e43930750350debc2832a5b1a,0
fbneo/fbneo/msword.hi,158,556e1133eb092e4fb839b5f4c76eeae1c3db67db77a7a16578b20052c72ddd43,0
fbneo/fbneo/mswordj.hi,158,556e1133eb092e4fb839b5f4c76eeae1c3db67db77a7a16578b20052c72ddd43,0
fbneo/fbneo/mswordr1.hi,158,556e1133eb092e4fb839b5f4c76eeae1c3db67db77a7a16578b20052c72ddd43,0
fbneo/fbneo/mswordu.hi,158,556e1133eb092e4fb839b5f4c76eeae1c3db67db77a7a16578b20052c72ddd43,0
fbneo/fbneo/mtwins.hi,444,f69eb5a94d07a15e74edf80ea7298c104c5b89ba100759e7ae77e0253e2ed81c,0
fbneo/fbneo/mugsmash.hi,93,e7a716d08561bd7968b71411370b2ef7a819ff5f245bbbc129e7a7d68f6647e6,0
fbneo/fbneo/multchmp.hi,63,75af8311c224ab9e2d59ec18811dd5f67da26d1218a221874f7833ba6aaaf2f3,0
fbneo/fbneo/mustache.hi,80,78dcae45a209a320ec8f196ff9fc6b1843a547c4b311d5ac4debaefaf73022e9,0
fbneo/fbneo/mustang.hi,4,d7146436f88ea733e95ac817f05b41f0755b725f6fa693e5b09a88e0caca0458,0
fbneo/fbneo/mutantf.hi,51,05fc7032df8bb5ceb6bce0559ca4b336ad4b9dc9fac6cb14d51a307fad8a3865,0
fbneo/fbneo/mutantf1.hi,51,05fc7032df8bb5ceb6bce0559ca4b336ad4b9dc9fac6cb14d51a307fad8a3865,0
fbneo/fbneo/mvp.hi,139,53451cb71942a7b8504bf9952d4e4c7754aba141af4f988454ddc048c704b435,0
fbneo/fbneo/mvsc.hi,102,02d1ef5d62122acf4ca4fc59c717679f23853aa520d18a22258a4a159abd0cd1,0
fbneo/fbneo/mvscu.hi,102,02d1ef5d62122acf4ca4fc59c717679f23853aa520d18a22258a4a159abd0cd1,0
fbneo/fbneo/mvscud.hi,102,02d1ef5d62122acf4ca4fc59c717679f23853aa520d18a22258a4a159abd0cd1,0
fbneo/fbneo/mwarr.hi,61,c1a57cb23c890c62afe251b40afeb6e045aec1bac915444d90f02ade945a6bc2,0
fbneo/fbneo/mx5000.hi,83,d35f0785bae84e14627154c011956e0e0e057b7145a0a0d75bfcdf4c34f0e6b5,0
fbneo/fbneo/myhero.hi,63,a3225eb3c13ec4c6db40c42a414aca0b51956118a0d0f2aad316255255f659be,0
fbneo/fbneo/mysticri.hi,204,83c35114baa283e3f756b2ed167411d99ec5d27b1b314fb9721d23c16bf35780,0
fbneo/fbneo/mystston.hi,68,d117f303f8e7ee60f5eebe14824bcc707dac654722d0f8fccc8cc695c88a8d37,0
fbneo/fbneo/myststono.hi,68,d117f303f8e7ee60f5eebe14824bcc707dac654722d0f8fccc8cc695c88a8d37,0
fbneo/fbneo/myststonoi.hi,68,d117f303f8e7ee60f5eebe14824bcc707dac654722d0f8fccc8cc695c88a8d37,0
fbneo/fbneo/mystwarr.hi,83,06fd3f7ee23d7c152f355e6c4a1cd36907bcaf2f25dd1094999e4ff344e5bc3e,0
fbneo/fbneo/naname.hi,79,2e12f8cb1396e18a87179e36142e8378e8c3c86b79c181f7bbf3f3073976a0f8,0
fbneo/fbneo/nastarw.hi,61,2e6765de9e229c355103b5a1a2fde4f6d38374400b671af8d4079a9fb855b56e,0
fbneo/fbneo/natodef.hi,73,52a52612d65e0ee3fef18f0d039f76d8e773732997c500649d3d8134166190fa,0
fbneo/fbneo/natodefa.hi,73,52a52612d65e0ee3fef18f0d039f76d8e773732997c500649d3d8134166190fa,0
fbneo/fbneo/naughtyb.hi,12,4e1c6990cb7ce7d9581840e457e05b049e92e0d3aff50acdb3e2452ad693af39,0
fbneo/fbneo/naughtyba.hi,12,4e1c6990cb7ce7d9581840e457e05b049e92e0d3aff50acdb3e2452ad693af39,0
fbneo/fbneo/naughtybb.hi,12,4e1c6990cb7ce7d9581840e457e05b049e92e0d3aff50acdb3e2452ad693af39,0
fbneo/fbneo/naughtybc.hi,12,4e1c6990cb7ce7d9581840e457e05b049e92e0d3aff50acdb3e2452ad693af39,0
fbneo/fbneo/navarone.hi,3,709e80c88487a2411e1ee4dfb9f22a861492d20c4765150c0c794abd70f8147c,1
fbneo/fbneo/nebulray.hi,142,1ebc611b2f6e4f7d4953a835c5baf48b6d3cc24ef6e748713eb3851a36f564c8,0
fbneo/fbneo/nebulrayj.hi,142,1ebc611b2f6e4f7d4953a835c5baf48b6d3cc24ef6e748713eb3851a36f564c8,0
fbneo/fbneo/nemesis.hi,146,a5d2837b6b19a1efb38e0648fc90475b910f80a85558067a8f274e630d54fa96,0
fbneo/fbneo/nemesisuk.hi,146,a5d2837b6b19a1efb38e0648fc90475b910f80a85558067a8f274e630d54fa96,0
fbneo/fbneo/nemo.hi,64,ea7d56dc4152f4794292830af59cc588c1eed842a5bea152c096096d21567278,0
fbneo/fbneo/neobattl.hi,120,5470bd669ea9dce09f79307a7ece3fd84b82375838a5cc60784d828bd0f56b9f,0
fbneo/fbneo/newfant.hi,98,7bb6b1c3bacb3a30163df0781a770e022a8e07181124aad7e89e199d910fccb6,0
fbneo/fbneo/newpuc2.hi,11,62a79ef7b9a169cbcbb37b394f7e93db8fa3f7629bdda2c456a139c8e080bb89,0
fbneo/fbneo/newpuc2b.hi,11,62a79ef7b9a169cbcbb37b394f7e93db8fa3f7629bdda2c456a139c8e080bb89,0
fbneo/fbneo/newpuckx.hi,11,62a79ef7b9a169cbcbb37b394f7e93db8fa3f7629bdda2c456a139c8e080bb89,0
fbneo/fbneo/news.hi,8,2907c65579b56a4f8def8dc78eab9b754c04188d6b4787accc0e44686e4e5ccf,0
fbneo/fbneo/newsin7.hi,75,bd69e0347bca77ed182fdebaa539774ba1e7a37d52725bc2baa8dbdd653d9fe1,0
fbneo/fbneo/newtangl.hi,33,63f4cd1cd1166f5aecbe9845da30afa5814afa574db572c0794d65350186c4f7,0
fbneo/fbneo/nextfase.hi,27,568144d9b92ae8a3c63f5a6becf40a562a1c998a329bd288d29c68120ca93fdb,0
fbneo/fbneo/nibbler.hi,70,19a4bbea175bb8e604f8c5a9066b62ccf48441e8333659aa816f6031b72ddc4f,0
fbneo/fbneo/nibbler6.hi,70,19a4bbea175bb8e604f8c5a9066b62ccf48441e8333659aa816f6031b72ddc4f,0
fbneo/fbneo/nibbler7.hi,70,19a4bbea175bb8e604f8c5a9066b62ccf48441e8333659aa816f6031b72ddc4f,0
fbneo/fbneo/nibbler8.hi,70,8f2a51db0d1f98f0ec97f736ea2e68df32b7ef1da849ebb193f7e55c775f97c6,0
fbneo/fbneo/nibblera.hi,70,19a4bbea175bb8e604f8c5a9066b62ccf48441e8333659aa816f6031b72ddc4f,0
fbneo/fbneo/nibblero.hi,70,8f2a51db0d1f98f0ec97f736ea2e68df32b7ef1da849ebb193f7e55c775f97c6,0
fbneo/fbneo/nibblerp.hi,70,19a4bbea175bb8e604f8c5a9066b62ccf48441e8333659aa816f6031b72ddc4f,0
fbneo/fbneo/nightstr.hi,503,8d4d748172014ffa919d681d01bd8e893201a81d52bef5ea4ef0451328f13895,0
fbneo/fbneo/ninjak.hi,72,1f651ee2ea7adac65b0a749977f3af94b032482ad2346d9fb7ea47762198d77b,0
fbneo/fbneo/ninjakd2.hi,103,dbe15c36dedc11379eb360a7e240074927c7af0cedd16bdc79866f32e1617a5f,0
fbneo/fbneo/ninjakd2a.hi,103,dbe15c36dedc11379eb360a7e240074927c7af0cedd16bdc79866f32e1617a5f,0
fbneo/fbneo/ninjakd2b.hi,103,dbe15c36dedc11379eb360a7e240074927c7af0cedd16bdc79866f32e1617a5f,0
fbneo/fbneo/ninjemak.hi,68,5ff0c574d87f629176f52df38bbf236bce79bbf5147a9f9d2bbc9c5b976bb3a3,0
fbneo/fbneo/nitd.hi,63,3a7afbe15b844f78b0b665e4390cc6145a53638f0baf2914d5655e712cc29ff2,0
fbneo/fbneo/nitdbl.hi,63,3a7afbe15b844f78b0b665e4390cc6145a53638f0baf2914d5655e712cc29ff2,0
fbneo/fbneo/nitrobal.hi,336,dc256818ba5d6d64dfb2027ef882f733230660650ba3aad56ea4ec9a01f53ed6,0
fbneo/fbneo/nkdodge.hi,3,709e80c88487a2411e1ee4dfb9f22a861492d20c4765150c0c794abd70f8147c,1
fbneo/fbneo/nkdodgeb.hi,3,709e80c88487a2411e1ee4dfb9f22a861492d20c4765150c0c794abd70f8147c,1
fbneo/fbneo/nmg5.hi,255,99dbf42f7ccfcae51371d34cfec911d7d1b6bb6354eb8642c0bc9d2aec99d63f,0
fbneo/fbneo/nmouse.hi,11,35400258cebdc831e2c1ac3bfe90f74d6d3543a41543c8938f4e4631c084bb60,0
fbneo/fbneo/nmouseb.hi,11,84297a882b533575399bbfbddc1a046e8673bb72e888b1093fe2bd4cb0cfcff1,0
fbneo/fbneo/nob.hi,63,37a0a39a3590ae6f278d988962da24c5119d3cbc002c31a2d994639c086f11a8,0
fbneo/fbneo/nova2001.hi,62,1f9eaba2503dc2a967bf2de1fea5e54d26e2f4694759a1e0e8eb2ee17d34940f,0
fbneo/fbneo/nova2001u.hi,62,1f9eaba2503dc2a967bf2de1fea5e54d26e2f4694759a1e0e8eb2ee17d34940f,0
fbneo/fbneo/nslasheru.hi,81,14cfa55b9091a8caa4f915b225cd6c8471ebf9d5fd6aae11d7bb087190a44a98,0
fbneo/fbneo/nspirit.hi,123,3818e02556fc530b70d3559b58272f204a8e45e3d339e34f07e5ffd062873021,0
fbneo/fbneo/nwarr.hi,72,b4517d3e3b3a17193627b431f4ba027a1ef858e5511c0117045bd5df4697a402,0
fbneo/fbneo/nzeroteam.hi,75,4871f4a42ae24cd14afc9c2100dca70c220b9826a8832dc2d9051c6aa46363b0,0
fbneo/fbneo/offensiv.hi,33,759c4962f4b277ddcb5c05818954f58bef29ae059e377d76f930f98785caa536,0
fbneo/fbneo/ohmygod.hi,236,6495a5f631305d94d622987e12c319f1e120f10a44380a6618907974649ad51d,0
fbneo/fbneo/oisipuzl.hi,78,04c84147856debeba8d5be0d53c7b8f6585eea8ce79fe9163a5785e11bdb4d4d,0
fbneo/fbneo/omega.hi,77,9f59a89c05bb15d9d6ba8f5c99d01f95a9187fcc188036bfe1050d3b27986578,0
fbneo/fbneo/omegaa.hi,77,9f59a89c05bb15d9d6ba8f5c99d01f95a9187fcc188036bfe1050d3b27986578,0
fbneo/fbneo/omegaf.hi,131,aedc257c490d4f279b96d61d4cfc0489ddf3e0b6a9b463a170c307d4cf6ba3d2,0
fbneo/fbneo/omegafs.hi,131,aedc257c490d4f279b96d61d4cfc0489ddf3e0b6a9b463a170c307d4cf6ba3d2,0
fbneo/fbneo/omegrace.hi,127,4330bdfd5e6db19dedb093a197824f310919204d89bf82108ba6e1a742b6c97b,0
fbneo/fbneo/omni.hi,3,709e80c88487a2411e1ee4dfb9f22a861492d20c4765150c0c794abd70f8147c,1
fbneo/fbneo/onetwo.hi,82,38bacba69a2b90bc97f0c5ef1623ae321f400a92f3d22615c5e41491540ca1ba,0
fbneo/fbneo/onna34ro.hi,133,785dde77a3cf6a01f3d5f46aee240f4c548c448b78f4031770002c01a39d5f23,0
fbneo/fbneo/opwolf.hi,176,aeeb6e4b9a028ea55c9cd3774afc3114490455f39ce1dd51da8a92d3abc369fe,0
fbneo/fbneo/opwolfa.hi,176,aeeb6e4b9a028ea55c9cd3774afc3114490455f39ce1dd51da8a92d3abc369fe,0
fbneo/fbneo/opwolfb.hi,176,aeeb6e4b9a028ea55c9cd3774afc3114490455f39ce1dd51da8a92d3abc369fe,0
fbneo/fbneo/opwolfj.hi,176,aeeb6e4b9a028ea55c9cd3774afc3114490455f39ce1dd51da8a92d3abc369fe,0
fbneo/fbneo/opwolfjsc.hi,176,aeeb6e4b9a028ea55c9cd3774afc3114490455f39ce1dd51da8a92d3abc369fe,0
fbneo/fbneo/opwolfu.hi,176,aeeb6e4b9a028ea55c9cd3774afc3114490455f39ce1dd51da8a92d3abc369fe,0
fbneo/fbneo/orbitron.hi,3,709e80c88487a2411e1ee4dfb9f22a861492d20c4765150c0c794abd70f8147c,1
fbneo/fbneo/orbs.hi,337,3de6f4cc0c135f4cf94eae1608b7d4434e042e9c387112034d3ec53b8fec38fd,0
fbneo/fbneo/ordyne.hi,44,b0bb72b20a7fe3bc11fc8d1df7aafda0fc7aa279a73e14ff8c638cb59c64b755,0
fbneo/fbneo/orlegend.hi,212,4a8520fd0a21d702b9673406914737e3f9a5e41cc3a13495dfe8aa38d2ef656a,0
fbneo/fbneo/orlegendc.hi,212,4a8520fd0a21d702b9673406914737e3f9a5e41cc3a13495dfe8aa38d2ef656a,0
fbneo/fbneo/oscar.hi,73,ce33f0648105ec1b19db4b4f8f58234e369db18b7cec77d48dbba34a9dd1fb2c,0
fbneo/fbneo/osman.hi,239,641cc6810af341b8bbb9ce48545ce71d3354b419709298ca78cc5aef89240d8f,0
fbneo/fbneo/othunder.hi,1081,6def2a64686d8c73e2fe1c7aa959cdb978fca2688dcc4eeb881de93ac211a030,0
fbneo/fbneo/othunderj.hi,1081,6def2a64686d8c73e2fe1c7aa959cdb978fca2688dcc4eeb881de93ac211a030,0
fbneo/fbneo/othunderjsc.hi,1081,6def2a64686d8c73e2fe1c7aa959cdb978fca2688dcc4eeb881de93ac211a030,0
fbneo/fbneo/othundero.hi,1081,6def2a64686d8c73e2fe1c7aa959cdb978fca2688dcc4eeb881de93ac211a030,0
fbneo/fbneo/othunderu.hi,1081,6def2a64686d8c73e2fe1c7aa959cdb978fca2688dcc4eeb881de93ac211a030,0
fbneo/fbneo/othunderuo.hi,1081,6def2a64686d8c73e2fe1c7aa959cdb978fca2688dcc4eeb881de93ac211a030,0
fbneo/fbneo/outrun.hi,280,fdd0b33d338e4bfdd88d819810599befc51e6d6a61ad9fb7bdbbd8888333c3e0,0
fbneo/fbneo/outrunb.hi,280,fdd0b33d338e4bfdd88d819810599befc51e6d6a61ad9fb7bdbbd8888333c3e0,0
fbneo/fbneo/outrundx.hi,281,bdd9a22736779eff9e8932f591db2893684aca59c86a58c981f38ccfeb6dfb64,0
fbneo/fbneo/outrundxa.hi,281,bdd9a22736779eff9e8932f591db2893684aca59c86a58c981f38ccfeb6dfb64,0
fbneo/fbneo/outrunra.hi,281,db20958db5de381972c83f34a154c7b257cb618c0711fe7197d7adc4b9e0b67d,0
fbneo/fbneo/outzonec.hi,113,9f557a50f543443d429247bacbdcb7d04dcc995db33ae5b4c29dffc5ab6fa22a,0
fbneo/fbneo/ozmawars.hi,2,96a296d224f285c67bee93c30f8a309157f0daa35dc5b87e410b78630a09cfc7,1
fbneo/fbneo/ozon1.hi,81,3f968d3367a75428e2c5a03aea2c2452cd4342846e9a69785c3f6214e41320ca,0
fbneo/fbneo/p47.hi,120,acd24fc2b5a46b3ffc1509aacf6a4f63416594e23e94e5dca4b318eb66f419fb,0
fbneo/fbneo/p47aces.hi,120,6c3f3ce536f82ae4a3fe448658aebb34347acd346b75935b6f21a2987c31c937,0
fbneo/fbneo/p47j.hi,120,acd24fc2b5a46b3ffc1509aacf6a4f63416594e23e94e5dca4b318eb66f419fb,0
fbneo/fbneo/p47je.hi,120,acd24fc2b5a46b3ffc1509aacf6a4f63416594e23e94e5dca4b318eb66f419fb,0
fbneo/fbneo/pacgal.hi,11,62a79ef7b9a169cbcbb37b394f7e93db8fa3f7629bdda2c456a139c8e080bb89,0
fbneo/fbneo/pacland.hi,78,2989c1e687749b601ac3c931e416a874a27c9ca087d7854908b7a80da1efd451,0
fbneo/fbneo/paclandj.hi,78,2989c1e687749b601ac3c931e416a874a27c9ca087d7854908b7a80da1efd451,0
fbneo/fbneo/paclandjo.hi,78,2989c1e687749b601ac3c931e416a874a27c9ca087d7854908b7a80da1efd451,0
fbneo/fbneo/paclandjo2.hi,78,2989c1e687749b601ac3c931e416a874a27c9ca087d7854908b7a80da1efd451,0
fbneo/fbneo/paclandm.hi,78,2989c1e687749b601ac3c931e416a874a27c9ca087d7854908b7a80da1efd451,0
fbneo/fbneo/paclandm2.hi,78,2989c1e687749b601ac3c931e416a874a27c9ca087d7854908b7a80da1efd451,0
fbneo/fbneo/pacman.hi,11,62a79ef7b9a169cbcbb37b394f7e93db8fa3f7629bdda2c456a139c8e080bb89,0
fbneo/fbneo/pacmanf.hi,11,62a79ef7b9a169cbcbb37b394f7e93db8fa3f7629bdda2c456a139c8e080bb89,0
fbneo/fbneo/pacmanfm.hi,11,62a79ef7b9a169cbcbb37b394f7e93db8fa3f7629bdda2c456a139c8e080bb89,0
fbneo/fbneo/pacmania.hi,84,bda63616e38ada261d8dd708e1fb468e19d892106fe27b8154c65b56a30d20f0,0
fbneo/fbneo/pacmaniao.hi,84,bda63616e38ada261d8dd708e1fb468e19d892106fe27b8154c65b56a30d20f0,0
fbneo/fbneo/pacmanug.hi,11,62a79ef7b9a169cbcbb37b394f7e93db8fa3f7629bdda2c456a139c8e080bb89,0
fbneo/fbneo/pacmanvg.hi,11,06d5818c0031296e022c006929525f4fe2fe37844bc8fb35fe271ade657e5f59,0
fbneo/fbneo/pacmod.hi,11,62a79ef7b9a169cbcbb37b394f7e93db8fa3f7629bdda2c456a139c8e080bb89,0
fbneo/fbneo/pacplus.hi,11,62a79ef7b9a169cbcbb37b394f7e93db8fa3f7629bdda2c456a139c8e080bb89,0
fbneo/fbneo/pacuman.hi,11,06d5818c0031296e022c006929525f4fe2fe37844bc8fb35fe271ade657e5f59,0
fbneo/fbneo/paddle2.hi,38,64f474206090133a30ff74113940bb90eefe93259e03fe0727624b3f6ff823ef,0
fbneo/fbneo/paddlema.hi,200,35c2d409e74c10b0d2739849900dc5f2a5312c59f3090ed73ed465d436336a2b,0
fbneo/fbneo/pairlove.hi,99,91d6adac25dca3855609828cbd279d3f39ff69f6e652d796d7f63f9a814ee87e,0
fbneo/fbneo/pajaroes.hi,3,709e80c88487a2411e1ee4dfb9f22a861492d20c4765150c0c794abd70f8147c,1
fbneo/fbneo/palamed.hi,46,a9b3640fce1e1644d540b1a5f839fdd4dc552329b4c491df32d320940b1a2607,0
fbneo/fbneo/palamedj.hi,46,a9b3640fce1e1644d540b1a5f839fdd4dc552329b4c491df32d320940b1a2607,0
fbneo/fbneo/pandoras.hi,49,99bd30b11aaf6fdf15a3cfd32dbfae523b8a9b3abfa5f8d9315c9b7fa01ad91c,0
fbneo/fbneo/pang.hi,157,cecfd458b13b4f920cc4314b0c82e11e4e4841d1f94e553320d526c0442b0b69,0
fbneo/fbneo/pang3.hi,140,4aaa591eefa17ddd1d27256250932de4ae3864a40b2fd9c24dfa212aee3cafe8,0
fbneo/fbneo/pang3b.hi,140,4aaa591eefa17ddd1d27256250932de4ae3864a40b2fd9c24dfa212aee3cafe8,0
fbneo/fbneo/pang3b2.hi,140,4aaa591eefa17ddd1d27256250932de4ae3864a40b2fd9c24dfa212aee3cafe8,0
fbneo/fbneo/pang3b3.hi,140,4aaa591eefa17ddd1d27256250932de4ae3864a40b2fd9c24dfa212aee3cafe8,0
fbneo/fbneo/pang3j.hi,140,4aaa591eefa17ddd1d27256250932de4ae3864a40b2fd9c24dfa212aee3cafe8,0
fbneo/fbneo/pang3r1.hi,140,4aaa591eefa17ddd1d27256250932de4ae3864a40b2fd9c24dfa212aee3cafe8,0
fbneo/fbneo/pangb.hi,157,cecfd458b13b4f920cc4314b0c82e11e4e4841d1f94e553320d526c0442b0b69,0
fbneo/fbneo/pangb2.hi,157,cecfd458b13b4f920cc4314b0c82e11e4e4841d1f94e553320d526c0442b0b69,0
fbneo/fbneo/pangbold.hi,157,cecfd458b13b4f920cc4314b0c82e11e4e4841d1f94e553320d526c0442b0b69,0
fbneo/fbneo/pangpang.hi,160,0bd631e0cd48396d0a7e2df7554edc9288567ed169b0b66780894d730a478932,0
fbneo/fbneo/pangpoms.hi,119,3939b73ce2d4cc002798aca98368232a99383a60d63031e8f02c12c605e83679,0
fbneo/fbneo/paprazzi.hi,39,23569fa65a731e10cbea2dc7ac5288d5febe84b791fdfbd45f95c0e97818e75e,0
fbneo/fbneo/parodiusa.hi,95,c50c5f8ded2dfec184d57d473882dbce8f452f7280ee116cd4a1d33e18ad00db,0
fbneo/fbneo/pass.hi,84,002ad76c18104f654bfac52fdd608fdd449c16db28fcb516f578247762de1dab,0
fbneo/fbneo/passshta.hi,1438,7115fbbfd25f59bca2ddd33e733975fdb62c15139a40e32122b68e4e85cea1ea,0
fbneo/fbneo/pbancho.hi,65,5c2b5fe0590492bfec4daf9614904cf272d6b4ecea179b0facd05288d98fe2e7,0
fbneo/fbneo/pbillrd.hi,160,910b95088fc544859ea2b5fc458e876a900a8f7c16293870d2c3119feebc4089,0
fbneo/fbneo/pbillrdsa.hi,160,910b95088fc544859ea2b5fc458e876a900a8f7c16293870d2c3119feebc4089,0
fbneo/fbneo/pbobbl2n.hi,275,1b50c16b2a7019148dc5a216cd8a3e25bb94d53fccc0c164e3b4a94ead090950,0
fbneo/fbneo/pbobble.hi,54,ea659cdc838619b3767c057fdf8e6d99fde2680c5d8517eb06761c0878d40c40,1
fbneo/fbneo/pbobble2j.hi,276,0878a4e5a29c7002795199d71291d924399a1ea0a4cac0a13ca8a8bf21856e54,0
fbneo/fbneo/pclubys.hi,892,53e196f4224e5d4ae3eeab3bfed5eb05b8d453e8528b015746e486e55e82a72f,0
fbneo/fbneo/peekaboo.hi,100,9a2a0c3c7004f3632810a545cde3f6124ed1ecca496ccb868ab582f7aa406f6e,0
fbneo/fbneo/penbros.hi,99,1745ca98f49f1ef25069e333d271f35a07323498d7c926e3b636c147ed1393e8,0
fbneo/fbneo/penta.hi,32,5e758bbb8acb722d682c9c80fe94ab9fa56008ef9d4990544277465b37873a10,0
fbneo/fbneo/percuss.hi,55,0990d9a8d211fb21ea0e9cd6487852b3f4ee80f02c280bff512502550f998941,0
fbneo/fbneo/perfrman.hi,55,4fb49749311674d39ed7c5a137ee3b94867011de38c82dbef04e75cb5854b9fd,0
fbneo/fbneo/pestplce.hi,233,447480a29a20ae617d5aaf0275d0533a499abb33d9672d0382a433f34e058e2b,0
fbneo/fbneo/pgear.hi,598,b26b83fa711e4bc888e9abe227dad5ceb747414b3891e55e65f1e3a31f80544a,0
fbneo/fbneo/pgearr1.hi,598,b26b83fa711e4bc888e9abe227dad5ceb747414b3891e55e65f1e3a31f80544a,0
fbneo/fbneo/phantasm.hi,83,108c316fe8a047feed664c69bf9beb607350a5c51ab0092d2df452dff67113a9,0
fbneo/fbneo/phoenix.hi,27,568144d9b92ae8a3c63f5a6becf40a562a1c998a329bd288d29c68120ca93fdb,0
fbneo/fbneo/phoenix2.hi,27,568144d9b92ae8a3c63f5a6becf40a562a1c998a329bd288d29c68120ca93fdb,0
fbneo/fbneo/phoenix3.hi,27,568144d9b92ae8a3c63f5a6becf40a562a1c998a329bd288d29c68120ca93fdb,0
fbneo/fbneo/phoenixa.hi,27,568144d9b92ae8a3c63f5a6becf40a562a1c998a329bd288d29c68120ca93fdb,0
fbneo/fbneo/phoenixb.hi,27,568144d9b92ae8a3c63f5a6becf40a562a1c998a329bd288d29c68120ca93fdb,0
fbneo/fbneo/phoenixc.hi,27,568144d9b92ae8a3c63f5a6becf40a562a1c998a329bd288d29c68120ca93fdb,0
fbneo/fbneo/phoenixc2.hi,27,568144d9b92ae8a3c63f5a6becf40a562a1c998a329bd288d29c68120ca93fdb,0
fbneo/fbneo/phoenixc3.hi,27,568144d9b92ae8a3c63f5a6becf40a562a1c998a329bd288d29c68120ca93fdb,0
fbneo/fbneo/phoenixc4.hi,27,568144d9b92ae8a3c63f5a6becf40a562a1c998a329bd288d29c68120ca93fdb,0
fbneo/fbneo/phoenixdal.hi,27,568144d9b92ae8a3c63f5a6becf40a562a1c998a329bd288d29c68120ca93fdb,0
fbneo/fbneo/phoenixgu.hi,27,568144d9b92ae8a3c63f5a6becf40a562a1c998a329bd288d29c68120ca93fdb,0
fbneo/fbneo/phoenixha.hi,27,568144d9b92ae8a3c63f5a6becf40a562a1c998a329bd288d29c68120ca93fdb,0
fbneo/fbneo/phoenixj.hi,27,568144d9b92ae8a3c63f5a6becf40a562a1c998a329bd288d29c68120ca93fdb,0
fbneo/fbneo/phoenixs.hi,27,568144d9b92ae8a3c63f5a6becf40a562a1c998a329bd288d29c68120ca93fdb,0
fbneo/fbneo/phoenixt.hi,27,568144d9b92ae8a3c63f5a6becf40a562a1c998a329bd288d29c68120ca93fdb,0
fbneo/fbneo/phozon.hi,58,c24fe9ad5c3bbf8e8ce3c3819f23d9d33ef44305718b73ca01e067c4737adb6d,0
fbneo/fbneo/pingpong.hi,69,12a627e1bfa49722dbb4cdcb848f5824c71161cef39f54acb130081a853352b8,0
fbneo/fbneo/pipedrm.hi,89,880352aa81b516ca3122f1523bb9aeac8dc4dcbe980e8186cc79030d6f3a77ca,0
fbneo/fbneo/pipedrmj.hi,89,880352aa81b516ca3122f1523bb9aeac8dc4dcbe980e8186cc79030d6f3a77ca,0
fbneo/fbneo/pipedrmt.hi,89,880352aa81b516ca3122f1523bb9aeac8dc4dcbe980e8186cc79030d6f3a77ca,0
fbneo/fbneo/pipedrmu.hi,89,880352aa81b516ca3122f1523bb9aeac8dc4dcbe980e8186cc79030d6f3a77ca,0
fbneo/fbneo/pipibibsp.hi,74,e7ae9442ea2a66e232fbd4d94e3aa31b025a15cbd991164f12ff18f9998f44b0,0
fbneo/fbneo/piranha.hi,11,62a79ef7b9a169cbcbb37b394f7e93db8fa3f7629bdda2c456a139c8e080bb89,0
fbneo/fbneo/piranhah.hi,11,62a79ef7b9a169cbcbb37b394f7e93db8fa3f7629bdda2c456a139c8e080bb89,0
fbneo/fbneo/piranhao.hi,11,62a79ef7b9a169cbcbb37b394f7e93db8fa3f7629bdda2c456a139c8e080bb89,0
fbneo/fbneo/pirates.hi,119,ed9e141331e2aeaf382d0b4baf50b749527c3b1dbca4c8d3af8125db93894d78,0
fbneo/fbneo/piratesb.hi,119,ed9e141331e2aeaf382d0b4baf50b749527c3b1dbca4c8d3af8125db93894d78,0
fbneo/fbneo/piratpet.hi,3,2b657b4908dcb4ac9d65162cb17b02301da011245a0400441ddf51296ce7fffd,0
fbneo/fbneo/pisces.hi,3,709e80c88487a2411e1ee4dfb9f22a861492d20c4765150c0c794abd70f8147c,1
fbneo/fbneo/piscesb.hi,3,709e80c88487a2411e1ee4dfb9f22a861492d20c4765150c0c794abd70f8147c,1
fbneo/fbneo/pistoldm.hi,39,1fda4a7a4bb3ccb3195f478157f84f69418727dc721bf0290e96ce802aed519d,0
fbneo/fbneo/pitfall2.hi,60,23f78fd73bba0d10de420a5564daa4e49bef62777cb1984aca21fcd19e7f5ff6,0
fbneo/fbneo/pitfall2a.hi,60,23f78fd73bba0d10de420a5564daa4e49bef62777cb1984aca21fcd19e7f5ff6,0
fbneo/fbneo/pitfall2u.hi,60,23f78fd73bba0d10de420a5564daa4e49bef62777cb1984aca21fcd19e7f5ff6,0
fbneo/fbneo/pitnruna.hi,39,13d7d0d0a11c3177662ebadee10f616917818040367527f8889397e5862e2b05,0
fbneo/fbneo/pkunwar.hi,63,6263d3a7ee9611ef3b8a75e917d893e0bb155cc419c9804d855680728285052c,0
fbneo/fbneo/pkunwarja.hi,63,6263d3a7ee9611ef3b8a75e917d893e0bb155cc419c9804d855680728285052c,0
fbneo/fbneo/pleiadbl.hi,27,568144d9b92ae8a3c63f5a6becf40a562a1c998a329bd288d29c68120ca93fdb,0
fbneo/fbneo/pleiadce.hi,27,568144d9b92ae8a3c63f5a6becf40a562a1c998a329bd288d29c68120ca93fdb,0
fbneo/fbneo/pleiads.hi,27,568144d9b92ae8a3c63f5a6becf40a562a1c998a329bd288d29c68120ca93fdb,0
fbneo/fbneo/pleiadsb2.hi,27,568144d9b92ae8a3c63f5a6becf40a562a1c998a329bd288d29c68120ca93fdb,0
fbneo/fbneo/pleiadsi.hi,27,568144d9b92ae8a3c63f5a6becf40a562a1c998a329bd288d29c68120ca93fdb,0
fbneo/fbneo/pleiadss.hi,27,568144d9b92ae8a3c63f5a6becf40a562a1c998a329bd288d29c68120ca93fdb,0
fbneo/fbneo/plgirls2.hi,53,c9da1daf740944b2d34494fe52e7a0a892ccff156fafd58111e81a4b3edfcad1,0
fbneo/fbneo/plgirls2b.hi,53,c9da1daf740944b2d34494fe52e7a0a892ccff156fafd58111e81a4b3edfcad1,0
fbneo/fbneo/plottinga.hi,48,8e41c12763c85b6c0c4b51bc1b0692feca92d0fea6c7ac052690907a074dda04,0
fbneo/fbneo/poitto.hi,83,6bc44312668588f4abef5896c86302f62c882be3ba35fb609ce369c213cc9f5b,0
fbneo/fbneo/pollux.hi,159,496095373add30246cb08bcdc678ad5b864e7ce30d27868180e219b08026a404,0
fbneo/fbneo/pompingw.hi,157,cecfd458b13b4f920cc4314b0c82e11e4e4841d1f94e553320d526c0442b0b69,0
fbneo/fbneo/ponpoko.hi,29,ace84fd121d5b090fbfade83ef8ce897680630d1b49f01f9f703a7ae2c8fd4bf,0
fbneo/fbneo/pootan.hi,93,0df4e64d9d97e4aca893860102b14e1df7e10345d0b4bdd5dcf0fe994251a5d8,0
fbneo/fbneo/pooyan.hi,93,0df4e64d9d97e4aca893860102b14e1df7e10345d0b4bdd5dcf0fe994251a5d8,0
fbneo/fbneo/pooyans.hi,93,0df4e64d9d97e4aca893860102b14e1df7e10345d0b4bdd5dcf0fe994251a5d8,0
fbneo/fbneo/popbingo.hi,127,0c21b5606b2f0a15c3b93b99f38bacf58d67a3dbae6aabc0eaa77581d40be541,0
fbneo/fbneo/popeye.hi,45,b5ad6b9304ca16993a22b0bfdc6a882e854fec0b2605346384766c007e97b7ba,0
fbneo/fbneo/popeyef.hi,45,e68512d4eb4a8948037e3ad2cc94e0cf15032f9769c0b918bbdbc5403a705bb2,0
fbneo/fbneo/popeyej.hi,45,b5ad6b9304ca16993a22b0bfdc6a882e854fec0b2605346384766c007e97b7ba,0
fbneo/fbneo/popeyejo.hi,45,b5ad6b9304ca16993a22b0bfdc6a882e854fec0b2605346384766c007e97b7ba,0
fbneo/fbneo/popeyeman.hi,11,62a79ef7b9a169cbcbb37b394f7e93db8fa3f7629bdda2c456a139c8e080bb89,0
fbneo/fbneo/popeyeu.hi,45,b5ad6b9304ca16993a22b0bfdc6a882e854fec0b2605346384766c007e97b7ba,0
fbneo/fbneo/popflame.hi,12,4e1c6990cb7ce7d9581840e457e05b049e92e0d3aff50acdb3e2452ad693af39,0
fbneo/fbneo/popflamea.hi,12,4e1c6990cb7ce7d9581840e457e05b049e92e0d3aff50acdb3e2452ad693af39,0
fbneo/fbneo/popflameb.hi,12,4e1c6990cb7ce7d9581840e457e05b049e92e0d3aff50acdb3e2452ad693af39,0
fbneo/fbneo/popflamen.hi,12,4e1c6990cb7ce7d9581840e457e05b049e92e0d3aff50acdb3e2452ad693af39,0
fbneo/fbneo/popnpop.hi,210,7db94d2044c845404cb143fae208db9b7a6b29480e2983d7b3df5f3f872203ca,0
fbneo/fbneo/porky.hi,75,64141f719fa3e8206ddc8005cb97d67ebcb619dae98b072a9c2532137135ddf3,0
fbneo/fbneo/porter.hi,13,060fc25bf56bf9fedaf7c6f1597c454d0f23fab7ac59911029b1b230b57a9fac,0
fbneo/fbneo/portman.hi,13,060fc25bf56bf9fedaf7c6f1597c454d0f23fab7ac59911029b1b230b57a9fac,0
fbneo/fbneo/portmanj.hi,13,060fc25bf56bf9fedaf7c6f1597c454d0f23fab7ac59911029b1b230b57a9fac,0
fbneo/fbneo/powerins.hi,40,2926a71b117198c4e2a4a9cd206f0a73e1551dd626fef607932c8bbed132c041,0
fbneo/fbneo/powj.hi,84,2c895ef326de833b91453fcd09e2cefde6b879650382dfe9b95c9010f501524b,0
fbneo/fbneo/pprobe.hi,76,8ab9f48eee25f0b7a7abb30616dcddaa6cfe32649ebadac444b1bc125fd43848,0
fbneo/fbneo/prehisle.hi,84,0411e49c5961746e8d8ef0adcc7ca6833aee991efaf7194673fa4f79c4c3ede1,0
fbneo/fbneo/prehislek.hi,84,0411e49c5961746e8d8ef0adcc7ca6833aee991efaf7194673fa4f79c4c3ede1,0
fbneo/fbneo/prehisleu.hi,84,0411e49c5961746e8d8ef0adcc7ca6833aee991efaf7194673fa4f79c4c3ede1,0
fbneo/fbneo/progear.hi,229,353382a1a968a0e05be37b7b71228ffe09881799c6c8f79178eec7704b57236a,0
fbneo/fbneo/progress.hi,14,34dfe51a417000b3ce98e8a773151d9a54b9b165f6a4bf146c7e3a97061c144c,0
fbneo/fbneo/prtytime.hi,117,549bc11239f14602aae354dbbbc0914176cbcc981706b44f81c75d0b3c62f727,0
fbneo/fbneo/pspikes.hi,77,f80a0d3e756d8acdf85907cfc4c30654a01fc1231c16583e2ec82b06f1bc05bd,0
fbneo/fbneo/pspikesk.hi,77,3f20d104046a24cb3eecf3d4739a4d12fb8185d10df7aae8759c59a6b4ef2a07,0
fbneo/fbneo/pspikesu.hi,77,56418dbcf765b54822988ce817c025625979ea5437c65a0ac8b6e277d4b3b044,0
fbneo/fbneo/psurge.hi,86,fdb3589d5cf55f5955782c5469fea709e6df9a0766438c3e14af7368513d443b,0
fbneo/fbneo/psychic5.hi,51,715af2b42bd741e3341b283d21b5a89612255995f1e89ea9ae32cad19959fc05,0
fbneo/fbneo/psychos.hi,248,b2d6ffee0b886b233550d5ed9d0035f787a22dd9ca9648975a07f6c34661f908,0
fbneo/fbneo/psychosj.hi,248,b2d6ffee0b886b233550d5ed9d0035f787a22dd9ca9648975a07f6c34661f908,0
fbneo/fbneo/puchicar.hi,840,3f14f13bab677b16da55ae6665b795f853a7c677248ca6bdc7915fdc35fad64e,0
fbneo/fbneo/puckman.hi,11,62a79ef7b9a169cbcbb37b394f7e93db8fa3f7629bdda2c456a139c8e080bb89,0
fbneo/fbneo/puckmanb.hi,11,62a79ef7b9a169cbcbb37b394f7e93db8fa3f7629bdda2c456a139c8e080bb89,0
fbneo/fbneo/puckmanf.hi,11,62a79ef7b9a169cbcbb37b394f7e93db8fa3f7629bdda2c456a139c8e080bb89,0
fbneo/fbneo/puckmanh.hi,11,62a79ef7b9a169cbcbb37b394f7e93db8fa3f7629bdda2c456a139c8e080bb89,0
fbneo/fbneo/puckmod.hi,11,62a79ef7b9a169cbcbb37b394f7e93db8fa3f7629bdda2c456a139c8e080bb89,0
fbneo/fbneo/pulstar.hi,44,9359549cd33f0419c0635e9d43a53dd821c3190e1f90ce453abcd240231f855b,0
fbneo/fbneo/punisher.hi,604,d5d9545ec78e51c670195b68361c79d1c5f6032be52a002ac09574a2f07dd396,0
fbneo/fbneo/punisherj.hi,604,d5d9545ec78e51c670195b68361c79d1c5f6032be52a002ac09574a2f07dd396,0
fbneo/fbneo/punkshot.hi,48,c7544f1020bb35a79baaee5c4c7a49f0fc34a13e261f44f629d92235fd03345e,0
fbneo/fbneo/pururun.hi,75,ff25fa18fe47d29cf1cf103562c6fcbce7f0a8d0a5786222b14eb749e822042f,0
fbneo/fbneo/pushmans.hi,84,71c9a5c27f855d4be818ebfaae35f98c080f184888cd5d316be7175cbbe8c610,0
fbneo/fbneo/puzlclub.hi,315,817408fee7f80c5c2e6502a5c95e0a35aef9a8c9ad958272b035c41c4530f27c,0
fbneo/fbneo/puzzli.hi,76,edef4898f491d33062c0108995f41b892528e7ac17852c9de3104f3072b4f652,0
fbneo/fbneo/puzznic.hi,53,aa619bd981ac92b9a9637a7f363a990416630acace0a6202b04860f94fb9ecd0,0
fbneo/fbneo/puzznicba.hi,53,aa619bd981ac92b9a9637a7f363a990416630acace0a6202b04860f94fb9ecd0,0
fbneo/fbneo/pwrgoal.hi,135,2ef79b4211f22ec4a91b955573c4e96d7a67d79585c2b557633949954224b7d2,0
fbneo/fbneo/pwrinst2.hi,50,f0bc34017e7d64dcd29cb77717e87aea31e914bb3659d86d20ab7512597aaff1,0
fbneo/fbneo/pyros.hi,94,3d6d0ce26ee16efa0fa7311a5d1d22307be3636efa41865691f7c13cdc443740,0
fbneo/fbneo/pzlbowl.hi,96,a23967cdb02998f24b8840a5eebbe05213687adf5a8e75605b0a60c2d74e429a,0
fbneo/fbneo/pzlbreak.hi,53,dd66d3f80a19c6908ee216d5163af850363fe69608962c9ca04276742523e861,0
fbneo/fbneo/qad.hi,60,012649f1872defe239b2f0792283c03ec15aaaf97f602186dea93ae2529b30da,0
fbneo/fbneo/qndream.hi,218,bbcef616e74d47fa6d13bd551cbb2831e97ef751c7e8432adde01c479b21ba0d,0
fbneo/fbneo/qsangoku.hi,78,e0044c8c20dc56596b4ed3f50a95c9c59ad27e40155446b44eb91ef0087c5925,0
fbneo/fbneo/qtono2j.hi,200,fe034fc2bee5804ad0245e0c9f73309cfd08bb22d6c094f7df5e7b18c3aaf91d,0
fbneo/fbneo/quantum.hi,4692,bfe2d7d4b00492ace1405063256be38026b44aa5687f28bcacfa1c260b37ed49,0
fbneo/fbneo/quester.hi,84,d24e62412fe9fb3f48d6c2458af0ac0293edfd4a53162cfae996c390f7eff898,0
fbneo/fbneo/questers.hi,84,d24e62412fe9fb3f48d6c2458af0ac0293edfd4a53162cfae996c390f7eff898,0
fbneo/fbneo/r2dx_v33.hi,719,06878b55588e1a9d95713304cca0c79c0e3a9b26ec5aea6fd30d8747aa060967,0
fbneo/fbneo/r2dx_v33_r2.hi,239,7ec22e47262603fe005ed14ed30e330882667a69448ce519f4771c4035c454e9,0
fbneo/fbneo/rabiolep.hi,119,524e9f2452d57ab3ca410a4bce68b032b990da755511f758e38da2c272ea493d,0
fbneo/fbneo/rachero.hi,85,fcc0572d8433f70ca7bd48b9c3f2af8d02b259a76196c35f17675dfd66f8a771,0
fbneo/fbneo/racknrol.hi,69,5debfb9be7ef1236d7cf3c923c62e47aefa8afba804251441fb811b1a82a7220,0
fbneo/fbneo/radarscp1.hi,171,b930a45cdcc49a5a98ff8d2d173f03a9b6fe236fd926aeb6e7174b8b4f4251ea,0
fbneo/fbneo/radrad.hi,9,259bd8ea53e78f332478098d63b3c689ef91bffa2c27f9aa681bb3898284f17e,0
fbneo/fbneo/raflesia.hi,83,1debd0e760660d4c7610b3f3b0c955cf24b957303860fce2db5d90db29ccb786,0
fbneo/fbneo/raiden2.hi,239,7ec22e47262603fe005ed14ed30e330882667a69448ce519f4771c4035c454e9,0
fbneo/fbneo/raiden2dx.hi,239,7ec22e47262603fe005ed14ed30e330882667a69448ce519f4771c4035c454e9,0
fbneo/fbneo/raiden2e.hi,239,7ec22e47262603fe005ed14ed30e330882667a69448ce519f4771c4035c454e9,0
fbneo/fbneo/raiden2ea.hi,239,7ec22e47262603fe005ed14ed30e330882667a69448ce519f4771c4035c454e9,0
fbneo/fbneo/raiden2eg.hi,239,7ec22e47262603fe005ed14ed30e330882667a69448ce519f4771c4035c454e9,0
fbneo/fbneo/raiden2eu.hi,239,7ec22e47262603fe005ed14ed30e330882667a69448ce519f4771c4035c454e9,0
fbneo/fbneo/raiden2eua.hi,239,7ec22e47262603fe005ed14ed30e330882667a69448ce519f4771c4035c454e9,0
fbneo/fbneo/raiden2f.hi,239,7ec22e47262603fe005ed14ed30e330882667a69448ce519f4771c4035c454e9,0
fbneo/fbneo/raiden2hk.hi,239,7ec22e47262603fe005ed14ed30e330882667a69448ce519f4771c4035c454e9,0
fbneo/fbneo/raiden2i.hi,239,7ec22e47262603fe005ed14ed30e330882667a69448ce519f4771c4035c454e9,0
fbneo/fbneo/raiden2j.hi,239,7ec22e47262603fe005ed14ed30e330882667a69448ce519f4771c4035c454e9,0
fbneo/fbneo/raiden2k.hi,239,7ec22e47262603fe005ed14ed30e330882667a69448ce519f4771c4035c454e9,0
fbneo/fbneo/raiden2nl.hi,239,7ec22e47262603fe005ed14ed30e330882667a69448ce519f4771c4035c454e9,0
fbneo/fbneo/raiden2sw.hi,239,7ec22e47262603fe005ed14ed30e330882667a69448ce519f4771c4035c454e9,0
fbneo/fbneo/raiden2u.hi,239,7ec22e47262603fe005ed14ed30e330882667a69448ce519f4771c4035c454e9,0
fbneo/fbneo/raidenb.hi,179,69a3a6da736a91b333804524cf67c769afa2733f191096dc11a2f0ceaa7b1a37,0
fbneo/fbneo/raidendx.hi,719,06878b55588e1a9d95713304cca0c79c0e3a9b26ec5aea6fd30d8747aa060967,0
fbneo/fbneo/raidendxa1.hi,719,06878b55588e1a9d95713304cca0c79c0e3a9b26ec5aea6fd30d8747aa060967,0
fbneo/fbneo/raidendxa2.hi,719,06878b55588e1a9d95713304cca0c79c0e3a9b26ec5aea6fd30d8747aa060967,0
fbneo/fbneo/raidendxch.hi,719,06878b55588e1a9d95713304cca0c79c0e3a9b26ec5aea6fd30d8747aa060967,0
fbneo/fbneo/raidendxg.hi,719,06878b55588e1a9d95713304cca0c79c0e3a9b26ec5aea6fd30d8747aa060967,0
fbneo/fbneo/raidendxj.hi,719,06878b55588e1a9d95713304cca0c79c0e3a9b26ec5aea6fd30d8747aa060967,0
fbneo/fbneo/raidendxk.hi,719,06878b55588e1a9d95713304cca0c79c0e3a9b26ec5aea6fd30d8747aa060967,0
fbneo/fbneo/raidendxnl.hi,719,06878b55588e1a9d95713304cca0c79c0e3a9b26ec5aea6fd30d8747aa060967,0
fbneo/fbneo/raidendxpt.hi,719,06878b55588e1a9d95713304cca0c79c0e3a9b26ec5aea6fd30d8747aa060967,0
fbneo/fbneo/raidendxu.hi,719,06878b55588e1a9d95713304cca0c79c0e3a9b26ec5aea6fd30d8747aa060967,0
fbneo/fbneo/raidenk.hi,180,f38b4ec88b281f3168e6892d086cbf9ca28c4cedb07193f2919b71ec4fb14496,0
fbneo/fbneo/raidenkb.hi,180,f38b4ec88b281f3168e6892d086cbf9ca28c4cedb07193f2919b71ec4fb14496,0
fbneo/fbneo/raident.hi,180,f38b4ec88b281f3168e6892d086cbf9ca28c4cedb07193f2919b71ec4fb14496,0
fbneo/fbneo/raidenu.hi,180,f38b4ec88b281f3168e6892d086cbf9ca28c4cedb07193f2919b71ec4fb14496,0
fbneo/fbneo/raidenua.hi,179,69a3a6da736a91b333804524cf67c769afa2733f191096dc11a2f0ceaa7b1a37,0
fbneo/fbneo/raiders5.hi,62,b3d41be42f86962729cf5f45f9bde775f12b6af64a22232d5db7bc1f4b3051c3,0
fbneo/fbneo/raimais.hi,48,954b1f7cca9d51469b663d5987a9657adc5d4d1e211855f5af4a9565708cd918,0
fbneo/fbneo/rambo3.hi,80,14d068b1dcb79fff47346056f96f96776992bd90bcb3eef89fc52d53ede90732,0
fbneo/fbneo/raphero.hi,91,24f6381f5f3ec00557eacd0d6749ac865f12b1ea7b1bc7c379e72a4768b8d69e,0
fbneo/fbneo/rastan.hi,50,f77b4e8b20863bf1bbcf688e1247cabf5333346512417337fc1db92fae7dc5f1,0
fbneo/fbneo/rastanb.hi,50,f77b4e8b20863bf1bbcf688e1247cabf5333346512417337fc1db92fae7dc5f1,0
fbneo/fbneo/rastanu.hi,50,f77b4e8b20863bf1bbcf688e1247cabf5333346512417337fc1db92fae7dc5f1,0
fbneo/fbneo/rastanua.hi,50,f77b4e8b20863bf1bbcf688e1247cabf5333346512417337fc1db92fae7dc5f1,0
fbneo/fbneo/rastanub.hi,50,f77b4e8b20863bf1bbcf688e1247cabf5333346512417337fc1db92fae7dc5f1,0
fbneo/fbneo/rastsaga.hi,50,f77b4e8b20863bf1bbcf688e1247cabf5333346512417337fc1db92fae7dc5f1,0
fbneo/fbneo/rastsagaa.hi,50,f77b4e8b20863bf1bbcf688e1247cabf5333346512417337fc1db92fae7dc5f1,0
fbneo/fbneo/rastsagab.hi,50,f77b4e8b20863bf1bbcf688e1247cabf5333346512417337fc1db92fae7dc5f1,0
fbneo/fbneo/rbisland.hi,54,3e276e894138660ca03b4424d7f97cfbd97248fb3b9b89d50d1dbc3db7ae5285,0
fbneo/fbneo/rbislande.hi,54,146d0724340101ea8b5cb3700bb0d67173aaed82cf81366908f10b17869b64dc,0
fbneo/fbneo/rbislando.hi,54,3e276e894138660ca03b4424d7f97cfbd97248fb3b9b89d50d1dbc3db7ae5285,0
fbneo/fbneo/rdft2jc.hi,427,6e5762b5911b97f984765b5c64cb4915855bf9631237f7c10cd01a5605e7d20f,0
fbneo/fbneo/rdftjb.hi,170,ca5b1843e7c922620588017d7a9eb1f51e03d588b6419884229a56fc9e252cd1,0
fbneo/fbneo/reactor.hi,256,b7b6a632ba724dae8b39ebce73554eb445141d982435ae5b7634c3a2e6a0c16c,0
fbneo/fbneo/recordbr.hi,480,15e608fc749844385fd0a55848f09c54d9415437568b37e12fcddf1aab7fb9dc,0
fbneo/fbneo/redbaron.hi,36,c6035bd0ae599721d0ee66dcb0317551252a8b191687d9cd3aa33899c9e6bea1,0
fbneo/fbneo/redbarona.hi,36,c6035bd0ae599721d0ee66dcb0317551252a8b191687d9cd3aa33899c9e6bea1,0
fbneo/fbneo/redclash.hi,16,8e53c9095e4635691f810c5ddf6c8f59ff7135e62a81db94ddd0f96251240664,0
fbneo/fbneo/redclashs.hi,16,8e53c9095e4635691f810c5ddf6c8f59ff7135e62a81db94ddd0f96251240664,0
fbneo/fbneo/redclasht.hi,16,3c840a84e182c46bbcf0070ec3d7e810d038b88393a3f76917034ffac36e6331,0
fbneo/fbneo/redclashta.hi,16,3c840a84e182c46bbcf0070ec3d7e810d038b88393a3f76917034ffac36e6331,0
fbneo/fbneo/redrobin.hi,62,15cdf9bd10a9d2bb85efc04041acceeff1fa400890084565b43b33b7ea938b36,0
fbneo/fbneo/redufo.hi,3,709e80c88487a2411e1ee4dfb9f22a861492d20c4765150c0c794abd70f8147c,1
fbneo/fbneo/redufob.hi,3,709e80c88487a2411e1ee4dfb9f22a861492d20c4765150c0c794abd70f8147c,1
fbneo/fbneo/redufob2.hi,3,709e80c88487a2411e1ee4dfb9f22a861492d20c4765150c0c794abd70f8147c,1
fbneo/fbneo/regulus.hi,63,112c4c822e2fedc60a8ea43049590071bb3b7058facd14ed900e28e70bca1e22,0
fbneo/fbneo/renegade.hi,43,d5582630a3aecfc5779b7878aa8485e56bc6aba65810c2563fd6f8d00167178e,0
fbneo/fbneo/repulse.hi,95,869225548eb3cf66bbe174809e05e3d40f6f4e01d1241ad44589114da8b70ced,0
fbneo/fbneo/rescue.hi,60,ae48b09df376caabfb7a9ebff5c2fe2bd530d96f1af2e490ef4350936e9ffb84,0
fbneo/fbneo/retofinv.hi,38,6a73c5be401fbe63d48688398d2d205945615c0fc9256b4471fcd8ae70f7cade,0
fbneo/fbneo/rezon.hi,101,ee934afa801d501893c02b44df30a37ee49cc2f9e2cb15e1a392adc5fa46f2da,0
fbneo/fbneo/ridingf.hi,128,cf1d8b6e704e31b7cd5105def8721298de8322ed20f4b5a7fcbcf5879a1a5c43,0
fbneo/fbneo/ringrage.hi,688,beb44fb0198816d48013bc51f73393eab4390131113d81079c7fac74d4075e5a,0
fbneo/fbneo/riot.hi,240,62a63b36bc45a85d447dd02ad32d0ce7ea5fb4bd52cc15e01759aeeba13f35ad,0
fbneo/fbneo/riotcity.hi,63,e74aeb895decaae8079451113e2758cdb5237818929e767c5e041bc3cf8d775e,0
fbneo/fbneo/riskchal.hi,442,c8533125244034d254c3ac9e0cb5f34721a8c662d7419b67754b33d4c9bb53a5,0
fbneo/fbneo/roadf.hi,269,74bb370b0b4a786c93da80685bc4100388660eb83b25839318725231ce5127a2,0
fbneo/fbneo/roadf2.hi,269,74bb370b0b4a786c93da80685bc4100388660eb83b25839318725231ce5127a2,0
fbneo/fbneo/roadf3.hi,269,74bb370b0b4a786c93da80685bc4100388660eb83b25839318725231ce5127a2,0
fbneo/fbneo/robocop.hi,165,3cb1d8e60513e76fb516829ad346451f8b6df5b14a468ae93cf56520d6fba3e0,0
fbneo/fbneo/robocop2.hi,83,caac1e6cb0966284c76a08902df703e357ebc358d3961155ff715d3b06818eae,0
fbneo/fbneo/robocopb.hi,164,f09e4d8e569f7e8178117330f1a24305eba22d05afd9da4d6fd5129a99ef6366,0
fbneo/fbneo/robocopj.hi,165,3cb1d8e60513e76fb516829ad346451f8b6df5b14a468ae93cf56520d6fba3e0,0
fbneo/fbneo/robocopu.hi,165,3cb1d8e60513e76fb516829ad346451f8b6df5b14a468ae93cf56520d6fba3e0,0
fbneo/fbneo/robocopu0.hi,165,3cb1d8e60513e76fb516829ad346451f8b6df5b14a468ae93cf56520d6fba3e0,0
fbneo/fbneo/robocopw.hi,165,3cb1d8e60513e76fb516829ad346451f8b6df5b14a468ae93cf56520d6fba3e0,0
fbneo/fbneo/robokid.hi,34,c2a76fa8aa73c668401a7ff3205dd27a45b7ac3813c5e4a9c3171bff2684a396,0
fbneo/fbneo/robowres.hi,122,1171666c3e0af069667251bbb8dbac52aeff187a6866daa07c597c813aa289e0,1
fbneo/fbneo/rockclim.hi,22,cae6ac67d496ac08b93489acbcddcdc109930fd5b826a5f43ecb233978700fe8,0
fbneo/fbneo/rockmanj.hi,80,e3e9ec6b6b8a56c34ec430a00e9621c754fbedb7d869248d36309d5a47d94df3,0
fbneo/fbneo/rockn.hi,118,ad8cc4471875ec69e3809178d54f3be4cf9f4f87cd05dfa84dbcbda3559f74c7,0
fbneo/fbneo/rockn2.hi,315,fdc05112307c088563d25d0afb09ebcafa0c9c51803f4a0cf607f06449681aa0,0
fbneo/fbneo/rockn3.hi,315,fdc05112307c088563d25d0afb09ebcafa0c9c51803f4a0cf607f06449681aa0,0
fbneo/fbneo/rockn4.hi,315,fdc05112307c088563d25d0afb09ebcafa0c9c51803f4a0cf607f06449681aa0,0
fbneo/fbneo/rockrage.hi,82,aa199e7e52b7804e1948e9ce5287ae042822dd717fac17c6cc58fe7dc9a2ffa1,0
fbneo/fbneo/rocnrope.hi,67,4ec1944d801c13d82b2bbc85c1a06f3066973194d5e9a90a3a49c2d9f2c8eb90,0
fbneo/fbneo/rocnropek.hi,67,4ec1944d801c13d82b2bbc85c1a06f3066973194d5e9a90a3a49c2d9f2c8eb90,0
fbneo/fbneo/rodland.hi,570,fa8aaa85ce51f9a5aba2b8c9419e0fcb0b328e9dc73919f1b570712c37ba295b,0
fbneo/fbneo/rohgau.hi,80,4c29fd2c5dd4455b72d38f2c23ec5a9d3f1c41906fd33d3ec510a76ec78158e4,0
fbneo/fbneo/rolcrush.hi,118,4d680e6a93b101d4f6a785276561a2126b7d58fe44410620c6ab3ea23823f528,0
fbneo/fbneo/rollerg.hi,40,9ded9ab6bb3e2f26cd93b377847f679e0ba205f9a733b4f9bd8974f0f47465ef,0
fbneo/fbneo/rompers.hi,90,5e5d6d79c8e4dd1c5028548a63390d429c982ab9e24024c6db0d49c3160ac34f,0
fbneo/fbneo/ropeman.hi,67,4ec1944d801c13d82b2bbc85c1a06f3066973194d5e9a90a3a49c2d9f2c8eb90,0
fbneo/fbneo/roundup.hi,9,843399afc2d228eee6bd9dcf5a9801296ac6a03747c682572376dde5935a3963,0
fbneo/fbneo/route16.hi,9,3e7077fd2f66d689e0cee6a7cf5b37bf2dca7c979af356d0a31cbc5c85605c7d,1
fbneo/fbneo/rpatrol.hi,30,e682c3bbc983616c897ea4f222fd8e31379c38aa04f2ea39fcc840e81d3d132a,0
fbneo/fbneo/rpatrolb.hi,30,56ac2e9bebf61cd9146790b08cb278e8d824426dee997276a301855c1ac910c9,0
fbneo/fbneo/rpatroln.hi,30,e682c3bbc983616c897ea4f222fd8e31379c38aa04f2ea39fcc840e81d3d132a,0
fbneo/fbneo/rshark.hi,78,1b196bf549077ee5574904e55ce12638383270bf56bae3f2fa3f5df3a4562c52,0
fbneo/fbneo/rthun2.hi,104,0e4ce056d92c74798a9baa0c106dd073df011f81c2ae7935b6cd2b23eb594e2c,0
fbneo/fbneo/rthunder.hi,38,b613ebb7015ba829bdb1586d21221789348fb9bf7bb903a21f347d2d83154221,0
fbneo/fbneo/rthunder0.hi,38,b613ebb7015ba829bdb1586d21221789348fb9bf7bb903a21f347d2d83154221,0
fbneo/fbneo/rthunder1.hi,38,b613ebb7015ba829bdb1586d21221789348fb9bf7bb903a21f347d2d83154221,0
fbneo/fbneo/rthunder2.hi,38,b613ebb7015ba829bdb1586d21221789348fb9bf7bb903a21f347d2d83154221,0
fbneo/fbneo/rthundera.hi,38,b613ebb7015ba829bdb1586d21221789348fb9bf7bb903a21f347d2d83154221,0
fbneo/fbneo/rtype.hi,113,ea9c14a655fa4f4688c82aa7d551fdac7d707d8346c957b369d78202a70743ed,0
fbneo/fbneo/rtype2.hi,144,d70cf08ad619ddb49c8a25c73b15f9dd94dfc71c84e2cb5146f3b487a9ef85cb,0
fbneo/fbneo/rtypeb.hi,113,ccd6813805e6bc63d5fc2468f31986a8e744b6762b3ba63b01fbf8f8bd915e3d,0
fbneo/fbneo/rtypej.hi,113,ea9c14a655fa4f4688c82aa7d551fdac7d707d8346c957b369d78202a70743ed,0
fbneo/fbneo/rtypejp.hi,113,20d37bf745e188f921b33f811cd8d16e2853f41653e10ebc6501dbcb97462e34,0
fbneo/fbneo/rtypeu.hi,113,ea9c14a655fa4f4688c82aa7d551fdac7d707d8346c957b369d78202a70743ed,0
fbneo/fbneo/rugrats.hi,130,076fd0389667039d8050aade147dc30e9fca9a51f2c92981620e046130fca6cf,0
fbneo/fbneo/rumba.hi,10,721961436c40c2029e7605535c2df72d4ea1b8ac6d1364ab7e28a980b21e78d9,0
fbneo/fbneo/rushatck.hi,63,1b1810014e8230a132d71e8c3d1af5ebc535274f446d92845394eba1e7e21ab8,0
fbneo/fbneo/rushcrsh.hi,116,56653fbff9066064a8e931195f20bb62f0ce12a6ec63097bd01fc3bca4cd4b32,0
fbneo/fbneo/rygar.hi,464,9d76c252a489cdf05618b417fc6fcdb3558d65c1014d0b28129af23b39d7e511,0
fbneo/fbneo/rygar2.hi,464,9d76c252a489cdf05618b417fc6fcdb3558d65c1014d0b28129af23b39d7e511,0
fbneo/fbneo/rygar3.hi,464,9d76c252a489cdf05618b417fc6fcdb3558d65c1014d0b28129af23b39d7e511,0
fbneo/fbneo/rygarj.hi,464,9d76c252a489cdf05618b417fc6fcdb3558d65c1014d0b28129af23b39d7e511,0
fbneo/fbneo/ryujin.hi,103,5176893eab7c4275aeb00f44888a9f45b3dcedf2f29e912b6f1c54af52eaa4bc,0
fbneo/fbneo/s1945.hi,120,345609305438d68942d395753a41c7b10224e9701caef6cd92ce7eb23d467a6a,0
fbneo/fbneo/s1945a.hi,120,345609305438d68942d395753a41c7b10224e9701caef6cd92ce7eb23d467a6a,0
fbneo/fbneo/s1945ii.hi,100,a1e20c90fc2d3d0b573733973d86c33da5764080225fc4ffd81be0e5f5c89f16,0
fbneo/fbneo/s1945iii.hi,266,5fdba97b5def07c99a64c470a7714969399bbf548afb3e7c6472fc43725c4c65,0
fbneo/fbneo/s1945j.hi,120,345609305438d68942d395753a41c7b10224e9701caef6cd92ce7eb23d467a6a,0
fbneo/fbneo/s1945k.hi,120,345609305438d68942d395753a41c7b10224e9701caef6cd92ce7eb23d467a6a,0
fbneo/fbneo/s1945n.hi,120,345609305438d68942d395753a41c7b10224e9701caef6cd92ce7eb23d467a6a,0
fbneo/fbneo/s1945nj.hi,120,345609305438d68942d395753a41c7b10224e9701caef6cd92ce7eb23d467a6a,0
fbneo/fbneo/sabotenb.hi,108,7fab47527d01bdb19b69755663d09c8eb508026a1b10a32f323ca2e93e7e23be,0
fbneo/fbneo/sadari.hi,60,dbf07cc1a8f89ca6445151b1d14f4b93700782ae0500f5e51e214a760f98234e,0
fbneo/fbneo/safarir.hi,12,4e1c6990cb7ce7d9581840e457e05b049e92e0d3aff50acdb3e2452ad693af39,0
fbneo/fbneo/sagaia.hi,1099,50f076becdb4bf0a4df34e9acf26b8e658ae8466a0416327190189e9c8580e97,0
fbneo/fbneo/sailormn.hi,71,089f0838d3d9e190f63edfd6d0e1aa52e55a64b6fe7c16ab8662453cc71b26f7,0
fbneo/fbneo/sailormnnt.hi,71,089f0838d3d9e190f63edfd6d0e1aa52e55a64b6fe7c16ab8662453cc71b26f7,0
fbneo/fbneo/saiyugou.hi,35,9df44b427af88f0c4b01c7f5252aa5db34676c2f777f95dfff74f5816b2a8b35,0
fbneo/fbneo/saiyugoub1.hi,35,9df44b427af88f0c4b01c7f5252aa5db34676c2f777f95dfff74f5816b2a8b35,0
fbneo/fbneo/saiyugoub2.hi,35,9df44b427af88f0c4b01c7f5252aa5db34676c2f777f95dfff74f5816b2a8b35,0
fbneo/fbneo/salamand.hi,104,fd1cc05fe912b35785c2f617db266fc156fdce9a7a10d805a446d988dc48c95c,0
fbneo/fbneo/samesamecn.hi,434,83bc788e465c943f132d56e37ca7d21952e05d3e973be29f725a459e07fa3600,0
fbneo/fbneo/samuraia.hi,158,60d909f360243e4ffae1cd4a70622bb6668bb1029d99ad8880293c86bc6abf25,0
fbneo/fbneo/sandscrp.hi,84,c98a788d9440d8d4756d45a714b1f163d549864827c3c9d9cf61002c91934258,0
fbneo/fbneo/sasuke.hi,2,9f1afa4dc124cba73134e82ff50f17c8f7164257c79fed9a13f5943a6acb8e3d,0
fbneo/fbneo/satansat.hi,2,9f1afa4dc124cba73134e82ff50f17c8f7164257c79fed9a13f5943a6acb8e3d,0
fbneo/fbneo/satansata.hi,2,9f1afa4dc124cba73134e82ff50f17c8f7164257c79fed9a13f5943a6acb8e3d,0
fbneo/fbneo/satansatind.hi,2,9f1afa4dc124cba73134e82ff50f17c8f7164257c79fed9a13f5943a6acb8e3d,0
fbneo/fbneo/sathena.hi,114,be0ccf45fe50dd95976eab62bff5c02e69b6bdac62b05024c6a9da9e6eaa5782,0
fbneo/fbneo/saturnzi.hi,40,e377ab927db8855ab4e0b567894d5ed8a4fdfdd453cc909d6245b356c2ca9881,0
fbneo/fbneo/sauro.hi,180,adfe32a7d6a85d6fdc37030caf2f797ed822dc27c9ef6122a974a4723c3b74d1,0
fbneo/fbneo/savgbees.hi,88,6a3b68a18aa027ec6d06c8877c4918c006b09faadd2c75a4c932f60716721a83,0
fbneo/fbneo/sbagman.hi,80,8027c1db8f24946df43295f6cb235ef1574ea981542c175c7b60401537f37de2,0
fbneo/fbneo/sbagmani.hi,80,8027c1db8f24946df43295f6cb235ef1574ea981542c175c7b60401537f37de2,0
fbneo/fbneo/sbagmans.hi,80,8027c1db8f24946df43295f6cb235ef1574ea981542c175c7b60401537f37de2,0
fbneo/fbneo/sbbros.hi,162,52a5429c0919fc5b0dc8829c3d1dfadb38c0849641071e3e133344cf0e25e910,0
fbneo/fbneo/sboblbobla.hi,94,41560f74773a5c1922c27caf01997aa60114ce513038495f118f05a2202aec96,0
fbneo/fbneo/sboblboblb.hi,94,41560f74773a5c1922c27caf01997aa60114ce513038495f118f05a2202aec96,0
fbneo/fbneo/sboblbobld.hi,94,41560f74773a5c1922c27caf01997aa60114ce513038495f118f05a2202aec96,0
fbneo/fbneo/sboblboble.hi,94,41560f74773a5c1922c27caf01997aa60114ce513038495f118f05a2202aec96,0
fbneo/fbneo/sboblboblf.hi,94,41560f74773a5c1922c27caf01997aa60114ce513038495f118f05a2202aec96,0
fbneo/fbneo/sbomber.hi,101,e739a62c243f788b74161885d9d0f8d8580917a6e633c469c718cc1f631e5ba7,0
fbneo/fbneo/sbombera.hi,101,e739a62c243f788b74161885d9d0f8d8580917a6e633c469c718cc1f631e5ba7,0
fbneo/fbneo/schmeisr.hi,121,7fe5e111afbaad9419242a716f00bb398dae96ad40f85919bbf358d6401ba071,0
fbneo/fbneo/sci.hi,44,949acbc57bcd16454026619c9d637bb5f8b51494621c678e21b0153075a4229f,0
fbneo/fbneo/scia.hi,44,949acbc57bcd16454026619c9d637bb5f8b51494621c678e21b0153075a4229f,0
fbneo/fbneo/scij.hi,44,949acbc57bcd16454026619c9d637bb5f8b51494621c678e21b0153075a4229f,0
fbneo/fbneo/scin.hi,44,0371dfcc765cd1ff3a4fb7b34107b98364bb7e3d63c1f215e3fdd7e307e3764c,0
fbneo/fbneo/scion.hi,87,f250f168cc0914ff4938d068ba655330d6e6b6e4cc85e88c8c748c70488a9691,0
fbneo/fbneo/scionc.hi,87,9f5e08c299c7bd2fe121818bcd0fb6f39bab3395a16fe55f34dd0e076f641ef2,0
fbneo/fbneo/sciu.hi,44,949acbc57bcd16454026619c9d637bb5f8b51494621c678e21b0153075a4229f,0
fbneo/fbneo/scobra.hi,33,759c4962f4b277ddcb5c05818954f58bef29ae059e377d76f930f98785caa536,0
fbneo/fbneo/scobrab.hi,33,759c4962f4b277ddcb5c05818954f58bef29ae059e377d76f930f98785caa536,0
fbneo/fbneo/scobrae2.hi,33,759c4962f4b277ddcb5c05818954f58bef29ae059e377d76f930f98785caa536,0
fbneo/fbneo/scobrag.hi,33,759c4962f4b277ddcb5c05818954f58bef29ae059e377d76f930f98785caa536,0
fbneo/fbneo/scobraggi.hi,33,759c4962f4b277ddcb5c05818954f58bef29ae059e377d76f930f98785caa536,0
fbneo/fbneo/scobras.hi,33,759c4962f4b277ddcb5c05818954f58bef29ae059e377d76f930f98785caa536,0
fbneo/fbneo/scobrase.hi,33,759c4962f4b277ddcb5c05818954f58bef29ae059e377d76f930f98785caa536,0
fbneo/fbneo/scontra.hi,84,61f9338ff2ec85ec83a3a1bc089025b080e8f63750c2a57dc03b1bf2767b0aaf,0
fbneo/fbneo/scontraj.hi,84,61f9338ff2ec85ec83a3a1bc089025b080e8f63750c2a57dc03b1bf2767b0aaf,0
fbneo/fbneo/scorpion.hi,30,a1559b16eefdf607eb700844d2e2dce683a53d4b7b18b196dbf4d2ba1e2f8db2,0
fbneo/fbneo/scotrsht.hi,73,49898d7f058c413cbf324b2332999479514786420841f954fab193ab8adb6502,0
fbneo/fbneo/scramb2.hi,33,759c4962f4b277ddcb5c05818954f58bef29ae059e377d76f930f98785caa536,0
fbneo/fbneo/scramblb.hi,33,759c4962f4b277ddcb5c05818954f58bef29ae059e377d76f930f98785caa536,0
fbneo/fbneo/scramble.hi,33,759c4962f4b277ddcb5c05818954f58bef29ae059e377d76f930f98785caa536,0
fbneo/fbneo/scramblebb.hi,33,759c4962f4b277ddcb5c05818954f58bef29ae059e377d76f930f98785caa536,0
fbneo/fbneo/scramblebf.hi,33,759c4962f4b277ddcb5c05818954f58bef29ae059e377d76f930f98785caa536,0
fbneo/fbneo/scrambler.hi,33,759c4962f4b277ddcb5c05818954f58bef29ae059e377d76f930f98785caa536,0
fbneo/fbneo/scrambles.hi,33,759c4962f4b277ddcb5c05818954f58bef29ae059e377d76f930f98785caa536,0
fbneo/fbneo/scrambp.hi,33,759c4962f4b277ddcb5c05818954f58bef29ae059e377d76f930f98785caa536,0
fbneo/fbneo/scramce.hi,33,759c4962f4b277ddcb5c05818954f58bef29ae059e377d76f930f98785caa536,0
fbneo/fbneo/scrampt.hi,33,759c4962f4b277ddcb5c05818954f58bef29ae059e377d76f930f98785caa536,0
fbneo/fbneo/scramrf.hi,33,759c4962f4b277ddcb5c05818954f58bef29ae059e377d76f930f98785caa536,0
fbneo/fbneo/scregg.hi,33,1f3c306363258e670c9f6d56adfe00cc5701960e6a8a251e500574c1b4a8dd6e,0
fbneo/fbneo/sdfight.hi,79,a729166336de2f6cbb5fb263db00887a228ff7750b1627a5f4257d2edd4ac587,0
fbneo/fbneo/sdgndmps.hi,156,be7b0a81a9bbfa97b8912b9825714ac60e1c5bbc09142fb0e66798c502a129d5,0
fbneo/fbneo/sdi.hi,807,747585fff68b3d839d484a28b4e91da1c7abe5e75fec9dbb265161b2f4d9188f,0
fbneo/fbneo/sdibl3.hi,807,747585fff68b3d839d484a28b4e91da1c7abe5e75fec9dbb265161b2f4d9188f,0
fbneo/fbneo/searchar.hi,83,d053c46e336a50800c386f2aa8394b219e2ffe62c43500cd63e6a54a128d2e8d,0
fbneo/fbneo/secretag.hi,164,db452d2bb1bf3549abe44905908af0a4237401f216e457682a3e1a4b8122cdc5,0
fbneo/fbneo/sectionz.hi,85,352e00e56b7fce67153150db4b5aa5b7167d1906f5c492430047445ce9697442,0
fbneo/fbneo/sectrzon.hi,30,cb82fa658ee0073042db5f81be247b21f337194e69b9efb15a2263b414c071e2,0
fbneo/fbneo/seganinj.hi,49,6300697547b9589dab5126dfa99103827d31bc8e48f088656b6cd025cf2bc504,0
fbneo/fbneo/seicross.hi,30,cb82fa658ee0073042db5f81be247b21f337194e69b9efb15a2263b414c071e2,0
fbneo/fbneo/selfeena.hi,60,4eea484638c292f577830ff0f6be5b3142a1d1a5d7b0ec83dd61df3c69d93612,0
fbneo/fbneo/sf.hi,164,dff37693940e8f457ab589cc3a6327172583ae1efec081d16a343eb6f893b0f0,0
fbneo/fbneo/sf2.hi,52,a4a66765e4765459593d5e6504d0f0d6010b43d213174efb792cb4905a1efe04,0
fbneo/fbneo/sf2accp2.hi,43,432a797842a47a174877f51bad83de5104aa462a8a933b28888708a3638f151b,0
fbneo/fbneo/sf2b.hi,52,a4a66765e4765459593d5e6504d0f0d6010b43d213174efb792cb4905a1efe04,0
fbneo/fbneo/sf2ce.hi,64,eaee71aa67ad76a256b7b78d3ae78087068b34a7b591fcf05ca1df7e1ea52a57,0
fbneo/fbneo/sf2ceb3.hi,64,eaee71aa67ad76a256b7b78d3ae78087068b34a7b591fcf05ca1df7e1ea52a57,0
fbneo/fbneo/sf2ceuc.hi,64,eaee71aa67ad76a256b7b78d3ae78087068b34a7b591fcf05ca1df7e1ea52a57,0
fbneo/fbneo/sf2ea.hi,52,a4a66765e4765459593d5e6504d0f0d6010b43d213174efb792cb4905a1efe04,0
fbneo/fbneo/sf2eb.hi,52,a4a66765e4765459593d5e6504d0f0d6010b43d213174efb792cb4905a1efe04,0
fbneo/fbneo/sf2ebbl.hi,52,a4a66765e4765459593d5e6504d0f0d6010b43d213174efb792cb4905a1efe04,0
fbneo/fbneo/sf2ebbl2.hi,52,a4a66765e4765459593d5e6504d0f0d6010b43d213174efb792cb4905a1efe04,0
fbneo/fbneo/sf2ebbl3.hi,52,a4a66765e4765459593d5e6504d0f0d6010b43d213174efb792cb4905a1efe04,0
fbneo/fbneo/sf2ed.hi,52,a4a66765e4765459593d5e6504d0f0d6010b43d213174efb792cb4905a1efe04,0
fbneo/fbneo/sf2ee.hi,52,a4a66765e4765459593d5e6504d0f0d6010b43d213174efb792cb4905a1efe04,0
fbneo/fbneo/sf2em.hi,52,a4a66765e4765459593d5e6504d0f0d6010b43d213174efb792cb4905a1efe04,0
fbneo/fbneo/sf2en.hi,52,a4a66765e4765459593d5e6504d0f0d6010b43d213174efb792cb4905a1efe04,0
fbneo/fbneo/sf2hf.hi,64,640e9b84c6d71b0310860d0ee59330c9b761f01b9c9762686691b19f52335dbc,0
fbneo/fbneo/sf2j.hi,52,a4a66765e4765459593d5e6504d0f0d6010b43d213174efb792cb4905a1efe04,0
fbneo/fbneo/sf2j17.hi,52,a4a66765e4765459593d5e6504d0f0d6010b43d213174efb792cb4905a1efe04,0
fbneo/fbneo/sf2ja.hi,52,a4a66765e4765459593d5e6504d0f0d6010b43d213174efb792cb4905a1efe04,0
fbneo/fbneo/sf2jc.hi,52,a4a66765e4765459593d5e6504d0f0d6010b43d213174efb792cb4905a1efe04,0
fbneo/fbneo/sf2jf.hi,52,a4a66765e4765459593d5e6504d0f0d6010b43d213174efb792cb4905a1efe04,0
fbneo/fbneo/sf2jh.hi,52,a4a66765e4765459593d5e6504d0f0d6010b43d213174efb792cb4905a1efe04,0
fbneo/fbneo/sf2jl.hi,52,a4a66765e4765459593d5e6504d0f0d6010b43d213174efb792cb4905a1efe04,0
fbneo/fbneo/sf2qp1.hi,52,a4a66765e4765459593d5e6504d0f0d6010b43d213174efb792cb4905a1efe04,0
fbneo/fbneo/sf2qp2.hi,52,a4a66765e4765459593d5e6504d0f0d6010b43d213174efb792cb4905a1efe04,0
fbneo/fbneo/sf2red.hi,44,8a79692d63edd5a46f601f85d341117f9b35be72a41cd8a9ca2e03564b11fbda,0
fbneo/fbneo/sf2rk.hi,52,a4a66765e4765459593d5e6504d0f0d6010b43d213174efb792cb4905a1efe04,0
fbneo/fbneo/sf2stt.hi,52,a4a66765e4765459593d5e6504d0f0d6010b43d213174efb792cb4905a1efe04,0
fbneo/fbneo/sf2thndr.hi,52,a4a66765e4765459593d5e6504d0f0d6010b43d213174efb792cb4905a1efe04,0
fbneo/fbneo/sf2thndr2.hi,52,a4a66765e4765459593d5e6504d0f0d6010b43d213174efb792cb4905a1efe04,0
fbneo/fbneo/sf2ua.hi,52,a4a66765e4765459593d5e6504d0f0d6010b43d213174efb792cb4905a1efe04,0
fbneo/fbneo/sf2ub.hi,52,a4a66765e4765459593d5e6504d0f0d6010b43d213174efb792cb4905a1efe04,0
fbneo/fbneo/sf2uc.hi,52,a4a66765e4765459593d5e6504d0f0d6010b43d213174efb792cb4905a1efe04,0
fbneo/fbneo/sf2ud.hi,52,a4a66765e4765459593d5e6504d0f0d6010b43d213174efb792cb4905a1efe04,0
fbneo/fbneo/sf2ue.hi,52,a4a66765e4765459593d5e6504d0f0d6010b43d213174efb792cb4905a1efe04,0
fbneo/fbneo/sf2uf.hi,52,a4a66765e4765459593d5e6504d0f0d6010b43d213174efb792cb4905a1efe04,0
fbneo/fbneo/sf2ug.hi,52,a4a66765e4765459593d5e6504d0f0d6010b43d213174efb792cb4905a1efe04,0
fbneo/fbneo/sf2uh.hi,52,a4a66765e4765459593d5e6504d0f0d6010b43d213174efb792cb4905a1efe04,0
fbneo/fbneo/sf2ui.hi,52,a4a66765e4765459593d5e6504d0f0d6010b43d213174efb792cb4905a1efe04,0
fbneo/fbneo/sf2uk.hi,52,a4a66765e4765459593d5e6504d0f0d6010b43d213174efb792cb4905a1efe04,0
fbneo/fbneo/sfa.hi,159,bfb03bd3e4b1955038a9b220fa490a6463b9c93c6a7519a25b831ce68804b129,0
fbneo/fbneo/sfa2.hi,173,2fbe2b4f2090f45f47eb3050883d4e35e7600e8184152ce123d73748034814cf,0
fbneo/fbneo/sfa2u.hi,173,2fbe2b4f2090f45f47eb3050883d4e35e7600e8184152ce123d73748034814cf,0
fbneo/fbneo/sfa3.hi,2784,41aab8dd91fbaa8f5ee523e61e01702c932ed7d5c5128d1679eb5efa8b567ec6,0
fbneo/fbneo/sfa3xl.hi,2784,41aab8dd91fbaa8f5ee523e61e01702c932ed7d5c5128d1679eb5efa8b567ec6,0
fbneo/fbneo/sfiii.hi,144,573c92afad678e6715af6e84219208247afe996d21b054db95a9b8f3efc056b7,0
fbneo/fbneo/sfiii2.hi,144,19809598952408b7e1ea84989dc361ba2cb490d29a41a1441bc56ad4e9f459e1,0
fbneo/fbneo/sfiii3.hi,397,40b2156b6f9a1c438a7766b597c237de40130aa1aa84a1d0edecf57c24b32258,0
fbneo/fbneo/sfiii3jr1.hi,397,40b2156b6f9a1c438a7766b597c237de40130aa1aa84a1d0edecf57c24b32258,0
fbneo/fbneo/sfiii3r1.hi,397,40b2156b6f9a1c438a7766b597c237de40130aa1aa84a1d0edecf57c24b32258,0
fbneo/fbneo/sfiiih.hi,144,573c92afad678e6715af6e84219208247afe996d21b054db95a9b8f3efc056b7,0
fbneo/fbneo/sfp.hi,164,ff177127226f1710b2570704c81c28aed8142b4bf29d9c940628a9e3f4699a31,0
fbneo/fbneo/sfua.hi,164,dff37693940e8f457ab589cc3a6327172583ae1efec081d16a343eb6f893b0f0,0
fbneo/fbneo/sfx.hi,33,9e6db20aaf7de117601c80a9109cabd944cb92e831db139590da54640ddf7749,0
fbneo/fbneo/sfz2al.hi,173,2fbe2b4f2090f45f47eb3050883d4e35e7600e8184152ce123d73748034814cf,0
fbneo/fbneo/sfzar1.hi,159,5ffc132a6a2e2e02686537f313325ef668718d2ea5ca1cafd25817f18cd79688,0
fbneo/fbneo/sgemf.hi,176,1fc6430c2cdc6e2321566eaaa8be08a036f2c4992337e0d7e9a9359ab3d54f57,0
fbneo/fbneo/sgladiat.hi,40,71bf52d2903a36b90d9327724e8e627ef6ec64717c73b9d0c601d1ad30beae1f,0
fbneo/fbneo/sgunner.hi,199,7592921b7f20d6aa03680cd4be39237161525a32efadc3d2508a4e1f80e886e8,0
fbneo/fbneo/sgunner2.hi,448,083d98427ffbc4c8370cad0956e4057f7c3fbea4e763c057d1432598e3020e57,0
fbneo/fbneo/shackled.hi,43,f46209c9d1f27a112dde7b31dea489e2efbb5150532415eb85cd54503ddd4518,0
fbneo/fbneo/shangkid.hi,80,b9fa0dbc85f7e3db684b712169d42546af150274f399d06254c1fc13f6fb9a8d,0
fbneo/fbneo/sharkatt.hi,80,a9cd9654c245f2c4017a042670684a0b7c0da8c637643e5bcb988ac6fd45736e,0
fbneo/fbneo/shdancer.hi,5028,45c34ff5cd739245b7ac6481b62ee1591dede150da63c0ced1325fb4aae346d4,0
fbneo/fbneo/shinobi.hi,326,593237234e1fb5ef1530574631bf35c4e4f2024e45800108404bca2b6845d043,0
fbneo/fbneo/shinobi1.hi,326,593237234e1fb5ef1530574631bf35c4e4f2024e45800108404bca2b6845d043,0
fbneo/fbneo/shinobi2.hi,326,593237234e1fb5ef1530574631bf35c4e4f2024e45800108404bca2b6845d043,0
fbneo/fbneo/shinobi3.hi,326,593237234e1fb5ef1530574631bf35c4e4f2024e45800108404bca2b6845d043,0
fbneo/fbneo/shinobi4.hi,326,593237234e1fb5ef1530574631bf35c4e4f2024e45800108404bca2b6845d043,0
fbneo/fbneo/shinobi5.hi,326,593237234e1fb5ef1530574631bf35c4e4f2024e45800108404bca2b6845d043,0
fbneo/fbneo/shinobi6.hi,326,593237234e1fb5ef1530574631bf35c4e4f2024e45800108404bca2b6845d043,0
fbneo/fbneo/shinobls.hi,326,593237234e1fb5ef1530574631bf35c4e4f2024e45800108404bca2b6845d043,0
fbneo/fbneo/shocking.hi,99,619aced59b24463784caba130cea54fd7b2e6fa30f5e43e6b0f7573514cf3997,0
fbneo/fbneo/shogwarr.hi,39,0be3f7cb4738a77c43f116c447a510e7ebe3137c21fd5ad1dd5f41270134499c,0
fbneo/fbneo/shootout.hi,82,caa22247cbec33c39024b5d1b33c7410045f4dad37204b693ceae97f456916f0,0
fbneo/fbneo/shtrider.hi,45,7ac034e8ee8133aedacb099967cf25aff764aaf632b731d0efa763eeafc58a76,0
fbneo/fbneo/sichuan2a.hi,82,4ccc5f15ea162d44db45bbbf16c2556a7de1e96ee26a344be9ce46636f1d465e,0
fbneo/fbneo/sidearmsu.hi,86,89a0ac559d744ce8ba2e085b74f6ec9417b30ec53377f0c0750ab9fffca542b5,0
fbneo/fbneo/sidepckt.hi,50,638b3ee60b4937e66e53b89cf164f64fd0b09f4c30968029c68875a15dfc7c71,0
fbneo/fbneo/silentd.hi,101,133bcf37090415a9d6563d7828f584fb00b9bc44eb0ee792e019e88e47794b3c,0
fbneo/fbneo/silentdj.hi,101,133bcf37090415a9d6563d7828f584fb00b9bc44eb0ee792e019e88e47794b3c,0
fbneo/fbneo/silkroad.hi,140,5694e2436ddb7c29f34eb0f8ff7d8d7729eb46a7c6a5a5f77063e48afd3efb43,0
fbneo/fbneo/silkworm.hi,132,759cc6a92feee15983f74160c263869389a4bb3cad7b6786531c430dc73b2d33,0
fbneo/fbneo/silkwormb.hi,129,975ad32492d9a9a58f3ff6c388d8c3847be4ddd3a5181b3ac2cf3d30aba0389e,0
fbneo/fbneo/silvland.hi,30,f78ac03aa04b039b2698629cd3e99b5fda3571e33d55e1ac118cbb43f7af4956,0
fbneo/fbneo/simpsons.hi,80,bc3950c2ffd05665bc20a7ebd1e4c3465602552883eb225e48a4d3653826a684,0
fbneo/fbneo/sinvasn.hi,94,b381d382892f2a1ee59d9c1c269884176c9d6f24f9e958e39190c00a139202b5,0
fbneo/fbneo/sinvasnb.hi,94,b381d382892f2a1ee59d9c1c269884176c9d6f24f9e958e39190c00a139202b5,0
fbneo/fbneo/sirio2.hi,84,d89900f0dec87ee8131d90041819a9861f51c3a6bf61a64b65433b2da4746f8b,0
fbneo/fbneo/sisv.hi,2,96a296d224f285c67bee93c30f8a309157f0daa35dc5b87e410b78630a09cfc7,1
fbneo/fbneo/sisv2.hi,2,96a296d224f285c67bee93c30f8a309157f0daa35dc5b87e410b78630a09cfc7,1
fbneo/fbneo/sisv3.hi,2,96a296d224f285c67bee93c30f8a309157f0daa35dc5b87e410b78630a09cfc7,1
fbneo/fbneo/sitv.hi,2,96a296d224f285c67bee93c30f8a309157f0daa35dc5b87e410b78630a09cfc7,1
fbneo/fbneo/sitv1.hi,2,96a296d224f285c67bee93c30f8a309157f0daa35dc5b87e410b78630a09cfc7,1
fbneo/fbneo/skyadvnt.hi,191,dbaf6e5d7b2a67cc36dc3be75ff1919cdde4e4680f8e3c84ee0826babcd923f2,0
fbneo/fbneo/skyadvntj.hi,191,b04debc0b07215b5eec94b1b063626ef35e0dbf10a890d94fa420281ec59fca8,0
fbneo/fbneo/skyalert.hi,92,19f3d25f029e36b5867323168df26e07f5d531df9a761f9f736f8c92369def2d,0
fbneo/fbneo/skyarmy.hi,173,128bf07df78e42ba8fefed0882096d2a6e7e25848a6beb03b0e0e99b4158af41,0
fbneo/fbneo/skybase.hi,61,d429a8f738d61f6e0308b9ad32ed4a77d55b97fdf4d2489d61207f7dcb187a9a,0
fbneo/fbneo/skydest.hi,109,6e3827e2e1cae6ea2088a8e39d4ca21cbf6888a289327f141479a6842b56c6e0,0
fbneo/fbneo/skyfox.hi,51,0b80203a5d96d50ab5dcd42e0bff15c70bc1e750da00ac8046167c7969254aab,0
fbneo/fbneo/skykid.hi,70,f075199471ef0a14822557135d507584ca917e1bfd1a0ad3690110bef1b97013,0
fbneo/fbneo/skykiddx.hi,70,9844d14264c93727ee963bd900a75170d6b5b045c4fb48c98d549f5ff93272c2,0
fbneo/fbneo/skykiddxo.hi,70,9844d14264c93727ee963bd900a75170d6b5b045c4fb48c98d549f5ff93272c2,0
fbneo/fbneo/skylancr.hi,36,607c17a1a639d35c10a2c44c7fdb9c94a8056254cb9aa9eb33988cf3f29a8b13,0
fbneo/fbneo/skyraidr.hi,3,709e80c88487a2411e1ee4dfb9f22a861492d20c4765150c0c794abd70f8147c,1
fbneo/fbneo/skyskipr.hi,33,dc66b83f71cb6ff4deb619372ace3f2ff16bbcfd7b7c9a4bb31e95e9610b8cb7,0
fbneo/fbneo/skysmash.hi,85,d9744f19ba073b21c84b53e743269ab625beb9e5d187d397bbca3f19ca37befa,0
fbneo/fbneo/skysoldr.hi,196,eb9ff5dd4675e5fc6ecfdb818163bfde2f066d4902f02cbf0d499fde5e1163e5,0
fbneo/fbneo/skywolf.hi,95,2abbaef4b9717daff341e8a1df892d52712c74cbcb79935e9911cef8921880fd,0
fbneo/fbneo/skywolf2.hi,95,2abbaef4b9717daff341e8a1df892d52712c74cbcb79935e9911cef8921880fd,0
fbneo/fbneo/slammast.hi,176,9e5d9016ed52229887fe722ffe073119500312130fab1e97edb7218ce700aa19,0
fbneo/fbneo/slapfighb1.hi,80,58802a93da756438395526806f5a199b7824e1bf3a539257b692a508233148d5,0
fbneo/fbneo/smgp.hi,127,222d8ac269c4f5d641b587d1d6411acc42c2dadbed2c49c9f6c53adb359953d6,0
fbneo/fbneo/smgp5d.hi,127,f4824be493523ebd5a1767040bb317fa94b34c0430b1b196e2301e2a5ce01916,0
fbneo/fbneo/smooncrs.hi,84,6754714191601a01e0d675147b1bf9909dddacf6ef222a1d69c334f2532386cb,0
fbneo/fbneo/snapjack.hi,65,588c0972a31468d578f9556d4b41950d5bb151b4cf50d6fc6114fa969ada9c50,0
fbneo/fbneo/snapper.hi,38,89cad81d120be6f41f3a2398e1e3314d1277af385a17a5b7df561ebaa76cd79b,0
fbneo/fbneo/sngkace.hi,158,60d909f360243e4ffae1cd4a70622bb6668bb1029d99ad8880293c86bc6abf25,0
fbneo/fbneo/snowbro2b.hi,40,41a8a646cfbfcecc47ad13642dd06f479492b139c523d171dfd962790b0be084,0
fbneo/fbneo/snowbro3.hi,71,0b7d4c20ec1a3e6d1a59138f6c33924954fd8c7b6954b0f1edaf5f8dc4ab4f92,0
fbneo/fbneo/snowbros.hi,71,0b7d4c20ec1a3e6d1a59138f6c33924954fd8c7b6954b0f1edaf5f8dc4ab4f92,0
fbneo/fbneo/snowbrosa.hi,71,0b7d4c20ec1a3e6d1a59138f6c33924954fd8c7b6954b0f1edaf5f8dc4ab4f92,0
fbneo/fbneo/snowbrosb.hi,71,0b7d4c20ec1a3e6d1a59138f6c33924954fd8c7b6954b0f1edaf5f8dc4ab4f92,0
fbneo/fbneo/snowbrosc.hi,71,0b7d4c20ec1a3e6d1a59138f6c33924954fd8c7b6954b0f1edaf5f8dc4ab4f92,0
fbneo/fbneo/snowbrosd.hi,71,0b7d4c20ec1a3e6d1a59138f6c33924954fd8c7b6954b0f1edaf5f8dc4ab4f92,0
fbneo/fbneo/snowbroswb.hi,71,0b7d4c20ec1a3e6d1a59138f6c33924954fd8c7b6954b0f1edaf5f8dc4ab4f92,0
fbneo/fbneo/sokonuke.hi,80,5523005640f04382e337a7b7c5b4dc7371ba93f4343081dcd7f96b2726a90422,0
fbneo/fbneo/soldivid.hi,54,3d7294bdf29f93bdb534ec5733964da251c3227ee5f287e6e0e22f0bbe93517a,0
fbneo/fbneo/soldividk.hi,54,3d7294bdf29f93bdb534ec5733964da251c3227ee5f287e6e0e22f0bbe93517a,0
fbneo/fbneo/solfigtr.hi,73,6261598236a5968bc640352709f13bd5a8621c458ad71a02400bc9340735c231,0
fbneo/fbneo/solrwarr.hi,63,1ea783a84eec532adfee25408d4bcbaacee307e1c1a6e07466c33803a34f2199,0
fbneo/fbneo/sonicbom.hi,162,3b7f93966898114e3d7976d75101b12dc24fa55e9ae02202f60eb24d473a4d56,0
fbneo/fbneo/sonicwi.hi,160,0ec131c72938d1d6169e9add1cd67dd20981cc9bb4c0e6319643e2108745c74d,0
fbneo/fbneo/sonicwi2.hi,82,d212c2c0834cd4ba0de33c964127c4572c715ac63a6a2c7bd30a683f6b68710e,0
fbneo/fbneo/sonicwi3.hi,207,96fa7085a08a38bd3d04bb15f49363496c87d6430ab532d2281cb7442bc2b9b4,0
fbneo/fbneo/sonofphx.hi,95,869225548eb3cf66bbe174809e05e3d40f6f4e01d1241ad44589114da8b70ced,0
fbneo/fbneo/sos.hi,2,96a296d224f285c67bee93c30f8a309157f0daa35dc5b87e410b78630a09cfc7,1
fbneo/fbneo/sotsugyo.hi,96,064b77c47aaee0057d736e80869af4cf14238f15253f5a54782793d3964c8f17,0
fbneo/fbneo/spacbat2.hi,3,709e80c88487a2411e1ee4dfb9f22a861492d20c4765150c0c794abd70f8147c,1
fbneo/fbneo/spacbatt.hi,3,709e80c88487a2411e1ee4dfb9f22a861492d20c4765150c0c794abd70f8147c,1
fbneo/fbneo/spacduel.hi,135,02b2ac1cea8c765ca746c5d50a613d9939923c627136dfa6b3932ea754ffee63,0
fbneo/fbneo/spacduel0.hi,135,02b2ac1cea8c765ca746c5d50a613d9939923c627136dfa6b3932ea754ffee63,0
fbneo/fbneo/spacduel1.hi,135,02b2ac1cea8c765ca746c5d50a613d9939923c627136dfa6b3932ea754ffee63,0
fbneo/fbneo/spacecr.hi,129,2c80619d7e7c58257293cda3a878c13e5856f4e06f6f90601276f7b9179c9e07,1
fbneo/fbneo/spacefb.hi,95,3fa5e6bc6aee329beade2880058cb5c6e7d292b9c851481fe61bf0062b4feb89,0
fbneo/fbneo/spacefbe.hi,95,3fa5e6bc6aee329beade2880058cb5c6e7d292b9c851481fe61bf0062b4feb89,0
fbneo/fbneo/spacefbe2.hi,95,3fa5e6bc6aee329beade2880058cb5c6e7d292b9c851481fe61bf0062b4feb89,0
fbneo/fbneo/spacegun.hi,151,57fe62386051be8a5e7cbec6a5673f0a51a80f94bd76016fe3fa4078d270bcf6,0
fbneo/fbneo/spacempr.hi,3,709e80c88487a2411e1ee4dfb9f22a861492d20c4765150c0c794abd70f8147c,1
fbneo/fbneo/spaceplt.hi,43,33309002deb9154fa2509fafd5337ae75a7a9a2e535a3840d6fb55889809a5ba,0
fbneo/fbneo/spacfury.hi,91,0229104c8a4905da12b8480411b1665539f83685fe9db5fb41aa6cfc390f980b,0
fbneo/fbneo/spacfurya.hi,91,0229104c8a4905da12b8480411b1665539f83685fe9db5fb41aa6cfc390f980b,0
fbneo/fbneo/spang.hi,162,52a5429c0919fc5b0dc8829c3d1dfadb38c0849641071e3e133344cf0e25e910,0
fbneo/fbneo/spangj.hi,162,70a4624b0b7b49ca9538c2e464727b7e453e0cb95770eb3e6e6fd8e96d0dc6f8,0
fbneo/fbneo/sparkman.hi,108,0bdaa5050935a939dfac4dd6b99a5a2e6cd13f73072754e8baf62ea006ed3048,0
fbneo/fbneo/spartanx.hi,123,31e5ba327a1b9fafe056e2540f5070a70ce384e94b218ed2ff1dcf5c8efa7c04,0
fbneo/fbneo/spatter.hi,53,1d7446e7705a41f24cc04511b168fb56721607ba1a22ea203730271264217a30,0
fbneo/fbneo/spcdrag.hi,84,6754714191601a01e0d675147b1bf9909dddacf6ef222a1d69c334f2532386cb,0
fbneo/fbneo/spcpostn.hi,470,904bb0f2a39974f6c833dedc409ff3c4f12a6d934234bd94b9d601b35211214a,0
fbneo/fbneo/spdcoin.hi,1678,4dec12964bbef20fb536df308aa645e0a5b0e38861754b59b4892b3cc7fb33dd,0
fbneo/fbneo/spdodgeb.hi,3,709e80c88487a2411e1ee4dfb9f22a861492d20c4765150c0c794abd70f8147c,1
fbneo/fbneo/speakres.hi,6,b0f66adc83641586656866813fd9dd0b8ebb63796075661ba45d1aa8089e1d44,1
fbneo/fbneo/speedspn.hi,97,81d15387d37763780fc2ee8e2be4a5ea1b4d393692a95ea2b3d20ba0ca40b3cd,0
fbneo/fbneo/spelunk2.hi,102,f3b71a49259254029b04b39974ecc6e49c1579d314c4ba6fcc8398f005189996,0
fbneo/fbneo/spelunkr.hi,102,c9b416684544c6518d67fd4fb63962744ef92edb10097f97ae74dc4200ce6a2d,0
fbneo/fbneo/spf2td.hi,79,18b8d46298360473036774a19ef7330aaccaa31a2e2b908804ec936e4c7dc81a,0
fbneo/fbneo/spf2xjd.hi,79,8adfac371cf62bcb414e4a79bdf315bd4187716b130769d9eaa3f726d60dc162,0
fbneo/fbneo/spinlbrk.hi,140,b4c435f805161ff4ef67f888cd5dd95ca25f3ca5bfdfe0dd561e1f60511a68d6,0
fbneo/fbneo/splatter.hi,63,5c3b852460462a55f26aa60618ca1a1593707b3f4afa6e67032c61b2f5b41257,0
fbneo/fbneo/spool3.hi,2,4658d6abbbaf7748c172ed5a3e003cdb8997648f88724834e41f75e54520e142,0
fbneo/fbneo/sprcros2a.hi,127,443d40d394da8658c2c1d6e7ec7d8497737f5c819915e445813bf419e2d22d48,0
fbneo/fbneo/springer.hi,35,5625e39da253d1083becca1057071623dea83622ae9bd016ddaac83ea0115818,0
fbneo/fbneo/spy.hi,84,7320bf62cf31f428ce3b8fd63678bd38233b653c4bcf9e2de2877497363a548e,0
fbneo/fbneo/sraider.hi,159,dfff244ba53078627afc03c80beae471fa66c4c19a487ea58ad12a349cdaa644,0
fbneo/fbneo/sranger.hi,78,845a0fd738c407d4b3c101b0a98f6e1c5d8dea30472351d1ebab19e04d396c59,0
fbneo/fbneo/srdarwin.hi,73,e3f9f5274ee4f484c98cb4c50031de7cb67713e503dabef3bb651c783bdd9b9f,0
fbneo/fbneo/srdmissn.hi,95,becba5110f430db50d30c535417405ae96232670a6de5550d1d49e49ab63d26a,0
fbneo/fbneo/srumbler.hi,116,56653fbff9066064a8e931195f20bb62f0ce12a6ec63097bd01fc3bca4cd4b32,0
fbneo/fbneo/srumbler2.hi,116,56653fbff9066064a8e931195f20bb62f0ce12a6ec63097bd01fc3bca4cd4b32,0
fbneo/fbneo/srumbler3.hi,116,56653fbff9066064a8e931195f20bb62f0ce12a6ec63097bd01fc3bca4cd4b32,0
fbneo/fbneo/ssf2.hi,52,4612f462bd298dc3f0bec62d3e5ea3b1b36276c6ba5d37cb243b73875384baf8,0
fbneo/fbneo/ssf2t.hi,52,4612f462bd298dc3f0bec62d3e5ea3b1b36276c6ba5d37cb243b73875384baf8,0
fbneo/fbneo/ssi.hi,53,32c85b9b4eb89bd7bdcdf7769a5e441585d41eeb9488bd7991c23c4835e2b1e9,0
fbneo/fbneo/ssia.hi,53,32c85b9b4eb89bd7bdcdf7769a5e441585d41eeb9488bd7991c23c4835e2b1e9,0
fbneo/fbneo/ssmissin.hi,192,19674a872395b5cd67ee94e93b097d8b8c3b45cda159ab35f59b3a45239a3866,0
fbneo/fbneo/ssoldier.hi,50,b0a60b115c419cd9b63fc62156f2c27c58768532e1d8fb6aba049a1961710982,0
fbneo/fbneo/ssozumo.hi,119,2dd2afef04cd088ba6aa7476f42f580eca913ec03e198be735359545917eca1e,0
fbneo/fbneo/ssriders.hi,84,34397ee0092b25293660676a440f6f7dace3f843c0f79bca9d82a0a56f10ac29,0
fbneo/fbneo/sstarcrs.hi,84,6754714191601a01e0d675147b1bf9909dddacf6ef222a1d69c334f2532386cb,0
fbneo/fbneo/sstingry.hi,148,94d3e685ce7769b07c61123d96d9040c67afe85c62d1d3d72b32cf2047b4afd6,0
fbneo/fbneo/stagger1.hi,60,9bf72326862bb64246106ee7278a3d84eeb78fef50c9cef4c5add31850e2f8cd,0
fbneo/fbneo/starfgmc.hi,84,20f2a88c40384e83dcf5578746b6ce1dc2f432f832940a75a381dc1accdbf56a,0
fbneo/fbneo/starfigh.hi,40,f3c144432f6ba69bd259ea45f2864c0329bd00c99721f67c666ad5080f2ebfeb,0
fbneo/fbneo/starforc.hi,124,8b007354a3824fcba8d4c81a2d175dae9964a7b602180dfa386a4c234b12ac2b,0
fbneo/fbneo/starforca.hi,124,8b007354a3824fcba8d4c81a2d175dae9964a7b602180dfa386a4c234b12ac2b,0
fbneo/fbneo/starforce.hi,124,8b007354a3824fcba8d4c81a2d175dae9964a7b602180dfa386a4c234b12ac2b,0
fbneo/fbneo/starjack.hi,33,0146617e4b86decd0c16dcf71ab7b2b13c304404e0c98c55d8e70fe50db32626,0
fbneo/fbneo/startrks.hi,5,e7042ac7d09c7bc41c8cfa5749e41858f6980643bc0db1a83cc793d3e24d3f77,0
fbneo/fbneo/stera.hi,84,6754714191601a01e0d675147b1bf9909dddacf6ef222a1d69c334f2532386cb,0
fbneo/fbneo/stfighta.hi,85,cb236f5c92bc172418abe44fa188800b6da816ea95a09ca5ca8f1d9de969c861,0
fbneo/fbneo/stg.hi,41,888f4c0b3ca5f1b789a42903a213354ec05a48e3861fa490a85cc6e4fcb665e0,0
fbneo/fbneo/stinger.hi,55,400c821e6ef6a20e9a9c7639c7f0e751eb4cf288848cdde86cf8fa10e057d82f,0
fbneo/fbneo/stinger2.hi,55,400c821e6ef6a20e9a9c7639c7f0e751eb4cf288848cdde86cf8fa10e057d82f,0
fbneo/fbneo/stlforce.hi,51,f02367578551aa3d20155f574283cf22063a1fda59cbc113d96d77820cea4171,0
fbneo/fbneo/stmblade.hi,128,8f6f6dbeb41846b6c13edc5930ba72ff33cdcb7f400248d0fddb5154bdf32e6e,0
fbneo/fbneo/stratgyx.hi,34,c5b9d2ff865a7dba2a9016eed60802aefb6308e1dafc4bbca304f7eaeed2ede7,0
fbneo/fbneo/stratof.hi,144,5b6d6b040952789a9d3a2ce2ea30482c698d4aa3744608fb199977e05fc76e78,0
fbneo/fbneo/streetsm.hi,164,078e90fa2682636f0cdcd07f2063b41497274ebec9c4c82df9a297204d6e8be1,0
fbneo/fbneo/strfbomb.hi,33,759c4962f4b277ddcb5c05818954f58bef29ae059e377d76f930f98785caa536,0
fbneo/fbneo/strider.hi,124,e7045345bfa57d2dcebb7aa0fc162b6477bdd7cf62a198ac26b96e3ca01efddf,0
fbneo/fbneo/striderj.hi,124,e7045345bfa57d2dcebb7aa0fc162b6477bdd7cf62a198ac26b96e3ca01efddf,0
fbneo/fbneo/striderua.hi,124,e7045345bfa57d2dcebb7aa0fc162b6477bdd7cf62a198ac26b96e3ca01efddf,0
fbneo/fbneo/strideruc.hi,124,e7045345bfa57d2dcebb7aa0fc162b6477bdd7cf62a198ac26b96e3ca01efddf,0
fbneo/fbneo/sub.hi,90,4d49291d95873db5cea447aa6699d0ba359c269316df1c56d8f1f8973b920245,0
fbneo/fbneo/subroc3d.hi,63,9841157b3cae2f2e76e4c967e5b577cca55e96dbdb6ef527c950a7c790b38ba0,0
fbneo/fbneo/supbtime.hi,80,0b97ec55f5ef28d35be0020a1c1c62dd45b612410b351834623f6f561bb420de,0
fbneo/fbneo/superbon.hi,80,6f8e9a4aa9c3f8c11d322c025458bf24c80eb31dee0495765f0cb51f323572cf,0
fbneo/fbneo/superchs.hi,73,2faaee008a00a0aa22b0c2c44f7555e7f57d64cd6f1f8740763fa077a48ae15e,0
fbneo/fbneo/superg.hi,3,709e80c88487a2411e1ee4dfb9f22a861492d20c4765150c0c794abd70f8147c,1
fbneo/fbneo/superman.hi,70,68adf1ec2b1b482ed6ee34250ac2912b6c4c65a87e0c713038a31f42f366a469,0
fbneo/fbneo/superpac.hi,50,df2752385658c65864488631c8fe2ef4707a1879be394646245fb8dd9531fda9,0
fbneo/fbneo/superpacm.hi,50,df2752385658c65864488631c8fe2ef4707a1879be394646245fb8dd9531fda9,0
fbneo/fbneo/superx.hi,104,32009d0b2c22c2c3259c09344e7c6b431635fa95021d7c5c2a04da59838f363d,0
fbneo/fbneo/supmodel.hi,99,be92cffd2c2e7448fcb54b92412a9274edc85ce0ea62af4e63b0ad96368bf816,0
fbneo/fbneo/suprglob.hi,62,0971f151b233ff03c1fa141a1c4ce5bc472ff9492db2425a4bbe328550664e35,0
fbneo/fbneo/suprloco.hi,51,90d6b4bfead5ee82efcb607b92b811f960d64b4795197957fc53746164530bf2,0
fbneo/fbneo/suprmatk.hi,48,eba1d05debf5129e975d997f3831c8446c09f62037fa5e8bb96d3a2a403e888d,0
fbneo/fbneo/suprmatkd.hi,48,eba1d05debf5129e975d997f3831c8446c09f62037fa5e8bb96d3a2a403e888d,0
fbneo/fbneo/suprmous.hi,9,843399afc2d228eee6bd9dcf5a9801296ac6a03747c682572376dde5935a3963,0
fbneo/fbneo/suprridr.hi,9,843399afc2d228eee6bd9dcf5a9801296ac6a03747c682572376dde5935a3963,0
fbneo/fbneo/suprtrio.hi,90,8a9f30782081cc7a81c92406c3258fd21770eec4e683442a73ff068eb2329139,0
fbneo/fbneo/suratk.hi,99,487968e5e5969e858121a77536b3fea65363f6110c091d9376b082f5559aede0,0
fbneo/fbneo/survarts.hi,40,bdfde3ecd225de25ff804dd69bd80b894040052b1269d6f2be074af8337c547c,0
fbneo/fbneo/svolley.hi,72,6579a12110d90bdeb3a86c792718460a2e995a97d329624d5e2957664712cd4a,0
fbneo/fbneo/svolly91.hi,77,eb974cc415d7dcc51df6ddaf3422cce9e85f5be99a32fa4ac275be05b629e9fe,0
fbneo/fbneo/swarm.hi,3,709e80c88487a2411e1ee4dfb9f22a861492d20c4765150c0c794abd70f8147c,1
fbneo/fbneo/swat.hi,63,c6f2322155a9c21e88321bbc45a1db0f23b215ed43087e019d7b8652db81974d,0
fbneo/fbneo/swimmer.hi,51,9cca859894af57dde3698cb1a0161b4f282e02cbc11754749d9eedaeee8539c4,0
fbneo/fbneo/sxyreac2.hi,163,46b7dd3fcfd433f0e79071b8874b555404e8cb6058a4963bd00db57a10735f5f,0
fbneo/fbneo/syvalion.hi,104,23e758d24f3d0a24ebbf2f59987fc303454c7d22c3cf0ffe3a417ed85bb2f506,0
fbneo/fbneo/szaxxon.hi,129,94a3d7767b5c89926191d04531ab14b3ae4bbe5c094b8afa16597a088305dc65,0
fbneo/fbneo/tacscan.hi,30,90a145f9b2790900b244e759f36f25896d017cae9f5821e666eb5ea0c0ace3c4,0
fbneo/fbneo/tactcian.hi,355,af91577bdd7a3581a63171b3b73ac2bec902b8ba246d85e6a79df96da6bb5ccc,0
fbneo/fbneo/tail2nos.hi,319,5619a5a224914d2d44ed37368957513fabf3d034e1a3d4f53c1ba88f95ab23ee,0
fbneo/fbneo/tangtang.hi,64,4ab05cc3f72cfb94cc26fa5b0926e473a612015a87f3e0b1f269ef5d4772e1f0,0
fbneo/fbneo/tantr.hi,40,2c34ce1df23b838c5abf2a7f6437cca3d3067ed509ff25f11df6b11b582b51eb,1
fbneo/fbneo/taotaido.hi,78,72ddc7e709eb6698f716611cd5551797766e0d1f8d43fa1d16fc2535452cd4c1,0
fbneo/fbneo/taotaidoa.hi,78,d07fb3f2e4ecab2bb5b660eabe91af8f0993be5f24e617bbccc206acaaf02c34,0
fbneo/fbneo/tazmani2.hi,60,5fa24e66a225256d75d2272e9a000ffef7fc2e339a67845441ced917817d7a40,0
fbneo/fbneo/tazmania.hi,60,5fa24e66a225256d75d2272e9a000ffef7fc2e339a67845441ced917817d7a40,0
fbneo/fbneo/tazzmang.hi,60,5fa24e66a225256d75d2272e9a000ffef7fc2e339a67845441ced917817d7a40,0
fbneo/fbneo/tazzmang2.hi,60,5fa24e66a225256d75d2272e9a000ffef7fc2e339a67845441ced917817d7a40,0
fbneo/fbneo/tbowl.hi,180,4c3ce2b443e1bcc2535d0fcdb523e54aa59d443934b53c442c3d5b08ff806ffe,0
fbneo/fbneo/tdragon.hi,192,e920e8ee3e28296f2cd15a626f1f86cd05b46996a3435a68a5a36120c8bd0087,0
fbneo/fbneo/tdragon2.hi,107,c0e06d7bb9d2ceae3071b0d5407ffd5c1e1fa222522005c4caf4f6e76d4b9d9b,0
fbneo/fbneo/teddybb.hi,52,2d79100ae2ba5020dda10e12c9d7cacd51984b4d896616c8a1d46238842dd5e2,0
fbneo/fbneo/tempest1.hi,283,7a381726f52b85ca38106b1e4960c0e4576227635c8321446b5481d8468a99ab,0
fbneo/fbneo/tempest2.hi,283,7a381726f52b85ca38106b1e4960c0e4576227635c8321446b5481d8468a99ab,0
fbneo/fbneo/tempest3.hi,283,7a381726f52b85ca38106b1e4960c0e4576227635c8321446b5481d8468a99ab,0
fbneo/fbneo/temptube.hi,283,7a381726f52b85ca38106b1e4960c0e4576227635c8321446b5481d8468a99ab,0
fbneo/fbneo/tengai.hi,72,59247a714b42c5743ab043a427f6ced147d67abb5d75491cb2fc9c014413ed60,0
fbneo/fbneo/tengaij.hi,72,59247a714b42c5743ab043a427f6ced147d67abb5d75491cb2fc9c014413ed60,0
fbneo/fbneo/terracre.hi,75,fa46b3629e3a8b5a4134526e5c8c1efc159723b8bb101eb0752ad50b7857b95b,0
fbneo/fbneo/terracrea.hi,75,fa46b3629e3a8b5a4134526e5c8c1efc159723b8bb101eb0752ad50b7857b95b,0
fbneo/fbneo/terracren.hi,75,fa46b3629e3a8b5a4134526e5c8c1efc159723b8bb101eb0752ad50b7857b95b,0
fbneo/fbneo/terracreo.hi,75,fa46b3629e3a8b5a4134526e5c8c1efc159723b8bb101eb0752ad50b7857b95b,0
fbneo/fbneo/terraf.hi,64,717f6698f56d9dec0ad8bca1b8dd123a2619ae8a764ce10709e953df655db2e6,0
fbneo/fbneo/terrafjb.hi,64,717f6698f56d9dec0ad8bca1b8dd123a2619ae8a764ce10709e953df655db2e6,0
fbneo/fbneo/tetris.hi,100,f049ee4602190dcca8054d239b52443c392d0c7af8990c2f61d4d0d5a997638a,0
fbneo/fbneo/tetris1.hi,100,f049ee4602190dcca8054d239b52443c392d0c7af8990c2f61d4d0d5a997638a,0
fbneo/fbneo/tetris2.hi,100,f049ee4602190dcca8054d239b52443c392d0c7af8990c2f61d4d0d5a997638a,0
fbneo/fbneo/tetris3.hi,100,f049ee4602190dcca8054d239b52443c392d0c7af8990c2f61d4d0d5a997638a,0
fbneo/fbneo/tetrisbl.hi,100,f049ee4602190dcca8054d239b52443c392d0c7af8990c2f61d4d0d5a997638a,0
fbneo/fbneo/tetrisp2.hi,1300,d6fb3f37f6e88bb1a55b644a464584d86f11e2597eb62b332ee6b6a6143559cd,0
fbneo/fbneo/tetrisse.hi,159,179746913397e73f0b670d33dd4554c0e02330dd17f20ed045fba827f9305417,0
fbneo/fbneo/tetrist.hi,100,4b14d9a0755f374dbd9ec4fc26930728e53f6cf1654b1214a3477b02113c6341,0
fbneo/fbneo/tetrista.hi,100,4b14d9a0755f374dbd9ec4fc26930728e53f6cf1654b1214a3477b02113c6341,0
fbneo/fbneo/tetrsark.hi,1,6e340b9cffb37a989ca544e6bb780a2c78901d3fb33738768511a30617afa01d,1
fbneo/fbneo/tgm2.hi,104,d92a472bf778752d9b7af8a98ff5fd81f491415159b623bb5107e8b707d58d1d,0
fbneo/fbneo/tgm2p.hi,104,d92a472bf778752d9b7af8a98ff5fd81f491415159b623bb5107e8b707d58d1d,0
fbneo/fbneo/thedeep.hi,60,82f7d37dff43015a26f0d61f701fb5dd18a128b6793a8b5c97ecd45ab4ec1052,0
fbneo/fbneo/theend.hi,24,5fb54ad37c980e2b0657a17ceafbf5812961abfb1d0dadbed9c1aded13738609,0
fbneo/fbneo/theends.hi,24,5fb54ad37c980e2b0657a17ceafbf5812961abfb1d0dadbed9c1aded13738609,0
fbneo/fbneo/thepit.hi,38,23c12adf08260fe630ff5634d6f08eb7bf9108b33930ba64c4770ecb40df34a9,0
fbneo/fbneo/thepitj.hi,38,23c12adf08260fe630ff5634d6f08eb7bf9108b33930ba64c4770ecb40df34a9,0
fbneo/fbneo/thepitm.hi,38,bacf9b6d20659885b4721e0cd2a9b00396387e0a7de7603951b3bc7128690314,0
fbneo/fbneo/thepitu1.hi,38,23c12adf08260fe630ff5634d6f08eb7bf9108b33930ba64c4770ecb40df34a9,0
fbneo/fbneo/thepitu2.hi,38,23c12adf08260fe630ff5634d6f08eb7bf9108b33930ba64c4770ecb40df34a9,0
fbneo/fbneo/thetogyu.hi,63,15694bcd55277db28272449e2dfb235570d79d5844f9728b7cedb4e1277134dc,0
fbneo/fbneo/thief.hi,73,6f035a52539e7e2a8fb00596e363ee748fc9980b87cef84c3949e5cdedea8c8a,0
fbneo/fbneo/thndblst.hi,183,4335f4b85825f2bf429b9616e8c7d980d83ae2f7920e1a46c28eb66de22a57e6,0
fbneo/fbneo/thndrbld.hi,100,b7e3589d6e945e23f737f43bf1f266353d8b938419dab763c55625aa2fffb007,0
fbneo/fbneo/thndrx2.hi,80,d076d589dcade6379a522ac49e1c6766049bc35764d28cc64f0a96411ef12708,0
fbneo/fbneo/thoop.hi,164,1cb6eeb40991ed4c8597e879fc40e3b53257bb770248cc9a19b87f124b4112b3,0
fbneo/fbneo/thunderl.hi,204,9d1a260d7b30f697fab8dfb413308132f978fb7832f236a0c2dd8ae105941078,0
fbneo/fbneo/thunderx.hi,85,7abedd1160ca77bf1c92370d9f999ced7a26cc5b9b53d862cca006ed1dbe4869,0
fbneo/fbneo/thunderxj.hi,85,7abedd1160ca77bf1c92370d9f999ced7a26cc5b9b53d862cca006ed1dbe4869,0
fbneo/fbneo/thundfox.hi,55,b725d2c72388f843d4e4ce7ebc00cd226cbe5ea511c1c4789d0a5ec6c9ba5946,0
fbneo/fbneo/tigerh.hi,79,996a803c4d910a5ca7ac00bdc2435ec3ec7f9aec3e22f2b09cbc115218ef5781,0
fbneo/fbneo/tigerhb1.hi,79,996a803c4d910a5ca7ac00bdc2435ec3ec7f9aec3e22f2b09cbc115218ef5781,0
fbneo/fbneo/tigerhb2.hi,79,996a803c4d910a5ca7ac00bdc2435ec3ec7f9aec3e22f2b09cbc115218ef5781,0
fbneo/fbneo/tigerhb3.hi,79,996a803c4d910a5ca7ac00bdc2435ec3ec7f9aec3e22f2b09cbc115218ef5781,0
fbneo/fbneo/tigerhj.hi,79,996a803c4d910a5ca7ac00bdc2435ec3ec7f9aec3e22f2b09cbc115218ef5781,0
fbneo/fbneo/tigeroad.hi,104,3a84457e01713861cd9a8961fc0140eee8cef393fc8a9a17001d32f159e28bfb,0
fbneo/fbneo/tigeroadb.hi,104,3a84457e01713861cd9a8961fc0140eee8cef393fc8a9a17001d32f159e28bfb,0
fbneo/fbneo/tigeroadu.hi,104,3a84457e01713861cd9a8961fc0140eee8cef393fc8a9a17001d32f159e28bfb,0
fbneo/fbneo/timefgtr.hi,28,de68a55940854b85407ff00d48962c5c0b6d127e112c920f4963badcc288a547,0
fbneo/fbneo/timelimt.hi,9,644759bdad81d1536b45a7140f7a79814e868f61911d42721511f880fa1a8054,0
fbneo/fbneo/timeplt.hi,43,33309002deb9154fa2509fafd5337ae75a7a9a2e535a3840d6fb55889809a5ba,0
fbneo/fbneo/timeplta.hi,43,b7ccf2505736c380ba0de2812e404077b0587416073b05e584141e17953a06af,0
fbneo/fbneo/timepltc.hi,43,50b9e5108d4d5ac0dc8db707009297907d97cbdefcd71d1f9d6539fd599b13b9,0
fbneo/fbneo/timescan.hi,74,4829d877876eed450d079ef525533ec2c2614438dc9a0b8a61af7bcfb90199f3,0
fbneo/fbneo/timesold.hi,197,c13729c71c9fb4196b8c01bd3ca0712827bbf00b203c2805c42312c7cde12d45,0
fbneo/fbneo/tinstar.hi,3,cf7605ed1bc735f6c825554154627467e1cac9df54cee8699218ed434603c568,0
fbneo/fbneo/tiptop.hi,129,70111052d2329d10a0896759924e4f6d090e617d02a4f935eef9673c8a0da47f,0
fbneo/fbneo/titanpac.hi,11,62a79ef7b9a169cbcbb37b394f7e93db8fa3f7629bdda2c456a139c8e080bb89,0
fbneo/fbneo/tmnt.hi,243,9db2aced0e1377dfabe2827302d86d153bd6467355f29f5999779dfc420bcc26,0
fbneo/fbneo/tmnt22pu.hi,59,0193b57518df23ef1bc15a7e44deaf02506f6420fe3dacd047313b24495e0277,0
fbneo/fbneo/tndrcade.hi,150,9d7613045943f961d8755453021de521f2313b5d70de758d22ccdf5db59b94c0,0
fbneo/fbneo/tnextspc.hi,83,9e574ec4953d76cc6408d2273c0d968ed82f0000d6a02bee79311dab58321aee,0
fbneo/fbneo/tnk3.hi,133,6aeab9866e70d128370b4158a21bb6b7e568f1e52f558a650d903da16512ad00,0
fbneo/fbneo/tnzs.hi,35,f8dc14a21503602a6eab74ea5f8375e75c79083a3439508327ba5a1c548df2c1,0
fbneo/fbneo/tnzsj.hi,35,f8dc14a21503602a6eab74ea5f8375e75c79083a3439508327ba5a1c548df2c1,0
fbneo/fbneo/tnzsjo.hi,35,f8dc14a21503602a6eab74ea5f8375e75c79083a3439508327ba5a1c548df2c1,0
fbneo/fbneo/tnzsoa.hi,35,f8dc14a21503602a6eab74ea5f8375e75c79083a3439508327ba5a1c548df2c1,0
fbneo/fbneo/tnzsop.hi,35,f8dc14a21503602a6eab74ea5f8375e75c79083a3439508327ba5a1c548df2c1,0
fbneo/fbneo/tnzsuo.hi,35,f8dc14a21503602a6eab74ea5f8375e75c79083a3439508327ba5a1c548df2c1,0
fbneo/fbneo/todruaga.hi,53,245e42ecabd12e79973c8e893af37c9cea8456853391a35c4ac5978272dc32b9,0
fbneo/fbneo/toki.hi,185,452cb2442d6043316c86d28fe1e8e3bf5a3ca646f21793791e3e99f6aabb4380,0
fbneo/fbneo/tokia.hi,184,6ecc0b1ba6027460e246097d5eb40ae4c9ef71ab857ae2e99106731c102612eb,0
fbneo/fbneo/tokib.hi,184,f72a4722a43eb92d96bd5269b6fb2c09359653ecdf9441bda22a3654d039c618,0
fbneo/fbneo/tokio.hi,19,e1bc301ad5fbd31c190e61c31c99d1efe13a83a9fc706272dfc8dfa1d3c1d9fb,0
fbneo/fbneo/tokisens.hi,88,6de96fc03459db080bec3e7c2c9f542c1fe85924023bd890cf7a0a563ac154b0,0
fbneo/fbneo/tokiu.hi,184,e438c36a828fb2af8d0cd23cc7fb7725a25fd942037a3e82b502b937e016236b,0
fbneo/fbneo/tokiua.hi,184,6ecc0b1ba6027460e246097d5eb40ae4c9ef71ab857ae2e99106731c102612eb,0
fbneo/fbneo/topgunbl.hi,43,67b66ee6b2e253ad70866f5c8528c2295dbc04a4d75cf331f970dff95b2996c3,0
fbneo/fbneo/topgunr.hi,43,67b66ee6b2e253ad70866f5c8528c2295dbc04a4d75cf331f970dff95b2996c3,0
fbneo/fbneo/toppyrap.hi,66,f0a02df938e9a02c21a90a07cb8b8bc04c6d38b46884066b5a73d362655e1d03,0
fbneo/fbneo/topspeed.hi,108,9d036ade54554725152f831b2cfb4129c06db0ca6b56aaa27e6fb470b20e4927,0
fbneo/fbneo/topspeedu.hi,108,9d036ade54554725152f831b2cfb4129c06db0ca6b56aaa27e6fb470b20e4927,0
fbneo/fbneo/toramich.hi,104,3a84457e01713861cd9a8961fc0140eee8cef393fc8a9a17001d32f159e28bfb,0
fbneo/fbneo/toride2g.hi,81,ed4b5a789266c9c3986f6411495b86fb35fe5e3b8619cba80d1bdcee2a5f6fd4,0
fbneo/fbneo/toryumon.hi,40,2c34ce1df23b838c5abf2a7f6437cca3d3067ed509ff25f11df6b11b582b51eb,1
fbneo/fbneo/toto.hi,71,0b7d4c20ec1a3e6d1a59138f6c33924954fd8c7b6954b0f1edaf5f8dc4ab4f92,0
fbneo/fbneo/toutrun.hi,280,9ac83b962ea07ba27e02193e0eca15bfaeca20ee30a87916cb76ba7e3e2e13af,0
fbneo/fbneo/toutrun1.hi,280,9ac83b962ea07ba27e02193e0eca15bfaeca20ee30a87916cb76ba7e3e2e13af,0
fbneo/fbneo/toutrun3.hi,280,9ac83b962ea07ba27e02193e0eca15bfaeca20ee30a87916cb76ba7e3e2e13af,0
fbneo/fbneo/toutrunj.hi,280,9ac83b962ea07ba27e02193e0eca15bfaeca20ee30a87916cb76ba7e3e2e13af,0
fbneo/fbneo/toutrunj1.hi,280,9ac83b962ea07ba27e02193e0eca15bfaeca20ee30a87916cb76ba7e3e2e13af,0
fbneo/fbneo/toypop.hi,83,3d48a8ad34c5659f40e716223867d8f4bde6df109aae3dc4a3b95ffd0058b886,0
fbneo/fbneo/tp84a.hi,33,2781e5673681381e1298e5c637090b3fbfc82cd3c8691fae5f6af4a7e95a7778,0
fbneo/fbneo/transfrm.hi,59,f7656d85326fecb0e1dd9d82d95a57cc7101b58049295f806805bf2a1d31e6f4,0
fbneo/fbneo/travrusa.hi,78,b11aa74758de091efd6b219fe9c2a1fad7dc7a6d8b51d730142c5dd4cef63413,0
fbneo/fbneo/travrusab.hi,78,b11aa74758de091efd6b219fe9c2a1fad7dc7a6d8b51d730142c5dd4cef63413,0
fbneo/fbneo/trckydoc.hi,90,2d7755a94ad9b78a3193438ed2d2e7f783517ad9d0baf3c3fddf6e0727f76c4e,0
fbneo/fbneo/treahunt.hi,90,714f23787f8bc8055dfd0ebc3001d53aa925ce59f4695e3cfc6a45b84f852e44,0
fbneo/fbneo/tricktrp.hi,68,62b92e727fd1016b2165736267cb0b8d013fe1253d18c8dcb5daa701b32e0e13,0
fbneo/fbneo/triothep.hi,65,ad270a572786e863c25898e8ef665f1db4f8e94619e1d5ed769f6c21c78817da,0
fbneo/fbneo/triplep.hi,33,759c4962f4b277ddcb5c05818954f58bef29ae059e377d76f930f98785caa536,0
fbneo/fbneo/triplepa.hi,33,759c4962f4b277ddcb5c05818954f58bef29ae059e377d76f930f98785caa536,0
fbneo/fbneo/troangel.hi,33,63f4cd1cd1166f5aecbe9845da30afa5814afa574db572c0794d65350186c4f7,0
fbneo/fbneo/trojan.hi,94,8b015161e5548b5e9d6c9cc140c0239b24fd6954305df43dc0ed1475fdd2ee66,0
fbneo/fbneo/trojana.hi,94,8b015161e5548b5e9d6c9cc140c0239b24fd6954305df43dc0ed1475fdd2ee66,0
fbneo/fbneo/trojanb.hi,94,8b015161e5548b5e9d6c9cc140c0239b24fd6954305df43dc0ed1475fdd2ee66,0
fbneo/fbneo/trojanj.hi,94,8b015161e5548b5e9d6c9cc140c0239b24fd6954305df43dc0ed1475fdd2ee66,0
fbneo/fbneo/trojanr.hi,94,8b015161e5548b5e9d6c9cc140c0239b24fd6954305df43dc0ed1475fdd2ee66,0
fbneo/fbneo/trstar.hi,2048,8b99a4f344ab0e8dd3ce5904bcc91ffcaa87147801a4d988b8738e3a5df7d384,0
fbneo/fbneo/truxton.hi,372,6cbc35a765d2fad5288b1400a02271e84964441b6992832f18caa76709335b2b,0
fbneo/fbneo/tsamurai.hi,63,ab26bf67c9bc2b77be82adbaf5945fa2a0b21f09374b7cea789b1c92d0a13c2e,0
fbneo/fbneo/tshingena.hi,58,e924b6680313e500043318ddff0a31ed14e8925854cc12b250f7dd9c9812cc24,0
fbneo/fbneo/ttfitter.hi,9,843399afc2d228eee6bd9dcf5a9801296ac6a03747c682572376dde5935a3963,0
fbneo/fbneo/tturf.hi,128,b6c1aca399983d7e592f2aef4abd3c1642fa18fb917472afbc55290ac2c5be0c,0
fbneo/fbneo/tumbleb.hi,163,5630be13d824a198b38a47d9a522470564e4159039f52c200642c2b5676dd8d6,0
fbneo/fbneo/tumbleb2.hi,163,5630be13d824a198b38a47d9a522470564e4159039f52c200642c2b5676dd8d6,0
fbneo/fbneo/tumblep.hi,163,5630be13d824a198b38a47d9a522470564e4159039f52c200642c2b5676dd8d6,0
fbneo/fbneo/tumblepj.hi,163,5630be13d824a198b38a47d9a522470564e4159039f52c200642c2b5676dd8d6,0
fbneo/fbneo/turbofrc.hi,78,5b228a4989a1808a476cdd93db8c60c30b71215f71c92657ff0e0206a4c42ecc,0
fbneo/fbneo/turbofrco.hi,78,5b228a4989a1808a476cdd93db8c60c30b71215f71c92657ff0e0206a4c42ecc,0
fbneo/fbneo/turbofrcu.hi,78,5b228a4989a1808a476cdd93db8c60c30b71215f71c92657ff0e0206a4c42ecc,0
fbneo/fbneo/turpin.hi,34,53fa9028d8683c41a19cfc6e9c457cc7591e9baa15e668156d930e47d88ab956,0
fbneo/fbneo/turpins.hi,34,53fa9028d8683c41a19cfc6e9c457cc7591e9baa15e668156d930e47d88ab956,0
fbneo/fbneo/turtles.hi,34,53fa9028d8683c41a19cfc6e9c457cc7591e9baa15e668156d930e47d88ab956,0
fbneo/fbneo/turtship.hi,152,2bf384c7b36d55ef4f76157580b2f43eda6f9dc01370328a131a9834479e7fcb,0
fbneo/fbneo/tutankhm.hi,52,739188080a823d0502941c5a1b291213a4788014d85d32d6cdafeb6629d9b41f,0
fbneo/fbneo/tutankhms.hi,52,739188080a823d0502941c5a1b291213a4788014d85d32d6cdafeb6629d9b41f,0
fbneo/fbneo/twinactn.hi,3,bb4582da463dd9040246a6a46bdadb2034c4154b0e8a4258544b754e8d9c0863,0
fbneo/fbneo/twinbrat.hi,58,eec979d936685d4c5ccf3dcb2663edfbe98d7ca3893b87489b7474b3be9e7c8f,0
fbneo/fbneo/twinbratb.hi,58,eec979d936685d4c5ccf3dcb2663edfbe98d7ca3893b87489b7474b3be9e7c8f,0
fbneo/fbneo/twincobr.hi,372,893c69cf8cc5b1ddcc79f01464aa108f377bc44c20be79a1f30b0987bbf97fa3,0
fbneo/fbneo/twineag2.hi,50,aaab8366b4af04e22e1b6d2018ceec7be7987ad8d96b684743a379242b5e9e6d,0
fbneo/fbneo/twineagl.hi,59,7493a1b1e9b241a5523292ff13dd84dbf22019e9b54b8ff54774e735ceb38909,0
fbneo/fbneo/twinfalc.hi,88,0487eee9631603ad9c170044604929ac1aa4527add06c91e03c687aca2a1b966,0
fbneo/fbneo/twinqix.hi,155,0426538061b6d2d44472b446f056ed4047f31121b7b74e71f66e073599533102,0
fbneo/fbneo/typhoon.hi,84,89829c30b07a548294338bfe2e134ef908cd8936c73e309f1becd51c1cca599b,0
fbneo/fbneo/uballoon.hi,79,ffd8265b23294767d7ad902ffee9fee5d663c9073d9b21a96a5d2eebceaedfd1,0
fbneo/fbneo/uccops.hi,73,73190c41249dbae57348f8e5a8ed7e5eb51af5c27a1ef68a70236727ef70147a,0
fbneo/fbneo/ufosensi.hi,98,9c27627ad624e0a0957247a6ebff68bfcee02eaa351fbdbd67f336d796a40460,0
fbneo/fbneo/ultrax.hi,43,e910745382035a9a659be6a1af6602383be4b8b42d8fd1e9a7de9cb698dc0774,0
fbneo/fbneo/umanclub.hi,162,a405abb009fd3c37ce3340dd25a91b5b1b54b02c57a9dc6641d3e06098ecbfb9,0
fbneo/fbneo/unclepoo.hi,90,4a18ccb18f92025d6d5671fdebebe602c99bb92a3c56f43377645a43245046b6,0
fbneo/fbneo/uniwars.hi,3,709e80c88487a2411e1ee4dfb9f22a861492d20c4765150c0c794abd70f8147c,1
fbneo/fbneo/uniwarsa.hi,3,709e80c88487a2411e1ee4dfb9f22a861492d20c4765150c0c794abd70f8147c,1
fbneo/fbneo/unsquad.hi,88,cfca81f89846cb5b4b59a6c64600a7852c2e593b085c83daff635c6751968133,0
fbneo/fbneo/uopoko.hi,110,da02e5fa0da7232a59e2107ea1af0a58d4ab365908264ada34668e96685f6921,0
fbneo/fbneo/uopokoj.hi,110,547aba8871b8f8ccac88ce53df304b162172e1a11ed797c7c995db306b9dcf08,0
fbneo/fbneo/upndown.hi,63,574cfcdccc00efed1d10a40de5e9edca93788b7c4b5a0a42a56c3d33831db3db,0
fbneo/fbneo/upndownu.hi,64,237daf3d3df587f8672e372ac3e51c37f27303d458010461b62c38a1166e7555,0
fbneo/fbneo/valtric.hi,44,e8863841029a7c041c4111a67e59cca6b8450c02e4daaad4dd750374c6bbc5e7,0
fbneo/fbneo/vampj.hi,64,5457021f61f73a2b16f89aeb5c963f33d639eedf7c0d59bf5c07403d480fd447,0
fbneo/fbneo/vandyke.hi,258,a3c648bf059b5d1e08a079fa45fa301b321997f4da7175ab2b0835451bde8137,0
fbneo/fbneo/vangrd2.hi,99,8e12850d530683b60880a6c13626e8afaff1fe0b2bee322421c1fbaa419530db,0
fbneo/fbneo/vanguard.hi,115,6aa9f44a20da3301635a9652b85efb9401a072d203a2b5de49914d1faee5df14,0
fbneo/fbneo/vanguardc.hi,115,6aa9f44a20da3301635a9652b85efb9401a072d203a2b5de49914d1faee5df14,0
fbneo/fbneo/vanguardj.hi,115,6aa9f44a20da3301635a9652b85efb9401a072d203a2b5de49914d1faee5df14,0
fbneo/fbneo/vanvan.hi,246,8d4f9c224a3cdb25eb98be11d63973fb19fcc8c57ccf9d7b9dd69862b6392c86,1
fbneo/fbneo/vaportra.hi,124,f44b6823411cc75b08c27d276fb01888b6f4334ae0d568ab28eb8a6ac2c5fa7b,0
fbneo/fbneo/vaportra3.hi,124,f44b6823411cc75b08c27d276fb01888b6f4334ae0d568ab28eb8a6ac2c5fa7b,0
fbneo/fbneo/vaportrau.hi,124,f44b6823411cc75b08c27d276fb01888b6f4334ae0d568ab28eb8a6ac2c5fa7b,0
fbneo/fbneo/varth.hi,84,78381b431635e4457dcd13d5227fc536441baa6dccc21c8fe739890892a77655,0
fbneo/fbneo/vasara.hi,197,bd8e737ed4d7fbb837ce1564c034ddf20684decf4359e0a89d513a0037698dc7,0
fbneo/fbneo/vasara2.hi,235,1b4680b185281b5afc83956f0e44c6f1dfe89e7814ad851934d36a5087659d1d,0
fbneo/fbneo/vasara2a.hi,235,1b4680b185281b5afc83956f0e44c6f1dfe89e7814ad851934d36a5087659d1d,0
fbneo/fbneo/vastar.hi,140,6c3dea5a699f1b5010645a588f048ef7487c7c21e190d7f9399bc5d08f7fa2f8,0
fbneo/fbneo/vautour.hi,27,568144d9b92ae8a3c63f5a6becf40a562a1c998a329bd288d29c68120ca93fdb,0
fbneo/fbneo/vautourz.hi,27,568144d9b92ae8a3c63f5a6becf40a562a1c998a329bd288d29c68120ca93fdb,0
fbneo/fbneo/vendetta.hi,40,43c25f540e4bb85c1fe3b79127279e4632caa01059962dc3a3171c7b84024b80,0
fbneo/fbneo/vendetta2pd.hi,40,43c25f540e4bb85c1fe3b79127279e4632caa01059962dc3a3171c7b84024b80,0
fbneo/fbneo/vendetta2peba.hi,40,43c25f540e4bb85c1fe3b79127279e4632caa01059962dc3a3171c7b84024b80,0
fbneo/fbneo/vendetta2pp.hi,40,43c25f540e4bb85c1fe3b79127279e4632caa01059962dc3a3171c7b84024b80,0
fbneo/fbneo/vendetta2pu.hi,40,43c25f540e4bb85c1fe3b79127279e4632caa01059962dc3a3171c7b84024b80,0
fbneo/fbneo/vendetta2pun.hi,40,43c25f540e4bb85c1fe3b79127279e4632caa01059962dc3a3171c7b84024b80,0
fbneo/fbneo/vendetta2pw.hi,40,43c25f540e4bb85c1fe3b79127279e4632caa01059962dc3a3171c7b84024b80,0
fbneo/fbneo/vendettan.hi,40,43c25f540e4bb85c1fe3b79127279e4632caa01059962dc3a3171c7b84024b80,0
fbneo/fbneo/vendettar.hi,40,43c25f540e4bb85c1fe3b79127279e4632caa01059962dc3a3171c7b84024b80,0
fbneo/fbneo/vendettaun.hi,40,43c25f540e4bb85c1fe3b79127279e4632caa01059962dc3a3171c7b84024b80,0
fbneo/fbneo/vendettaz.hi,40,43c25f540e4bb85c1fe3b79127279e4632caa01059962dc3a3171c7b84024b80,0
fbneo/fbneo/verbena.hi,69,ffcf96dadd1c7d257c055ed6b876c86c094ba4d35ef1401811c23cbb0951c2eb,0
fbneo/fbneo/vhunt2.hi,173,b7075ac59480a8fe7e59c53f9dde1d2b0694916ed667c23350e9de8e9e404090,0
fbneo/fbneo/victroad.hi,83,2b3385b3b782e1e306fe76dcd6eda736e986b11f28e06a26e8ff2dc962bfd507,0
fbneo/fbneo/viewpoin.hi,63,3f15bd83694995b7a61c1c9874ba517841dd8fc09f956a3525a04bbba32aaf6a,0
fbneo/fbneo/vigilant.hi,63,79de22d2b8add92cf4545d0115865482842c9d54f8edc6bb5f8f53f5f2a8ef0f,0
fbneo/fbneo/vigilanta.hi,63,79de22d2b8add92cf4545d0115865482842c9d54f8edc6bb5f8f53f5f2a8ef0f,0
fbneo/fbneo/vigilantb.hi,63,79de22d2b8add92cf4545d0115865482842c9d54f8edc6bb5f8f53f5f2a8ef0f,0
fbneo/fbneo/vigilantbl.hi,63,79de22d2b8add92cf4545d0115865482842c9d54f8edc6bb5f8f53f5f2a8ef0f,0
fbneo/fbneo/vigilantc.hi,63,79de22d2b8add92cf4545d0115865482842c9d54f8edc6bb5f8f53f5f2a8ef0f,0
fbneo/fbneo/vigilantd.hi,63,79de22d2b8add92cf4545d0115865482842c9d54f8edc6bb5f8f53f5f2a8ef0f,0
fbneo/fbneo/vigilantg.hi,63,79de22d2b8add92cf4545d0115865482842c9d54f8edc6bb5f8f53f5f2a8ef0f,0
fbneo/fbneo/vigilanto.hi,63,79de22d2b8add92cf4545d0115865482842c9d54f8edc6bb5f8f53f5f2a8ef0f,0
fbneo/fbneo/viofight.hi,40,f373ee1450fc96d0e90b46f74382d1d9f3ba565407624454cb2ab194d42c960b,0
fbneo/fbneo/viofightj.hi,40,f373ee1450fc96d0e90b46f74382d1d9f3ba565407624454cb2ab194d42c960b,0
fbneo/fbneo/viofightu.hi,40,f373ee1450fc96d0e90b46f74382d1d9f3ba565407624454cb2ab194d42c960b,0
fbneo/fbneo/viostormab.hi,321,d8c6b59527badd59e9a52c2e60bf3e32270f422be23291fdd4f68e5d3a2dc54f,0
fbneo/fbneo/vmetal.hi,83,7c8787b1dfa796d75bd0247b9500f11ae31eca8665f6bf1184997d75b7b54fab,0
fbneo/fbneo/vmetaln.hi,83,7c8787b1dfa796d75bd0247b9500f11ae31eca8665f6bf1184997d75b7b54fab,0
fbneo/fbneo/volfied.hi,39,f57df7b5fe55da6a367384b2dd0f3647f8839940b818d328932ebda0e328196c,0
fbneo/fbneo/vs10yard.hi,141,93cb66b935e27adf58183105e06c791ee32de1d86e315584b05a09c1c43060e6,0
fbneo/fbneo/vs10yardj.hi,141,93cb66b935e27adf58183105e06c791ee32de1d86e315584b05a09c1c43060e6,0
fbneo/fbneo/vs10yardu.hi,141,93cb66b935e27adf58183105e06c791ee32de1d86e315584b05a09c1c43060e6,0
fbneo/fbneo/vsav.hi,173,ff67e3eff4b1ae4499c439f0fb91ba759e9d762e7f822c35b50e9a2eb0ab67a4,0
fbneo/fbneo/vsav2.hi,447,5e6c3bb5ccbf5a7d357bcedc724bf47047b6d3ac951462ecf449198294ce6a9c,0
fbneo/fbneo/vsgongf.hi,66,9ecdd8c592ed3aea3cb3fee47b0d48b725b33c0d27ba0fc0e20887dc69e5ba88,0
fbneo/fbneo/vulgus.hi,68,45ddb59a9543cf492c9b75895ba08e5089474ddc6023075e277bdf3ca9c93467,0
fbneo/fbneo/vulgusa.hi,68,e49ccb559d3a8a2e1a9fd80cba284452019e9f144ae94d365bcc0935b4e185f1,0
fbneo/fbneo/vulgusj.hi,68,45ddb59a9543cf492c9b75895ba08e5089474ddc6023075e277bdf3ca9c93467,0
fbneo/fbneo/wallc.hi,44,6984915493c0cf1da9287a824bb555414b27d2f595370d98c6c219126c3bc93e,0
fbneo/fbneo/wallca.hi,44,6984915493c0cf1da9287a824bb555414b27d2f595370d98c6c219126c3bc93e,0
fbneo/fbneo/wanted.hi,81,0f139466e2021de29c74a89a0090e1647764b358ec76edca45d42812805861c2,0
fbneo/fbneo/wardner.hi,94,3d6d0ce26ee16efa0fa7311a5d1d22307be3636efa41865691f7c13cdc443740,0
fbneo/fbneo/warlords.hi,15,b39251d6b0aa8a1334138fbc88f0924a13b2eb8028389e556a34e49078a9882a,0
fbneo/fbneo/warofbug.hi,9,3e7077fd2f66d689e0cee6a7cf5b37bf2dca7c979af356d0a31cbc5c85605c7d,1
fbneo/fbneo/warofbugu.hi,9,3e7077fd2f66d689e0cee6a7cf5b37bf2dca7c979af356d0a31cbc5c85605c7d,1
fbneo/fbneo/warpwarp.hi,3,709e80c88487a2411e1ee4dfb9f22a861492d20c4765150c0c794abd70f8147c,1
fbneo/fbneo/warpwarpr.hi,3,8fbc8920b6c6d42b4cf062cdba7bdc1fb2086f9247c00dbd536ff9332f98b6cb,0
fbneo/fbneo/warpwarpr2.hi,3,8fbc8920b6c6d42b4cf062cdba7bdc1fb2086f9247c00dbd536ff9332f98b6cb,0
fbneo/fbneo/warriorb.hi,240,3e37a6cf7ace90b7aec77caeab36db00a50af48b43ce18f4cb91a3d58eb1b247,0
fbneo/fbneo/waterski.hi,3,709e80c88487a2411e1ee4dfb9f22a861492d20c4765150c0c794abd70f8147c,1
fbneo/fbneo/watrball.hi,74,f9ff5dcbb5f41b0c354825c9911e4fbdaecdcffcc6b8e77efdf23ffbb539032b,0
fbneo/fbneo/wb3.hi,41,4439f7dc5ab91a1810be5b99ff6d04b4f035476268ad4b6b2f6f5c485bb3e1a6,0
fbneo/fbneo/wb31.hi,41,4439f7dc5ab91a1810be5b99ff6d04b4f035476268ad4b6b2f6f5c485bb3e1a6,0
fbneo/fbneo/wb32.hi,41,4439f7dc5ab91a1810be5b99ff6d04b4f035476268ad4b6b2f6f5c485bb3e1a6,0
fbneo/fbneo/wb33.hi,41,4439f7dc5ab91a1810be5b99ff6d04b4f035476268ad4b6b2f6f5c485bb3e1a6,0
fbneo/fbneo/wb34.hi,41,4439f7dc5ab91a1810be5b99ff6d04b4f035476268ad4b6b2f6f5c485bb3e1a6,0
fbneo/fbneo/wb35.hi,41,4439f7dc5ab91a1810be5b99ff6d04b4f035476268ad4b6b2f6f5c485bb3e1a6,0
fbneo/fbneo/wbdeluxe.hi,335,c4c0b799891cd43bfc13f2370899cd40cee68c834826534472cf73764fec655e,0
fbneo/fbneo/wbml.hi,9,1c21290872bccadd61e1ba6704499d8c59fff34f4d32f50d20224c955e13c045,0
fbneo/fbneo/wbmlvc.hi,9,1c21290872bccadd61e1ba6704499d8c59fff34f4d32f50d20224c955e13c045,0
fbneo/fbneo/wboy.hi,335,c4c0b799891cd43bfc13f2370899cd40cee68c834826534472cf73764fec655e,0
fbneo/fbneo/wboy2.hi,335,c4c0b799891cd43bfc13f2370899cd40cee68c834826534472cf73764fec655e,0
fbneo/fbneo/wboy2u.hi,335,c4c0b799891cd43bfc13f2370899cd40cee68c834826534472cf73764fec655e,0
fbneo/fbneo/wboy3.hi,335,c4c0b799891cd43bfc13f2370899cd40cee68c834826534472cf73764fec655e,0
fbneo/fbneo/wboy4.hi,335,c4c0b799891cd43bfc13f2370899cd40cee68c834826534472cf73764fec655e,0
fbneo/fbneo/wboy5.hi,335,c4c0b799891cd43bfc13f2370899cd40cee68c834826534472cf73764fec655e,0
fbneo/fbneo/wboyo.hi,335,c4c0b799891cd43bfc13f2370899cd40cee68c834826534472cf73764fec655e,0
fbneo/fbneo/wboyu.hi,335,5392044640ec3b709e479301a0bbfb04535b587d0b41cac6b61ac5fd72bd330d,0
fbneo/fbneo/welltris.hi,80,bfb343668dd54864cd487e8250bf3c346e9813754fcd04d40c7e459ca2623d34,0
fbneo/fbneo/welltrisj.hi,80,bfb343668dd54864cd487e8250bf3c346e9813754fcd04d40c7e459ca2623d34,0
fbneo/fbneo/wexpress.hi,83,92e2158a9734a1a716de4844e38098c60396d745506fcf0d9a6eeddf828a5e15,0
fbneo/fbneo/wexpressb1.hi,83,92e2158a9734a1a716de4844e38098c60396d745506fcf0d9a6eeddf828a5e15,0
fbneo/fbneo/wexpressb2.hi,83,92e2158a9734a1a716de4844e38098c60396d745506fcf0d9a6eeddf828a5e15,0
fbneo/fbneo/wexpressb3.hi,83,92e2158a9734a1a716de4844e38098c60396d745506fcf0d9a6eeddf828a5e15,0
fbneo/fbneo/wiggie.hi,84,5f2d927e1a5f1e0750df1d5e35b70d99d8108125780ef309e1464ba8962b1127,0
fbneo/fbneo/willow.hi,84,1eafccbccf01f24055e3da332ead19ee4737dec213038ffb198ba34ce9baef83,0
fbneo/fbneo/wilytowr.hi,182,07b96ead72e939f47136776bb70282cba8419a6678b435ff7382cb5e50b9c846,0
fbneo/fbneo/wingforc.hi,319,b69f02dab84e1c8045707bb5d11478b1a113e5ae048163bcf5f9ea11c56c6e96,0
fbneo/fbneo/wintbob.hi,71,0b7d4c20ec1a3e6d1a59138f6c33924954fd8c7b6954b0f1edaf5f8dc4ab4f92,0
fbneo/fbneo/wiping.hi,130,8d14f76b6c0aaff9ab73cc2bf62a9ee1413f1a89e72fbddbadee6982560b064e,0
fbneo/fbneo/wits.hi,73,242ffc3d1898568eea3c66c630b46b96b3c649b710367185c08d1883903f59a0,0
fbneo/fbneo/wivernwg.hi,249,f62aea7137d803a7d30fb7cbe92558815217226c160031cf7f7e989e8d8fd1e3,0
fbneo/fbneo/wiz.hi,50,74e8f4f23dc6378f7ec80094a8fe3195a0010d7eb36f99e10e8f1cbf035cb511,0
fbneo/fbneo/wizt.hi,50,74e8f4f23dc6378f7ec80094a8fe3195a0010d7eb36f99e10e8f1cbf035cb511,0
fbneo/fbneo/wizta.hi,50,74e8f4f23dc6378f7ec80094a8fe3195a0010d7eb36f99e10e8f1cbf035cb511,0
fbneo/fbneo/wmatch.hi,825,aedf2211f9fe216c1afe57457a434532fd28fe937cc3426d81220743af228dbe,0
fbneo/fbneo/wndrplnt.hi,173,ef72ddc4ec4ef22700637db99bbf18454c05643eee419dc0f47ce03bc0b36f16,0
fbneo/fbneo/wof.hi,134,a3b3b8655150f2c08dbccd5abefa8aed5ae3eb52b2a366f82b156d1d044cd394,0
fbneo/fbneo/wondstck.hi,59,942dbe66b02ee8a761be9b78404bc65b72847ce563b8fd768a03aad09d601d29,0
fbneo/fbneo/woodpeca.hi,10,dcef35f65edcfe1a6b581842ef4d547495a12454af51cfa93384afe84af38d60,0
fbneo/fbneo/woodpeck.hi,10,1948eeb3dcafc25f97300691d91eba63693a5200a13ee82e5a87617bfd1bc231,0
fbneo/fbneo/worldwar.hi,83,b744f812a11af78abe6691352f9c497cef6d5f562636219e595b1f3956670596,0
fbneo/fbneo/wrally.hi,648,45f6dc1aa0be0bedd606ca16e982937b2b8cb12da3d77bf453181d330076d021,0
fbneo/fbneo/wrallya.hi,648,45f6dc1aa0be0bedd606ca16e982937b2b8cb12da3d77bf453181d330076d021,0
fbneo/fbneo/wrallyb.hi,648,45f6dc1aa0be0bedd606ca16e982937b2b8cb12da3d77bf453181d330076d021,0
fbneo/fbneo/wrestwar.hi,164,6b5082de9dbe3d190dcf683c0c7f6a7322c99a4e24c99f13b11de5a25fb5e810,0
fbneo/fbneo/wrofaero.hi,113,dd4298a0ec595c278f67bc0f60942c3c50e04d3d2ed37f762b3d0770af06958b,0
fbneo/fbneo/wwestern.hi,103,083b426dcce3f66d4f4d4d54885d2251b59306cbc0f562e86b2c5c5361b074c9,0
fbneo/fbneo/wwestern1.hi,103,083b426dcce3f66d4f4d4d54885d2251b59306cbc0f562e86b2c5c5361b074c9,0
fbneo/fbneo/wwfwfest.hi,132,d5d4fde7af1d17eb8d811b88f025cd0db1a245c3472a3ce324291ff0f08b54e0,0
fbneo/fbneo/wwjgtin.hi,115,43efefbfd5f89180822e8cdec1f5ea78cc4631c1c686287f73e5018c846a793f,0
fbneo/fbneo/wyvernf0.hi,400,6ed90465af9f576c9ca76f4186aeb27c365893c20d7030160540bdeed906b838,0
fbneo/fbneo/wyvernf0a.hi,400,6ed90465af9f576c9ca76f4186aeb27c365893c20d7030160540bdeed906b838,0
fbneo/fbneo/xevious.hi,81,11918e91e7e60e028c964854ba0c565d98f6e55c25221902009ed06821df0fdb,0
fbneo/fbneo/xexex.hi,102,9323d8ffabad560af63e1d8c29f68258ebd5e641c914a0a9ad52bb012de03678,0
fbneo/fbneo/xmcota.hi,60,50d8394bf2d938819dcd0b370b3a76c16d9f651a372945313cd7b8f60cfb69d7,0
fbneo/fbneo/xmen6p.hi,360,bbaae08b00bc317a62028263519680e90df6f96c7e96cfd5ad9c9b55e46ade4f,0
fbneo/fbneo/xmultipl.hi,73,5214f8fca0fcee40ecf600e08d2bb3e5e66e6d20d1c9b1f201b977018dea9d75,0
fbneo/fbneo/xmvsf.hi,99,1bafd7f4636f8a97c557030b017a6a28dea2d1353b51cd59092592c42952efb0,0
fbneo/fbneo/xmvsfa.hi,99,1bafd7f4636f8a97c557030b017a6a28dea2d1353b51cd59092592c42952efb0,0
fbneo/fbneo/xmvsfar1.hi,99,1bafd7f4636f8a97c557030b017a6a28dea2d1353b51cd59092592c42952efb0,0
fbneo/fbneo/xmvsfar2.hi,99,1bafd7f4636f8a97c557030b017a6a28dea2d1353b51cd59092592c42952efb0,0
fbneo/fbneo/xmvsfar3.hi,99,1bafd7f4636f8a97c557030b017a6a28dea2d1353b51cd59092592c42952efb0,0
fbneo/fbneo/xmvsfb.hi,99,1bafd7f4636f8a97c557030b017a6a28dea2d1353b51cd59092592c42952efb0,0
fbneo/fbneo/xmvsfh.hi,99,1bafd7f4636f8a97c557030b017a6a28dea2d1353b51cd59092592c42952efb0,0
fbneo/fbneo/xmvsfj.hi,99,1bafd7f4636f8a97c557030b017a6a28dea2d1353b51cd59092592c42952efb0,0
fbneo/fbneo/xmvsfjr1.hi,99,1bafd7f4636f8a97c557030b017a6a28dea2d1353b51cd59092592c42952efb0,0
fbneo/fbneo/xmvsfjr2.hi,99,1bafd7f4636f8a97c557030b017a6a28dea2d1353b51cd59092592c42952efb0,0
fbneo/fbneo/xmvsfr1.hi,99,1bafd7f4636f8a97c557030b017a6a28dea2d1353b51cd59092592c42952efb0,0
fbneo/fbneo/xmvsfu.hi,99,1bafd7f4636f8a97c557030b017a6a28dea2d1353b51cd59092592c42952efb0,0
fbneo/fbneo/xmvsfur1.hi,99,1bafd7f4636f8a97c557030b017a6a28dea2d1353b51cd59092592c42952efb0,0
fbneo/fbneo/xsleena.hi,63,1ea783a84eec532adfee25408d4bcbaacee307e1c1a6e07466c33803a34f2199,0
fbneo/fbneo/xsleenab.hi,63,1ea783a84eec532adfee25408d4bcbaacee307e1c1a6e07466c33803a34f2199,0
fbneo/fbneo/xsleenaj.hi,63,1ea783a84eec532adfee25408d4bcbaacee307e1c1a6e07466c33803a34f2199,0
fbneo/fbneo/xybots.hi,202,0336c105bce43ed35cec421bddabdf286a7da86e775c53280ef7b7ee812cbfd8,0
fbneo/fbneo/yamagchi.hi,63,2a0b15befa22b5f8819e8b5b2b087cbe546267ea98db39048799c64aaa64207d,0
fbneo/fbneo/yamato.hi,83,baaac9e2c6b482b36d40074c2bd2bc455f306a3bd5955309f9225325dedbab00,0
fbneo/fbneo/yankeedo.hi,100,3f4b586e616454cdda1e9aae2db8271ed1a68b2ad201fa2da066aa9a4b199f00,0
fbneo/fbneo/yellowcbb.hi,124,4259302bcadc87d03e89b1d1f3caab34d86bd81ac56c1cac696abd0e1ac2fa4c,0
fbneo/fbneo/yellowcbj.hi,124,4259302bcadc87d03e89b1d1f3caab34d86bd81ac56c1cac696abd0e1ac2fa4c,0
fbneo/fbneo/yiear.hi,143,b865ad9d739a35f4578f08fcf2c56258698cd69fe9ee4501ffbb1a3089af0e23,0
fbneo/fbneo/yiear2.hi,143,7ce22ccd136d6ef2465ccfd75b12fab2228e0c2a6834c5021ca4970ef94157f5,0
fbneo/fbneo/youjyudn.hi,55,429717e5053554b9b16998eb3d6c2d48c093b6be0679e022807955dbb3e4c13a,0
fbneo/fbneo/zarzon.hi,2,9f1afa4dc124cba73134e82ff50f17c8f7164257c79fed9a13f5943a6acb8e3d,0
fbneo/fbneo/zaviga.hi,247,635e630c6a2a01611bcf9362ce2fdac7831e2da827700364b15a44cbab4c05f2,0
fbneo/fbneo/zavigaj.hi,247,635e630c6a2a01611bcf9362ce2fdac7831e2da827700364b15a44cbab4c05f2,0
fbneo/fbneo/zaxxon.hi,129,94a3d7767b5c89926191d04531ab14b3ae4bbe5c094b8afa16597a088305dc65,0
fbneo/fbneo/zaxxon2.hi,129,94a3d7767b5c89926191d04531ab14b3ae4bbe5c094b8afa16597a088305dc65,0
fbneo/fbneo/zaxxon3.hi,129,94a3d7767b5c89926191d04531ab14b3ae4bbe5c094b8afa16597a088305dc65,0
fbneo/fbneo/zaxxonb.hi,129,94a3d7767b5c89926191d04531ab14b3ae4bbe5c094b8afa16597a088305dc65,0
fbneo/fbneo/zaxxonj.hi,129,94a3d7767b5c89926191d04531ab14b3ae4bbe5c094b8afa16597a088305dc65,0
fbneo/fbneo/zerohour.hi,4,df3f619804a92fdb4057192dc43dd748ea778adc52bc498ce80524c014b81119,1
fbneo/fbneo/zerohoura.hi,4,df3f619804a92fdb4057192dc43dd748ea778adc52bc498ce80524c014b81119,1
fbneo/fbneo/zerohouri.hi,4,df3f619804a92fdb4057192dc43dd748ea778adc52bc498ce80524c014b81119,1
fbneo/fbneo/zeropnt.hi,71,fb93fe6a87fda3817a5b8ffa0671c325b6d7acdb22b5db3faedf44108483933a,0
fbneo/fbneo/zeropnt2.hi,56,5b119906d05c1d94bad9906278292603bba8aa0fc5f4a371d28dbcb88e785bea,0
fbneo/fbneo/zeroteam.hi,75,4871f4a42ae24cd14afc9c2100dca70c220b9826a8832dc2d9051c6aa46363b0,0
fbneo/fbneo/zeroteama.hi,75,4871f4a42ae24cd14afc9c2100dca70c220b9826a8832dc2d9051c6aa46363b0,0
fbneo/fbneo/zeroteamb.hi,75,4871f4a42ae24cd14afc9c2100dca70c220b9826a8832dc2d9051c6aa46363b0,0
fbneo/fbneo/zeroteamc.hi,75,4871f4a42ae24cd14afc9c2100dca70c220b9826a8832dc2d9051c6aa46363b0,0
fbneo/fbneo/zeroteamd.hi,75,4871f4a42ae24cd14afc9c2100dca70c220b9826a8832dc2d9051c6aa46363b0,0
fbneo/fbneo/zeroteams.hi,75,4871f4a42ae24cd14afc9c2100dca70c220b9826a8832dc2d9051c6aa46363b0,0
fbneo/fbneo/zerotimed.hi,3,709e80c88487a2411e1ee4dfb9f22a861492d20c4765150c0c794abd70f8147c,1
fbneo/fbneo/zerotimemc.hi,3,709e80c88487a2411e1ee4dfb9f22a861492d20c4765150c0c794abd70f8147c,1
fbneo/fbneo/zerotm2k.hi,75,a23f7e5ac36fd9835a43bae8e57ed40645a0cddc99bfc573bb25794b6e1f5812,0
fbneo/fbneo/zerowing.hi,105,2929d2329203cf7b210b0cbcedbb9bf4461386e33fee0695fda68c6ec4cb61bb,0
fbneo/fbneo/zerowing1.hi,105,a9705a4d17ad3e11b7423ac09601b325db058785dbe43dd4f9aece487686bfa2,0
fbneo/fbneo/zerowingw.hi,105,2929d2329203cf7b210b0cbcedbb9bf4461386e33fee0695fda68c6ec4cb61bb,0
fbneo/fbneo/zerozone.hi,125,63695fa898684c246c510b4641140fadafdf88b9645cc0d9c99a29689c986777,0
fbneo/fbneo/zigzagb.hi,9,ddbd32cc99f4a3601f4b9da27ec5dee4c56e22151caf0fc427e48869836a981a,0
fbneo/fbneo/zigzagb2.hi,9,ddbd32cc99f4a3601f4b9da27ec5dee4c56e22151caf0fc427e48869836a981a,0
fbneo/fbneo/zingzip.hi,105,e8b413c03c8a73e3031b4abd9d5488674b7708eebd9a514c137acd190ee38830,0
fbneo/fbneo/zipzap.hi,78,1b196bf549077ee5574904e55ce12638383270bf56bae3f2fa3f5df3a4562c52,0
fbneo/fbneo/zoar.hi,33,509bed635b33e3cda3464a6b3cd9de09eebce24916ab88204300f78cb3795087,0
fbneo/fbneo/zodiack.hi,62,0284cec4dca5d490aaee7f66bc3cab51a63495368413c5d06857ce230132b706,0
fbneo/fbneo/zombraid.hi,80,8e59ccc20b2f95b27f450cbff5def49bddfadee81892401ab9dde5a8e643d6c1,0
fbneo/fbneo/zombraidp.hi,80,8e59ccc20b2f95b27f450cbff5def49bddfadee81892401ab9dde5a8e643d6c1,0
fbneo/fbneo/zombraidpj.hi,80,8e59ccc20b2f95b27f450cbff5def49bddfadee81892401ab9dde5a8e643d6c1,0
fbneo/fbneo/zzyzzyxx.hi,71,a376aba905619ea30b31c2eca9aacf7f58e0174c5c01349ede24c1d77595466e,0
fbneo/fbneo/zzyzzyxx2.hi,71,a376aba905619ea30b31c2eca9aacf7f58e0174c5c01349ede24c1d77595466e,0
mame/hiscore/005.hi,11,ff86d091f07869864025d8c4fb570c82d18b6058ddb8bceb6e0a0d78ce2cb7c8,0
mame/hiscore/1942.hi,410,b28b2217a7887dd2ed71d76d719ff39081870a7883704d289d7872581158837c,0
mame/hiscore/1943.hi,111,7ec9dff4b3b316844b73ae0e38311cec89492e75d1e98c1ca3aa4b8d22e4f76f,0
mame/hiscore/1943mii.hi,111,7ec9dff4b3b316844b73ae0e38311cec89492e75d1e98c1ca3aa4b8d22e4f76f,0
mame/hiscore/600.hi,34,db522362e6dcaff42c3658ee5ccae9c37361e47719647fd844bdddf5c4b8fe70,0
mame/hiscore/99lstwar.hi,95,869225548eb3cf66bbe174809e05e3d40f6f4e01d1241ad44589114da8b70ced,0
mame/hiscore/99lstwara.hi,95,869225548eb3cf66bbe174809e05e3d40f6f4e01d1241ad44589114da8b70ced,0
mame/hiscore/99lstwarb.hi,95,8e21d6449450395197248645a6b0a39e217144636e4ca8befb300d31c31c1f09,0
mame/hiscore/99lstwark.hi,95,869225548eb3cf66bbe174809e05e3d40f6f4e01d1241ad44589114da8b70ced,0
mame/hiscore/acrobatm.hi,146,781ff6241fa6fded494978b423d939e9b2c51251fc658ea14f11ad49ff41e73c,0
mame/hiscore/acrobatmbl.hi,146,3c0a5720a02178d4bb6b28b929299f8be0382de36cb914e5591bc5d23c6b9860,0
mame/hiscore/actfancr.hi,33,2e0104682b08d65cd5caafe813b1a854de7b5ddc99229c493e7c87d883fa2f19,0
mame/hiscore/agallet.hi,92,8771fd649ca303ca9a5ec1bf56e1bab3fc264cfd621dfef4d37e3b1fdd8e8f6b,0
mame/hiscore/agress.hi,5,69cbd36a66bcf3b9d5a39b1b3f229c61cb07c709036c7703ceb83b5ad869b883,0
mame/hiscore/airattck.hi,128,993153bd5b0d3a3be8f83603635c950dc72feb23915e0c8d91de184513696dbd,0
mame/hiscore/alibaba.hi,11,03558f346abb7860823a02640882e81b7af0af7a1f2e07b2e6b2273da8980632,0
mame/hiscore/alphaho.hi,27,c59465af76cd4c9d5a1719e19829576ef057ae5569bc7caa52a0216ac692280a,0
mame/hiscore/alphahob.hi,20,9f73c20d260fd01dd9c57899d710b245ae4e9758433ee10a58056241b1e255f3,0
mame/hiscore/alpine.hi,9,094b06c69aad37e7e648cc0481bdbfa81a8f2359b89884cf7191f2d0feae8491,0
mame/hiscore/altair.hi,3,1f8f12d1330e093575089e333067208dbad87f15c75f2cfd0ff62219bdd33448,0
mame/hiscore/amspdwy.hi,835,f5a3649df219e64e22cf73ed40c864ce3ddaa1340829db934f2aad9a0b4aa434,0
mame/hiscore/amspdwya.hi,835,153c7d8514a2aa1580ec6d394c12d2ea6897ff6bc4ddcd1b46ecf9ff40daf00c,0
mame/hiscore/animaljr.hi,11,ae53d3c04ffebec1bd643f574b6a769509698d28cb6f8d51de8c4a1fa3940c3f,0
mame/hiscore/arcadian.hi,91,be28ec161bb36ab4965632c0a07dcb28a5de3653b4cfccf7e98f263b8b4a2442,0
mame/hiscore/archrivl.hi,794,1771605eb7b7a0504ed992289110d7af34f39186ff5a677c0656ec5197852146,0
mame/hiscore/archrivla.hi,794,1771605eb7b7a0504ed992289110d7af34f39186ff5a677c0656ec5197852146,0
mame/hiscore/archrivlb.hi,794,1771605eb7b7a0504ed992289110d7af34f39186ff5a677c0656ec5197852146,0
mame/hiscore/arescue.hi,159,d78a9acbd087470155708a7ad21aa0d1c26dc949c6fd688697de9f81e9698334,1
mame/hiscore/arescuej.hi,159,d78a9acbd087470155708a7ad21aa0d1c26dc949c6fd688697de9f81e9698334,1
mame/hiscore/arescueu.hi,159,d78a9acbd087470155708a7ad21aa0d1c26dc949c6fd688697de9f81e9698334,1
mame/hiscore/armora.hi,4,1feed134f58508c1b9f87169011fe786e0b2e9adf267dfb44f6a7685756f3493,0
mame/hiscore/armorap.hi,4,1feed134f58508c1b9f87169011fe786e0b2e9adf267dfb44f6a7685756f3493,0
mame/hiscore/armorar.hi,4,43e3e0bce006be3d7bfd34766cf76cd246fac3cf7de0ad3b7bd2bb483894ac78,0
mame/hiscore/armorcar.hi,60,17c94471b8be2814a689d967c98042ad069e4d5ebda512bf1546f86c030bdd77,0
mame/hiscore/ashura.hi,103,533d4868db48942b4a119c5531727c15fafdfd62572ddfdf861367348a426f28,0
mame/hiscore/astdelux.hi,43,4f8ac82e269799f9d715335319b2cd6dcc3b2f931d59fe57bdc2597eab8d18af,0
mame/hiscore/astdelux1.hi,43,171ed53fdaa42162da91ab53a9ddbbf69f64057e2c3245d8689a8cd292b85571,0
mame/hiscore/astdelux2.hi,43,171ed53fdaa42162da91ab53a9ddbbf69f64057e2c3245d8689a8cd292b85571,0
mame/hiscore/asterion.hi,27,ea49aa9f6f6cf2d53d454e628ba5a339cc000230c4651655d0237711d747f50b,1
mame/hiscore/asteroid.hi,54,ea659cdc838619b3767c057fdf8e6d99fde2680c5d8517eb06761c0878d40c40,1
mame/hiscore/asteroid1.hi,54,31bd42863cf5a3bec95eda03157a7bc17266e8794aa1b4aa408cf9d94fe0ded6,0
mame/hiscore/asteroid2.hi,54,cb56a56df72bff2b5dcb21865e138806ea5f709f940b0a1ba30d1258e9118a28,0
mame/hiscore/asteroidb1.hi,54,bfee748c50ef2276ae3d1cd25d5afbaa293abe16b5700a8eb9fcd6d371d71e53,0
mame/hiscore/astrob.hi,247,908e53511e18cd174e9e9f2793065bc400dc1c8865096899bd1dcc5a0c36b9aa,0
mame/hiscore/astrob1.hi,218,a144d4482a3b5f3281375392a795db979eabd972d0596a097087d307dadfe96e,0
mame/hiscore/astrob2.hi,247,91ef8d17d56a8aaaeb1de37a3b5038cb37b134d3f5a7eaf8050a77964ba07075,0
mame/hiscore/astrobg.hi,218,a144d4482a3b5f3281375392a795db979eabd972d0596a097087d307dadfe96e,0
mame/hiscore/astrof.hi,27,ea49aa9f6f6cf2d53d454e628ba5a339cc000230c4651655d0237711d747f50b,1
mame/hiscore/astroff.hi,27,ea49aa9f6f6cf2d53d454e628ba5a339cc000230c4651655d0237711d747f50b,1
mame/hiscore/astroff2.hi,27,ea49aa9f6f6cf2d53d454e628ba5a339cc000230c4651655d0237711d747f50b,1
mame/hiscore/ataqandr.hi,84,d89900f0dec87ee8131d90041819a9861f51c3a6bf61a64b65433b2da4746f8b,0
mame/hiscore/atlantis.hi,44,724e11ff200759cf18cff86772845a10c5cc36b1fe5da125ff523fa90757b629,0
mame/hiscore/attckufo.hi,6,f8ff442f29e8626ffb3c95ce1d4f21ae3e63d9800c698298b65028943fd4dc93,0
mame/hiscore/avalnche.hi,2,47dc540c94ceb704a23875c11273e16bb0b8a87aed84de911f2133568115f254,0
mame/hiscore/avspirit.hi,83,108c316fe8a047feed664c69bf9beb607350a5c51ab0092d2df452dff67113a9,0
mame/hiscore/badlands.hi,79,a37af59516d0d7f12bcff7e0da922044e146c4114a5ceafaf41cb6267b4479b2,0
mame/hiscore/batrider.hi,784,95d7cbee271676d90fbf10a372c1447dfd7ffd8af2d17d65efe2688d004cc029,0
mame/hiscore/batsugun.hi,164,188d747d93abc2ff469a9e50996e6628bb74043865faa1fcf18e7de0842fcfec,0
mame/hiscore/bbredux.hi,94,0e411e3717ef702e654c09432beaf0405b451e04314ec8366ebd0cad6da212e1,0
mame/hiscore/beastf.hi,241,f00940966f5361f786ece869512549c7b81717ffea4cfa0e21ae9d12846bbcea,0
mame/hiscore/berzerk.hi,61,7c40035fbd3274ff6beb5bdcc501903700ca226ac2d12a0598ba1e2dc4618e76,0
mame/hiscore/bgaregga.hi,235,f4ab76f88d1255a2bb5d825bb6c8a1c9c828dd29cae9d304312b554f0ba31afd,0
mame/hiscore/bgareggak.hi,235,e367f7c1197ab9258466b6bdeaae74983c4d07e9d9a4b472ecdc7e4db444652d,0
mame/hiscore/bjourney.hi,73,9c56f48ae9bafd205262034bfcc2232b2c63348cb723d681ec39f13409f990cc,1
mame/hiscore/bking2.hi,10,67891bd65126031c7664b497f8ca294219cfd3a5228fdf96e23dfacfdbd56d70,0
mame/hiscore/blandiap.hi,98,61325540b1d1aab30dc6f91f185a548c6b311f48afbd3405726b5ced5e8fa969,0
mame/hiscore/blkpnthr.hi,157,a40717298fd3b45eba3ef4610169e4087009100e461fa12df89c3d45ee489161,0
mame/hiscore/block.hi,80,5b6fb58e61fa475939767d68a446f97f1bff02c0e5935a3ea8bb51e6515783d8,1
mame/hiscore/blockcar.hi,84,e3ad237be841fb2e9f15b971ee71c2295a15454ab9fb5dad6d5aa12cca5d2e95,0
mame/hiscore/bloxeed.hi,101,24f3fbf9d5c0cc6a2f24eef230c4f3f65cb8efb7bb2bb655978f650749fb3131,0
mame/hiscore/bloxeedc.hi,101,669f6e8a6c5b4c3d7e4a41c94d9f67097d91ce3c42de189ea60a909786e8dda7,0
mame/hiscore/bloxeedu.hi,101,669f6e8a6c5b4c3d7e4a41c94d9f67097d91ce3c42de189ea60a909786e8dda7,0
mame/hiscore/bluehawk.hi,50,452199b478ec047e3f3c38bb0b2acb516aea0250e0b24c6e1a3418b56e16f857,0
mame/hiscore/boggy84.hi,78,e6bb304a1599657a3ea15892f9697df5a7d69e550b2dd7b115e0168201ffb605,0
mame/hiscore/bongo.hi,18,9d5d085e9e54267f3dca07a34a83c413fae4da0084a60faf15d6717fe97147aa,0
mame/hiscore/boomrang.hi,66,a2623d5a4dcfb8c26bd2c790cc52be535eb7b1427b62f9e5248173d6d84765b6,0
mame/hiscore/boxyboy.hi,48,161e220c980805b3501c06e3af736b3f7987e888119ac4bb505a6dd38884ee79,0
mame/hiscore/boxyboya.hi,48,161e220c980805b3501c06e3af736b3f7987e888119ac4bb505a6dd38884ee79,0
mame/hiscore/brubber.hi,624,c0c2da5018899dbbfa62d9266b297b5e90a90f2beac7c735406e7bb607a0093d,0
mame/hiscore/btlfield.hi,195,8d10f8d8b85f58b7d9c9b7ff477cc5e809577317c68b090a663a10a1f88284b5,0
mame/hiscore/btlfieldb.hi,195,8d10f8d8b85f58b7d9c9b7ff477cc5e809577317c68b090a663a10a1f88284b5,0
mame/hiscore/bubblem.hi,353,f892d3a089c60be83ce46974f6f9fe10ff12cd01a7b1b8a2e5be48e023bd7770,0
mame/hiscore/bubblemu.hi,353,f892d3a089c60be83ce46974f6f9fe10ff12cd01a7b1b8a2e5be48e023bd7770,0
mame/hiscore/bublbob2.hi,283,344bd197043b75891c50f2812d24ffe1acbd71e9713b59c6ab97b155bfb143cf,0
mame/hiscore/bublbobl.hi,86,7df3bc325bfe45a7425d91350745422e62c59ecac9c5eb264fc761e264265ab3,0
mame/hiscore/bublboblb.hi,86,5e51e2612a54d30e3fdc7568b52825a42701a73d722d240b32b84ae236b29dd8,0
mame/hiscore/bublboblp.hi,73,707988e9a0ed1943a08c07384e1c00d62cad721c66fe8a9802c378da5ac269bb,0
mame/hiscore/bubsymphb.hi,283,7461d0c9837117c4f9710cd47665b7ba2160425be3ee5d121b4c073f4bbd7c4c,0
mame/hiscore/buckrog.hi,79,764e2f0bc42221e9e05a6b3ebcf89ee67a517c7a8baf8ac0fd0702176953e9fe,0
mame/hiscore/buckrogn.hi,79,764e2f0bc42221e9e05a6b3ebcf89ee67a517c7a8baf8ac0fd0702176953e9fe,0
mame/hiscore/buckrogn2.hi,79,48df3d1f80a04e5b1fc3677e0c133faf676b0d1bffe5a2ad93f165a40e949f66,0
mame/hiscore/bwidow.hi,154,89a601704ba9ab0d0f64eb473cb143b1263bbe4534bcb598e65aaecb412201a1,0
mame/hiscore/bwidowp.hi,49,04fe8b2287fdb9f399dfb4872a79b90a46cdf59a1d7c8428069645ab67c6bf9c,0
mame/hiscore/bygone.hi,73,87cec145a60a7d9f80709de672fc580422416a751d02d0a02b2e9bbb04d70bb8,0
mame/hiscore/cameltry.hi,646,db0e0bbd3ffc33c7086b9ce1194a512e79f02ee96cac563071363bd8958bbd0b,0
mame/hiscore/candory.hi,29,faabc17ad3971bf9d4aee9dcaf862b5b3e4a5aaa4a980be8042145a62546e6d0,0
mame/hiscore/cannball.hi,128,00368f99b7499aca36b591b4c2e94db50bac5abf8243944c5989e479bf8474a6,0
mame/hiscore/canyon.hi,4,67afaacd65d13ffecc00dcb47ecac2b278a575f4fc8a2109f756ae5004e72bfd,0
mame/hiscore/carjmbre.hi,161,f789bbd9a4f2fd970f1b1c20fc148b3cc44ecc202c170418be22ed8b11602852,0
mame/hiscore/castfant.hi,4,221f8af2372a95064f2ef7d7712216a9ab46e7ef98482fd237e106f83eaa7569,0
mame/hiscore/cavelon.hi,17,51a0ca0a57107dfb5b0cb4cedad66833c293dc69479f08d50eb1c8a4eebea76e,0
mame/hiscore/cavenger.hi,65,bfad1be0b94cc51dba4d6ac47e8adcb5718e7176176ce664d21bf3bb256b8603,0
mame/hiscore/ccbootmr.hi,85,d4ca11b3915e8ef9eaba611707bfd24390630853b64942fb6c7e0eb81eae660d,0
mame/hiscore/cerberus.hi,187,a056b6f31d0fc4a16b3101b34ab833d67d0151e81afe890725cbd6dbb1d6a842,0
mame/hiscore/charlien.hi,175,55bcd16a48afe8d55e953c12bd4d1c324f55f313990beb1ca776f109fed4048c,0
mame/hiscore/checkman.hi,72,9e970520ee58b5f349f053e67f205fc49e77dc46eff3f4a721995835fb92c6e9,0
mame/hiscore/cheekyms.hi,10,5cb37b9c2210eb1ef30cdcce5548559b349a641f8d76946ce4ee1865cf260d3a,0
mame/hiscore/chimerab.hi,167,98a4666480d699abfca7576584bcf9fd5f2032935814c5882918190e799ec7d3,0
mame/hiscore/chqflag.hi,221,3bf893029057440c7cfb9b13cbe25d03fd6cf0451a473e0ce20827fb519185bf,0
mame/hiscore/circus.hi,2,bbb3afa31af1adf2deb2cd3774f62df5807acf44963fc296e62de13b00380a6b,0
mame/hiscore/citybomb.hi,130,708c732ade7576e967b160a21899b579cabc53385e19f238b0447a0b35f4aa0f,0
mame/hiscore/clayshoo.hi,8,bd99b505b1efa6cc1d32966fba161fb168fbee9f9a5c94954220a537aaaeb13a,0
mame/hiscore/cloak.hi,160,1d516ef91f51476d215bbf35b784e041edc3cbaf172db2c1afc0705314b03402,0
mame/hiscore/clowns.hi,322,68b138c89671b1f8435c3ebeeff7720bc4ee002e907fe77787caed1d35d40e07,1
mame/hiscore/cninja.hi,175,2132d39c38bd8e52215b57b4112feee682aaad01218b2cd962aac2f6d4920d59,0
mame/hiscore/commsega.hi,6,e44728408fa247053c017f791d5d2fe87752119c5010006ffc4e098efbaea679,0
mame/hiscore/contcirc.hi,604,2d6e5f445a1160acfe9f16fe8315ef73087c1323c3148c38209646c7bccfc41d,0
mame/hiscore/contcircu.hi,604,36f147b6f4a5a0f04a42a60852e7f2fd99b7b371727b988172207bdea1b32f5b,0
mame/hiscore/contcircua.hi,604,13cd786484fd6f255314fccd645aed57fd3a793f093edd7b583bd167c872e545,0
mame/hiscore/cosmica.hi,3,803bb62ff494b819438470c1adbe55102bd2e2c9c78f684ebefd66ace2308cd4,0
mame/hiscore/cosmicg.hi,35,c381bed89191ab462a43d7c046fa48c38f67c31ee936d1cc2f02ee07053207fe,0
mame/hiscore/cosmicgi.hi,35,c381bed89191ab462a43d7c046fa48c38f67c31ee936d1cc2f02ee07053207fe,0
mame/hiscore/cosmos.hi,82,fd6cf23069f58635176d1883448f5343f9645dcd2318a751b40369030bb2d996,0
mame/hiscore/cpsoccer.hi,38,0e2b219c2be8c966d345ff0b2916e779e78803c8bb7c2c63ec6a9ab051ac661f,0
mame/hiscore/crash.hi,2,8155675d252720b1ca30eca6e23468f76ea21dd9d1c7bbdba9d891315d8ec36a,0
mame/hiscore/crbaloon.hi,13,5f8a4c4f3758f5b0ad5c1c3401be89b3bd4a242a4c9b4ef8d232bd9fb2a9ecdb,0
mame/hiscore/crgolf.hi,269,2ef8e978afb31e3aafa840ce24497c316f88bb4554c2791bc10301c66b8c50ff,0
mame/hiscore/crush.hi,33,ff700297dadce1e3f988dcda23e206060049feb47b3d031a047ade55a7c78ed4,0
mame/hiscore/crush4.hi,4,2771d46903300077fdb6461c0f2b34669d30052f539e535651c2c21a75e0da1e,0
mame/hiscore/crush5.hi,4,d7ae480a6f7e3aa1b191b5bf491220118dfe20fc7c79a17a1c4bb445ce3ed539,0
mame/hiscore/crushs.hi,5,c513f7cafb9971fe695aac18ae09e13bce0cfb10caaaec0408b0374332d07121,0
mame/hiscore/csilver.hi,64,3f138254b49350960fbd0c19e08636cc9acc15a5e05580bac35ea1f4d7443a48,0
mame/hiscore/csilverj.hi,64,be9d9be4e8df0f4046100680ff3b209c15715e6c9f1057ca945c08cfc77b2a50,0
mame/hiscore/csilverja.hi,64,be9d9be4e8df0f4046100680ff3b209c15715e6c9f1057ca945c08cfc77b2a50,0
mame/hiscore/cutieq.hi,12,e8278caab34ccf6f0da26a96e715425a11bdea6d7ea358a2d48d86878f940623,0
mame/hiscore/daikaiju.hi,175,d28ee3eede50bc3f233cb7ac078d416ea4187454024188ba1c3671cb07f9c196,0
mame/hiscore/daioh.hi,164,68178fb639d5ed3a3310c8999ba1d53a0ed60541a3788945d304c535637624fc,0
mame/hiscore/darius.hi,1833,8556a68e7cd395849697381d5141b19fb9805e7648b7acc4a0ed3f32c7dcceb7,0
mame/hiscore/dariusg.hi,57,65a16cb7861335d5ace3c60718b5052e44660726da4cd13bb745381b235a1785,1
mame/hiscore/dariusgj.hi,57,65a16cb7861335d5ace3c60718b5052e44660726da4cd13bb745381b235a1785,1
mame/hiscore/dariusgu.hi,57,65a16cb7861335d5ace3c60718b5052e44660726da4cd13bb745381b235a1785,1
mame/hiscore/dariusgx.hi,57,65a16cb7861335d5ace3c60718b5052e44660726da4cd13bb745381b235a1785,1
mame/hiscore/dbreed.hi,134,7e3e1af319e4bb044834856fc7071af7ea08ff75928b548425067db924042212,0
mame/hiscore/ddaydoo.hi,128,5f97bbcec2d728520ef77de78a164aac112452a614a47f99d1c0faf41405ef53,0
mame/hiscore/ddragon.hi,33,c2bacc760aa7fe64374409a0d8c04c42cdea9085871455f255e3e2cb35725a67,0
mame/hiscore/ddragonbla.hi,33,c2bacc760aa7fe64374409a0d8c04c42cdea9085871455f255e3e2cb35725a67,0
mame/hiscore/ddragonj.hi,33,c2bacc760aa7fe64374409a0d8c04c42cdea9085871455f255e3e2cb35725a67,0
mame/hiscore/ddragonja.hi,33,c2bacc760aa7fe64374409a0d8c04c42cdea9085871455f255e3e2cb35725a67,0
mame/hiscore/ddragonu.hi,33,c2bacc760aa7fe64374409a0d8c04c42cdea9085871455f255e3e2cb35725a67,0
mame/hiscore/ddux.hi,153,fdcb2c43956f505f35e242368a90ac2811693f488ba759e0da19deaa6198ae8d,0
mame/hiscore/dduxbl.hi,153,efcacf9d9fa6a5ef184d7c565d8d1e687fba3327a1c898953bdec5beaccd62f8,0
mame/hiscore/dduxj.hi,153,c4cf836ebde580da2c3071e2d4827a809c53b280af355fed300e05a548cb089c,0
mame/hiscore/deadeye.hi,7,440646c580321c0fe22724436c57283e9b81b3a0b6a9404f4d7c8686f345f2c4,0
mame/hiscore/deltrace.hi,127,a801c6b5d64178680e449d928077292e9713b2ff8c9fb59913ed12e75de1a3d2,0
mame/hiscore/depthch.hi,12,b81035c9599fdbe4ab8a3070c768d397175ed6643412223f5a70774bd77dd51b,0
mame/hiscore/depthcho.hi,12,340372e1e00d126e77498b2c7f917178250c3fab600a1dd408fa431f82f9ff1b,0
mame/hiscore/desertbr.hi,17,0ce5316c2b969b6ddbd7122a6d9f19ef6ee0ec5fdb53361a02777f9fce54f443,0
mame/hiscore/dicegame.hi,120,4b37389f0377d117b9b56d314ea576236744db9d9d4e23445d2577ee55934b17,0
mame/hiscore/diggerc.hi,47,b1c44b0628648383011b614dc5174a76a0a9753e288650c676fa7c5eeca89163,0
mame/hiscore/dingo.hi,49,0151ec31835c45f3026fba08f06f07cea03729e796b55c6a12b6c9e016803501,0
mame/hiscore/dinorex.hi,144,931bb12ebc0b79e1bae9464086867d6b4a87755526648615be91485b16ac2c87,0
mame/hiscore/dinorexj.hi,144,931bb12ebc0b79e1bae9464086867d6b4a87755526648615be91485b16ac2c87,0
mame/hiscore/dinorexu.hi,144,931bb12ebc0b79e1bae9464086867d6b4a87755526648615be91485b16ac2c87,0
mame/hiscore/disco.hi,39,b0ada3390504ba14b7ede13b4f821fd91ae73bda775f66ae583ae8e14eedd445,0
mame/hiscore/discoboy.hi,128,1190bfa57e4cab527ad7b1c7fed01085b1e244ff2c18943456c7b4f53904df46,0
mame/hiscore/dkong.hi,179,c4218d8b5dee0f02e2aad66e2d5002961a8479f6428931c8112facdddb77c0f7,0
mame/hiscore/dkong3.hi,241,85d211cede6c2ca93b2f94d4644e3e689905f0154bb61baa577a8ec5d47b15b4,0
mame/hiscore/dkongjr.hi,168,f16e422eb79ee74a7e7756d6836944a421422972dd2b147155d0ff4344848fca,0
mame/hiscore/dkongjrm.hi,168,9ce50857baeeb8ebd3c2b96a010ede4bccd29fb028adcdc9d8f82562394ed569,0
mame/hiscore/dorachan.hi,30,40a99c516f797519719dbc10843edc6400df5db4c6450a72ab58d1c8fa27cebb,0
mame/hiscore/dragnblz.hi,298,05233346d635b3b3c9402c3a4cb127efff9b389773b5119ccc13acd61a0c8773,0
mame/hiscore/dragngun.hi,317,5d1e6698c8562aaf2de4f321f1c23136d55448aefb3231175fba4386ecc363a0,0
mame/hiscore/drgnunit.hi,80,ba4392a8259a0c5cb6fe21d39159566805fa77e0608d0e45b0ad1f66ee4e832a,0
mame/hiscore/drmicro.hi,277,5c23ecb60b06a632d20a32954dedda16f64eeb2b88dea6c73cf610a2659ff88e,0
mame/hiscore/drtomy.hi,192,5df8a40107819aef517d4061ea33f46ae9af6c9a0bd418acd7d29c1010ae72d1,0
mame/hiscore/dynablst.hi,146,cb78bdb2e6aebf45413efaae07a4350a74950ef685feace1470a3c851f710d3a,0
mame/hiscore/dynagear.hi,45,9993d1ec92657c618b7df9aeb20ffcaf19fd1923c8161936bce99f5af096dce5,0
mame/hiscore/dynwar.hi,64,4122c7d9bfd984c94deef5177688ccb30e1f1b34e12a77c1ff565c4a8dda2c03,0
mame/hiscore/eagle.hi,84,3328ba232f32025533b01f389faf4ba0ab090690d0bba068e3696a3e07c7f994,0
mame/hiscore/eagle2.hi,84,3328ba232f32025533b01f389faf4ba0ab090690d0bba068e3696a3e07c7f994,0
mame/hiscore/eagle3.hi,84,3328ba232f32025533b01f389faf4ba0ab090690d0bba068e3696a3e07c7f994,0
mame/hiscore/ecofghtr.hi,164,6b5d248b154dc9b53dd83e7277370ced20620fa33269b179292fae09727fc20a,0
mame/hiscore/edf.hi,268,91b1312d50568ae2cc71af363b4b790c1132493fb84bece3b610170b14ed0317,0
mame/hiscore/edfbl.hi,268,91b1312d50568ae2cc71af363b4b790c1132493fb84bece3b610170b14ed0317,0
mame/hiscore/edrandy.hi,128,85488d57edda6c6e2ddb2b6e0d54234bd18e95ab5dfdf2d2da02db672dbc6c13,0
mame/hiscore/eightfrc.hi,96,50acedcba943ac898ea0f21f42db2ff3c1229535c79137450b45b25e5da03afe,0
mame/hiscore/elevator.hi,3,709e80c88487a2411e1ee4dfb9f22a861492d20c4765150c0c794abd70f8147c,1
mame/hiscore/elevatora.hi,3,709e80c88487a2411e1ee4dfb9f22a861492d20c4765150c0c794abd70f8147c,1
mame/hiscore/equites.hi,164,87e2db4bdefa2e97704447fc4d79425aa9489d8b39340ef8b9626e2e786bd5bb,0
mame/hiscore/espial.hi,120,8508c0fd91895f5b4f5301f6c0c5e135be760556c0f8f0a5cf21c3cb44977ee4,0
mame/hiscore/eurogael.hi,31,303cf3dcd235fa8e83e5b28a9bd1176af12dc0cc9d48933f8d2e93405a4423f5,0
mame/hiscore/exerion.hi,240,dbe8c3313abec80dc7998a610a7f3b2cb9ff4288f06024360b5984f6bd4d1fa7,0
mame/hiscore/explbrkr.hi,99,b1be3615338ad23c9d86b798df0a65b51ea0872e55ababef609faf72385c0b89,0
mame/hiscore/extdwnhl.hi,708,54ef1741e0bcb3c1931993d7cc779dda9c2472010fd5237ee16bec2af55dbdb4,0
mame/hiscore/exvania.hi,40,975838dfeafe505ab360d0e3632034dc491e1ee69a1ada45bc33869cb8e6417b,0
mame/hiscore/falconz.hi,27,abfcd26c270c2fa5a5cbd24038bfa14b00ac85531ba3dca26c0928e18c4fce2e,0
mame/hiscore/fantasiab.hi,99,be92cffd2c2e7448fcb54b92412a9274edc85ce0ea62af4e63b0ad96368bf816,0
mame/hiscore/fantazia.hi,84,08777f8405f90450f699ce44bba726474d0ee0a85d628770a94234d5049ebec4,0
mame/hiscore/fantzone.hi,60,f049c2308051c32d3862412aaf17c0058f239912b4f423ac238ca80faa23fc23,0
mame/hiscore/fax.hi,350,1b36fafd7bfc36688d657c951dd2c81b05c1fc423ba325c2dfcb10811a1e9855,0
mame/hiscore/fax2.hi,350,1b36fafd7bfc36688d657c951dd2c81b05c1fc423ba325c2dfcb10811a1e9855,0
mame/hiscore/fcombat.hi,45,cd9d41de239137579922405323a3b5ab7b88876e975180c1e66ff94043adbbdb,0
mame/hiscore/feversos.hi,365,0a39a36d13acac24ffb70a97449e8ce613f7d7926bdf9b8e56698ce2c35e290e,0
mame/hiscore/fgoal.hi,9,c2f3433e541cd10a5c4a9495d06bd0db1dcf33fb9ce9d53775c1fa29dc2dff2a,0
mame/hiscore/fhawk.hi,83,48900677d73d8efa541fdf2c88c4aa75ba922dd21cdc486e4abe51de43c75555,0
mame/hiscore/fieldday.hi,1335,67f8db8a5728cbf7cc92c441e46fb64043369a02da208d5c657367b8c57155fc,0
mame/hiscore/fightrol.hi,65,7db399592a8282faa979e3ee0c3ad9506bafedd4fe9f01cb21bacc0a0c671cc5,0
mame/hiscore/finalizr.hi,43,09c7fc7374ac9d91d3a57e650e4324564895b75bf872c72f130530e5c9c7615e,0
mame/hiscore/flipjack.hi,246,b57fe165ee459a8358e913f32f307eb20a119afd7cc0b4beb3b576507b615d93,0
mame/hiscore/floritas.hi,84,6754714191601a01e0d675147b1bf9909dddacf6ef222a1d69c334f2532386cb,0
mame/hiscore/floritasm.hi,84,6754714191601a01e0d675147b1bf9909dddacf6ef222a1d69c334f2532386cb,0
mame/hiscore/flyboy.hi,133,9c6c18154a8f146275fe60c37209f56231ef7ae8e74b15bb77f96ffc2247bf75,0
mame/hiscore/fncywld.hi,174,c91a41cb97dd5cae9d09a16b27caa89771f38206cd7b07e31c6b80d8a78b93a2,0
mame/hiscore/fnkyfish.hi,9,51b09ceccfbec44595dd4241e6e2a693d279b72c899c8f60ec63524fe58b1d4f,0
mame/hiscore/foolrace.hi,4,92e1a20eb529c20b5834e9b40fe09503e97a31dfd08826e16e74d48961b62d82,0
mame/hiscore/fpoint.hi,2422,653ffca6783f9b525eeec6da3b7cd3d454f76063669902ce3116501b173cba3f,0
mame/hiscore/fpoint1.hi,2422,653ffca6783f9b525eeec6da3b7cd3d454f76063669902ce3116501b173cba3f,0
mame/hiscore/fpointbj.hi,2421,26f4b5edf9fdc3848f668e6d5571e8b3cdb025a1bd43836a130f16f5b30a9843,0
mame/hiscore/fpointbl.hi,2421,26f4b5edf9fdc3848f668e6d5571e8b3cdb025a1bd43836a130f16f5b30a9843,0
mame/hiscore/frogs.hi,12,fa236c53c3c620a6d7a96ab6389430820cdbc0b22e73932bd36d3b5bc86df6c6,0
mame/hiscore/frontlin.hi,9,8b8d12ba52e590ad8470a937b7b050ccff26059f595b665dd52522c5a81d8329,0
mame/hiscore/fstarfrc.hi,131,b8ff6b0d296024cb5e57fd2cc4ab43074f1dada20e447b171683f444098574a3,0
mame/hiscore/futspy.hi,60,df4fd28da97746c6262a984f78bef8c07e65a825d3e9c74b8b497f94b22efd87,0
mame/hiscore/galactic.hi,3,b62bf25342503a0e702918fdf69a803ce16e991253cbf6b3b4efb1aab6b9399f,0
mame/hiscore/galaxia.hi,4,32d5ddf16a4775ac2cd166f9de8de1beee8ab2da4d275b59e73e8f07e7dd5cf6,0
mame/hiscore/galaxian.hi,3,b62bf25342503a0e702918fdf69a803ce16e991253cbf6b3b4efb1aab6b9399f,0
mame/hiscore/galspnbl.hi,51,faae62481fd35a4b97cede2c94182d7554371808462636dfa125372bc3a73b4a,0
mame/hiscore/geebee.hi,3,c0099335105247547749ba3b0fb1ff6b2fbfe1ee416599400d35065940e098f1,0
mame/hiscore/gekiridn.hi,126,d698fb817137543ec489c4246bc17f08b0e4e2bf31d2ed40ec6eb9692634744f,0
mame/hiscore/getstarb1.hi,74,eb4231f842f1dfb89cfdbf40c13c238f4492a234cae75ad88010660bdd654771,0
mame/hiscore/getstarb2.hi,74,eb4231f842f1dfb89cfdbf40c13c238f4492a234cae75ad88010660bdd654771,0
mame/hiscore/getstarj.hi,74,eb4231f842f1dfb89cfdbf40c13c238f4492a234cae75ad88010660bdd654771,0
mame/hiscore/ghostmun.hi,10,f46f1ab6cb1e7cefe18914bde6a95e7e84095846993e321381a905ca5826198e,0
mame/hiscore/gigas.hi,77,911a78708774d09d8d2557f80939c60bd2264827763253d2d9f1b3440dd5a839,0
mame/hiscore/gigawing.hi,368,b2ade26dd54f9356b1d3e0913bb1f47b079f914d0b33f3abd8f27ee68774553a,0
mame/hiscore/gijoe.hi,248,301a663ecb62bb051a038734b516c11b2b386a1d24a4c8cd63219829c903cb1f,0
mame/hiscore/gmgalax.hi,13,0df70b43bc42930589a3e4ec0a44ec1865bc023881f9f170c6c67fc580e273d8,0
mame/hiscore/gogomile.hi,354,fcfa997ad3973ca3b56a43c625f3cec47a4a495ea8d76d638875884012f6513f,0
mame/hiscore/goldbug.hi,30,f539affa1716c52db2b779004a6e8170a241c2f60b9ec48edb834f23b2230e36,0
mame/hiscore/grdian.hi,74,eb4231f842f1dfb89cfdbf40c13c238f4492a234cae75ad88010660bdd654771,0
mame/hiscore/grndtour.hi,45,baca3de92003cb453b4181a8fb664adf09c6ddd40706ef6e223a8c46f13c130d,0
mame/hiscore/grobda.hi,164,0d49dbaf9477683da2f42fd29c6bec844b71a6612187f5da6a1ce2d6bb4647c6,0
mame/hiscore/gulfstrm.hi,132,d21175cacdaabe1abf0964ce485f3a8342c347757950cea8d2b979eb1a71e211,0
mame/hiscore/gumbo.hi,66,41760e0d6e689eddd8bdd0150ef607e21412250a9743dc9242ab24787d78d5ca,0
mame/hiscore/gunbird.hi,117,b3263baf3d54559c4722f8086dd10ba71bc903a18ab522d29ef3d30c96982aa6,0
mame/hiscore/gunfront.hi,85,d39ef6bbafaf1fef7d8ec222f0e3ef2a87ee8a04de775d4e239af5f1e7a97ef9,0
mame/hiscore/gunfrontj.hi,85,e9afc61ab880ce076d2522c4bbbe8acea9c8a65f92db80979ab5cfd3ad492d94,0
mame/hiscore/gunnail.hi,4217,14a59adbee1757e7130f35195247e03db68fdaa61d1eefb3143d43592f665e8f,0
mame/hiscore/guwange.hi,324,b0c561f7d92a439aab333e137fa2190da48469c6a7651b3319d60d3e4ea3a8c6,0
mame/hiscore/gypsyjug.hi,6,0b2607e5b1baa8988bf1dc26e315786ce086f99c35ec6614bb87bd544c4bf71c,0
mame/hiscore/gyrodine.hi,77,eb6eba978c17d63e10654b0e9c85a02f078178eea3d7147080ca3aa1f210cd00,0
mame/hiscore/hachamf.hi,1008,d542ef462dd630856da33445d0dbebb896c3a63030720404b773f5ca39121480,0
mame/hiscore/hangon.hi,1188,2447d51a0dae710acd51dd76705fcdda1e953cde4fa7eab115f3e85be3801fe3,0
mame/hiscore/hangonjr.hi,108,3c763a084747a0f89175fcdd0e22411af13f5983f8a0992b4ef088d8086882ff,0
mame/hiscore/headon2.hi,18,8c19d5d54ba123f7ec95fd4ab0babb734ac8c027bd3ced70765399e7e59de100,0
mame/hiscore/headoni.hi,15,509fed1e347abcb82b8d4903d7b5ef01854ebd4a1d2221c2ad52fb5b973076d9,0
mame/hiscore/heartatk.hi,39,fdd1a3da968f95787c1dcbd57604dbb15c40fb9a74a9479b2fb0e04472f98020,0
mame/hiscore/herbiedk.hi,28,295fd058ed250a724c0c8200b8b864ea5d376d62ebcb653bdba68f59c3c5695e,0
mame/hiscore/hero.hi,39,012d5c747925bdc84413dbfbe9c7707f07de23f999dc717e790feefc7c89ba36,0
mame/hiscore/herodk.hi,81,2e79ed2332a0609404012e147a0c84e80c2ccab1eae47beb847f56eae5615f38,0
mame/hiscore/herodku.hi,81,2e79ed2332a0609404012e147a0c84e80c2ccab1eae47beb847f56eae5615f38,0
mame/hiscore/hexa.hi,2,e4f60d0aa6d7f3d3b6a6494b1c861b99f649c6f9ec51abaf201b20f297327c95,0
mame/hiscore/hexaa.hi,2,833fd966c7340bc6f6b156b0804bc0c8ccab64518536bcc9e861c9c4bd1f126b,0
mame/hiscore/horshoes.hi,5,5f9fdf43b18d4cd73c4d2d4305d1f51ad841f455a76e0a21a7beeeb3d1249993,0
mame/hiscore/hotpinbl.hi,49,686739a8c99062d58c80a513431efb5440da2b728eafabcddda235302e999610,0
mame/hiscore/hunchbkd.hi,81,b9556d3b0ef1b6c2c98ee10cfbd81367891060a968c86499f9914d85d5cc8236,0
mame/hiscore/hustler.hi,19,c61f6e94493c5f90f1cec0aff2a8f2c8711c9a2fa1fee5708eb31e8a542e582c,0
mame/hiscore/hustlerb3.hi,19,c61f6e94493c5f90f1cec0aff2a8f2c8711c9a2fa1fee5708eb31e8a542e582c,0
mame/hiscore/hustlerb4.hi,19,c61f6e94493c5f90f1cec0aff2a8f2c8711c9a2fa1fee5708eb31e8a542e582c,0
mame/hiscore/hustlerb5.hi,19,c61f6e94493c5f90f1cec0aff2a8f2c8711c9a2fa1fee5708eb31e8a542e582c,0
mame/hiscore/hvoltage.hi,490,6a54a3126ea8940d8edc644efa80681e2ce08957fb2576474fe071987854ba72,0
mame/hiscore/hyperpac.hi,40,75af5f6671b0d38796c278dd1eee111d7079af6ff94ab5d9be6f7c5f5fc3cbfb,0
mame/hiscore/hyperspc.hi,54,d14a580c65b45c539a08a641ba4a9d126bdad77a863871d7452eb61812640900,0
mame/hiscore/hyprduel.hi,61,0a77eaf5ff37c97d7e258cded1c1153bbe8996bd38ab2b0c149a0d7ca267c981,0
mame/hiscore/hyprduel2.hi,61,f15011a280b837f064643d5d34330f803d3bceb4bf3763324810ebbb129c747f,0
mame/hiscore/igmo.hi,61,3353f359d1be81f02d2621b533987449b3104c16497963121b6d39f87d07f281,0
mame/hiscore/ikki.hi,36,8688cc1ea5873bee6b53e3799abd9afd966c5c6cdcaa39f65261c849d4d2815c,0
mame/hiscore/inthunt.hi,216,3667f80f34dbad3d8416dab780617ada62845c5e7ad3f53663a49659879a3b7f,0
mame/hiscore/intrepid.hi,63,4de5a580a9eae74f735da1e14902e114d3d4a6b3ca34c973080a0f8a6637d860,0
mame/hiscore/intruder.hi,2376,32fa809d9298c32b2366a778553cc65dd9fe0cb7641ac962e83e697f88767f13,0
mame/hiscore/invds.hi,230,e196ff4ff2443de1800bafa146c1423a972506db35cdfbe8dffecbae6b10e0c0,0
mame/hiscore/invho2.hi,40,ae709261f4288593e2dbe1f1f25c2dff969af30dc922c06489a06c7a194db9ff,0
mame/hiscore/invrvnge.hi,3,bab255a1c5fd5c8e8ff782ecc6e27b14d6011b65aa2f0725c387ae98120ed257,0
mame/hiscore/iqblock.hi,43,7cc061e290937bf16970732de57921feb24fe4e77921d569421c3424fc7c44e8,0
mame/hiscore/itaten.hi,31,16bb13b2b555d30cc2eee9a0d9e3270edf8a72b7d1ad48ea0aaff7f478a8b53f,0
mame/hiscore/jrpacman.hi,10,8b416458834be509de021fe8ef5a09d69ba2c45895014d814bbc34eced1117f5,0
mame/hiscore/jrpacmbl.hi,10,577ad4aa8ca6f20a709b4e5af52d3b6a8fde6b08f874b515ff6eb2b6860784d9,0
mame/hiscore/kamenrid.hi,159,5df97e98636dab115a848d9319240ec9d07746133f4badaa9565809db8a684e8,0
mame/hiscore/kamikcab.hi,124,02192d80b8d6f468a3fa8b8e9e4349a792001c95fc9e8729351922f25396e37c,0
mame/hiscore/kangaroo.hi,67,639d8ee74aefcbde8618a6e68dae47060724bc3ac2eeeb86184c17c1030ab2a9,0
mame/hiscore/karianx.hi,104,39f37f8d1931b3bdf767e7510dd69509fbf23af1f7654933d0a4d291cbdd4418,1
mame/hiscore/kikstart.hi,3,2b657b4908dcb4ac9d65162cb17b02301da011245a0400441ddf51296ce7fffd,0
mame/hiscore/kingball.hi,7,837885c8f8091aeaeb9ec3c3f85a6ff470a415e610b8ba3e49f9b33c9cf9d619,1
mame/hiscore/knights.hi,605,95d894130ec9ed1dccf18a36fd365a8e1a4fbf50590191aa9865ee434fc8e020,0
mame/hiscore/komemokos.hi,10,f46f1ab6cb1e7cefe18914bde6a95e7e84095846993e321381a905ca5826198e,0
mame/hiscore/kouyakyu.hi,123,a92e985af54cdb581649b87f34b1537e6f2150ceefd9f97538bba2e9ee3df9c0,0
mame/hiscore/kozure.hi,44,eeb7a3e4894f25b3e8f0422298ec8fabe07c50e27ee3a947de54754d6dcfca65,0
mame/hiscore/krull.hi,259,97b56bbbf3de5131a1b6b076def1f00ea37c300822d123d5b77ff148624e0c2b,0
mame/hiscore/krzybowl.hi,100,cd00e292c5970d3c5e2f0ffa5171e555bc46bfc4faddfb4a418b6840b86e79a3,1
mame/hiscore/kyros.hi,178,f5c5cda552288a2786e072225ebd4005d22261925664cba7b9edf6d09d53440b,0
mame/hiscore/kyrosj.hi,178,8d4082fbbd394a9028b6210afa85e20e0018ce5ab5b03c9fd67677c48da5d661,0
mame/hiscore/lagunar.hi,13,c21b851db138ba861c202fef35b77e224756cca3ce2548ef2bb33a84faa15679,0
mame/hiscore/laser.hi,2376,665ed7ed15d1e5c5ce63447837cd1cb082d8a8c8e1099ebfae44cc7dc746fae6,0
mame/hiscore/lastday.hi,128,5f97bbcec2d728520ef77de78a164aac112452a614a47f99d1c0faf41405ef53,0
mame/hiscore/lastdaya.hi,128,5f97bbcec2d728520ef77de78a164aac112452a614a47f99d1c0faf41405ef53,0
mame/hiscore/leds2011.hi,156,7ebc8dcbd28df84160c464268d98526bd8dfbc2350658c2b63b4170d88f2b972,0
mame/hiscore/leds2011p.hi,156,8ca5d7f89b67859f5e2f0ceb3e24a372472b06e708bcac218619ad54a7231581,0
mame/hiscore/leds2011u.hi,156,7ebc8dcbd28df84160c464268d98526bd8dfbc2350658c2b63b4170d88f2b972,0
mame/hiscore/ledstorm.hi,156,65ef4be694b0835da51571bbe4a4a2bf0259f7108e59b4b416eca32246cd4d13,0
mame/hiscore/liberate.hi,113,41573f09043fc2962be03d592fcd10c2f96379556819c1db1279f73ac99e5dd2,0
mame/hiscore/lnc.hi,39,7aa9bd4fad05e399e6e82cb35a79607e258bc6f1659616076439c73eba0ba0e4,0
mame/hiscore/madalien.hi,234,692d6a50de14027b91f5635fce576c6d9f739f343dd89440d3fe6f539f039f14,0
mame/hiscore/madgear.hi,156,65ef4be694b0835da51571bbe4a4a2bf0259f7108e59b4b416eca32246cd4d13,0
mame/hiscore/madgearj.hi,156,65ef4be694b0835da51571bbe4a4a2bf0259f7108e59b4b416eca32246cd4d13,0
mame/hiscore/magipur.hi,172,40359a02ea3d3bbb19b9c878cce33ade6e9e65880f0215404d1dec83e434fbda,0
mame/hiscore/magix.hi,131,8201810e10e971f664ba25d25ea80ac76923056d389b22467bba3d199c41ddc5,0
mame/hiscore/mario.hi,233,6f36e9c9162c707a4c5065e9ed04f8c823d629581c20544f11a7fbffc1702510,0
mame/hiscore/mcheonru.hi,287,4759d2204400bd995b5177aabb405996fd1b5a008db389924e507c63a51ddc57,0
mame/hiscore/megadon.hi,75,cfcf0c7c13f78237cde9298fa2bc19e9d78e87578b959a73623579f8a5879e6c,0
mame/hiscore/megazone.hi,141,113aa46e627ebe5b830209bffa828dfdb53a326bd11e51ce648183d4f34cae0c,0
mame/hiscore/megazonea.hi,141,113aa46e627ebe5b830209bffa828dfdb53a326bd11e51ce648183d4f34cae0c,0
mame/hiscore/megazoneb.hi,141,113aa46e627ebe5b830209bffa828dfdb53a326bd11e51ce648183d4f34cae0c,0
mame/hiscore/megazoneh.hi,141,113aa46e627ebe5b830209bffa828dfdb53a326bd11e51ce648183d4f34cae0c,0
mame/hiscore/megazonei.hi,141,113aa46e627ebe5b830209bffa828dfdb53a326bd11e51ce648183d4f34cae0c,0
mame/hiscore/megazonej.hi,141,113aa46e627ebe5b830209bffa828dfdb53a326bd11e51ce648183d4f34cae0c,0
mame/hiscore/mermaid.hi,6,4109e4fdb73a2e176a1fdfe7e2e4e733e7109fa628839611a545c0b88370ff32,0
mame/hiscore/metafox.hi,140,c97ae448c814bf5c51b6e58b32ae49e0f0dbeefeb18260e2d363a16b428a7983,0
mame/hiscore/meteora.hi,84,6754714191601a01e0d675147b1bf9909dddacf6ef222a1d69c334f2532386cb,0
mame/hiscore/meteorho.hi,54,80dafc96bb1a2d2e19ffd788f98299f2d5ea07d07b4d065d9429b00b948ded2d,0
mame/hiscore/meteorts.hi,54,d14a580c65b45c539a08a641ba4a9d126bdad77a863871d7452eb61812640900,0
mame/hiscore/metmqstr.hi,256,223a6ca18f8b806c0c79aa3f05b728c61cc360fef2e4eb475b528ead28a35f47,0
mame/hiscore/mhavoc.hi,71,e346d761077aa7e221cb0bb27a42b687563e857fec60fe19b395cba02efbd87c,0
mame/hiscore/mightguy.hi,117,93848397ce0ba8f838f6a09da0e12cdeb8a214666732899ffa9954895b29fc57,0
mame/hiscore/millipdd.hi,31,8bcde03fc748446c8e99b027e88282ebf809d9c6253025a6992229871aa02f16,0
mame/hiscore/milliped.hi,31,8bcde03fc748446c8e99b027e88282ebf809d9c6253025a6992229871aa02f16,0
mame/hiscore/minefld.hi,60,8692f5f5944d26f2a3b1d1b95acb35ce97008d753184ba483aa82a84a9268f3e,0
mame/hiscore/missile1.hi,48,d0525f2f3694a3838c90bc8cb4035a37c00bbb1327626b832f2b1d24302095b8,0
mame/hiscore/mlander.hi,13,4a1c8d6fb41a3c103e6bd0f15f2c3b634848a1c1ef19ea6b575f84105c3f1a63,0
mame/hiscore/mmaze.hi,43,a6fa5642c305423b6956d6a192ffaf3d5db763845c17f815789f68af9ecf50d6,0
mame/hiscore/mmaze2.hi,43,a6fa5642c305423b6956d6a192ffaf3d5db763845c17f815789f68af9ecf50d6,0
mame/hiscore/moguchan.hi,6,c57ee7f26c0175f6984f21dec222e1e5751febc8f1946551ff6bfbe2e9190ba1,0
mame/hiscore/monsterb.hi,4,e084a105a7b7d599b8346d3cba5ac51b756d7e29c7ef77fd9eff31fdeae31389,0
mame/hiscore/monsterb2.hi,4,df3f619804a92fdb4057192dc43dd748ea778adc52bc498ce80524c014b81119,1
mame/hiscore/monsterz.hi,9,dabb51d79aed1c01acbaedf318b5af6ef311591b399dac40aa6b23e2e0bf2570,0
mame/hiscore/monymony.hi,75,616494bb4da315cca6f78210e3fdce127868c12df253343cbb139e0b71ae36d7,0
mame/hiscore/moonal2.hi,6,e02fb48b3eb9aaacbb77bd1b1bb218bfefb01909c37c9b26fcc17309058389d8,0
mame/hiscore/moonal2b.hi,6,e02fb48b3eb9aaacbb77bd1b1bb218bfefb01909c37c9b26fcc17309058389d8,0
mame/hiscore/mooncmw.hi,84,3328ba232f32025533b01f389faf4ba0ab090690d0bba068e3696a3e07c7f994,0
mame/hiscore/mooncptc.hi,84,6754714191601a01e0d675147b1bf9909dddacf6ef222a1d69c334f2532386cb,0
mame/hiscore/mooncrecm.hi,84,6754714191601a01e0d675147b1bf9909dddacf6ef222a1d69c334f2532386cb,0
mame/hiscore/mooncreg.hi,84,6754714191601a01e0d675147b1bf9909dddacf6ef222a1d69c334f2532386cb,0
mame/hiscore/mooncreg2.hi,84,6754714191601a01e0d675147b1bf9909dddacf6ef222a1d69c334f2532386cb,0
mame/hiscore/mooncrgx.hi,84,3328ba232f32025533b01f389faf4ba0ab090690d0bba068e3696a3e07c7f994,0
mame/hiscore/mooncrs2.hi,84,6754714191601a01e0d675147b1bf9909dddacf6ef222a1d69c334f2532386cb,0
mame/hiscore/mooncrs3.hi,84,6754714191601a01e0d675147b1bf9909dddacf6ef222a1d69c334f2532386cb,0
mame/hiscore/mooncrs4.hi,84,6754714191601a01e0d675147b1bf9909dddacf6ef222a1d69c334f2532386cb,0
mame/hiscore/mooncrs5.hi,84,6754714191601a01e0d675147b1bf9909dddacf6ef222a1d69c334f2532386cb,0
mame/hiscore/mooncrsb.hi,84,3328ba232f32025533b01f389faf4ba0ab090690d0bba068e3696a3e07c7f994,0
mame/hiscore/mooncrsl.hi,84,6754714191601a01e0d675147b1bf9909dddacf6ef222a1d69c334f2532386cb,0
mame/hiscore/mooncrst.hi,84,3328ba232f32025533b01f389faf4ba0ab090690d0bba068e3696a3e07c7f994,0
mame/hiscore/mooncrstg.hi,84,35eaf64c46c0d253a6afd5abc4f8867e27a79fa2affd67e2c4f31063e21809c0,0
mame/hiscore/mooncrsto.hi,85,221c1a44c552397dad4bf1e3029b56c739401692ba906f741d42a3429e268bc4,0
mame/hiscore/mooncrstu.hi,84,3328ba232f32025533b01f389faf4ba0ab090690d0bba068e3696a3e07c7f994,0
mame/hiscore/mooncrstuk.hi,84,3328ba232f32025533b01f389faf4ba0ab090690d0bba068e3696a3e07c7f994,0
mame/hiscore/mooncrstuku.hi,84,3328ba232f32025533b01f389faf4ba0ab090690d0bba068e3696a3e07c7f994,0
mame/hiscore/mooncrstuu.hi,84,3328ba232f32025533b01f389faf4ba0ab090690d0bba068e3696a3e07c7f994,0
mame/hiscore/moonqsr.hi,48,cea9d54bd24844ca2219fa73834eac958d0bf024cf955f57f6ed5e8404ff4850,0
mame/hiscore/mouncrst.hi,84,6754714191601a01e0d675147b1bf9909dddacf6ef222a1d69c334f2532386cb,0
mame/hiscore/mouser.hi,171,a2b8e59cb40b2e7e44012e4ecbfa47f3553ec2c6db5332a66dc6bf7207a77eb4,0
mame/hiscore/mpatrol.hi,44,9ce99e682783bfc6aa271dd527b34a573196cb9b8101b3e451e7ff8c2be02262,0
mame/hiscore/mrkougar.hi,24,b207718258d4215b76f6aff811933be5df0bb23632c23085fb34d9eb20d275d1,0
mame/hiscore/mshuttle.hi,88,3598f09445b76046831151ce3400626e80780307ddb4d2adfd4cc28cc33dc962,0
mame/hiscore/mslider.hi,169,0d78bb892f8e8f06369267c102968d86b5706235de4925e28efe291eff8114d2,0
mame/hiscore/mslug2.hi,99,0540143c9c76669e4b300376145bce249f92d6569d9fd8597f9f12cc4a602fde,0
mame/hiscore/mslugx.hi,81,6778c7c7b6b6c1c273e668169a7652a681da86ad62d03f7c5aa120405069feb2,1
mame/hiscore/mspacman.hi,11,496c90647bb9c4340af9d5c05bdbe163162a063eb135f84e5893d2f778be3887,0
mame/hiscore/mspactwin.hi,17,17285f96f97b8a86b235b9c94dc569872fd2b8f656ad706fa820fadd89aff576,0
mame/hiscore/mstworld.hi,161,c6965e276ee1214a8c4309bd3570efeb2c8902fe97d2694743f93b1136f4b943,0
mame/hiscore/mt_cols.hi,142,8ff05f967c2226bdf2b02061feb3b12de7e4dbed7b7536501fc1204577013db2,0
mame/hiscore/mt_eswat.hi,3,89e54931541ad02b0fea03f7e45e21f01244a2dce81c970da88985a68b32bed9,0
mame/hiscore/mystston.hi,68,a6891ddb6dcff887ee591ccb9a168e988fedbae0389a625a8cc03a37dd805d1e,0
mame/hiscore/nam1975.hi,79,ec1b926840210851d3cdb85e5d1ed9c3a52bb23d4182c3e390fa8c0c17725fea,0
mame/hiscore/naname.hi,79,7cdd28d29b6dd0ec162ee0a716f1895a43c2b678073718192d7c1f5655a5cb93,0
mame/hiscore/netwars.hi,14,95a9f9c2f0cfeba0bdcad84a87a72204e87d5e670fbb79da977e3cb2a36e1ba0,0
mame/hiscore/news.hi,8,2907c65579b56a4f8def8dc78eab9b754c04188d6b4787accc0e44686e4e5ccf,0
mame/hiscore/nitedrvr.hi,13,43a2235e4f9b68e8ef103c0612aa693ecd574e42523fc0c76e94cfe74097eab1,0
mame/hiscore/nmouse.hi,11,3daf7d4c0a1f7ea902541cac27c55f482ee3114b11763ec2bdcbd6934f5231c3,0
mame/hiscore/nmouseb.hi,11,fdab7845b2c66738a63e293201d4a097c9db363b95f1a704685ca5bbc874ec45,0
mame/hiscore/nomnlnd.hi,1731,a0253f4c9739a8e5725f7c1e56aa3488e218942f75b2686aaf80e6f462cbeaff,0
mame/hiscore/nomnlndg.hi,1731,ec3cc77ba353e754a7ee1277a6f28b3c450aa7f66c2b454e29654842b049110c,0
mame/hiscore/nostromo.hi,10,da0690201767c45c76a888f4ec3ccf6437afa98857b88a7ba66a99ee394e4066,0
mame/hiscore/olibochu.hi,13,f90b11bdc5f9b1f80984231ce1044fae83ae862b6c86326482007a3fa6ca210f,0
mame/hiscore/omegrace.hi,127,78fc6d65e682a5a98416a17f6cb85c0cc34de9977374d4166d7c19eb649dc9eb,0
mame/hiscore/orunners.hi,60,439c6f3708490b7f27dc2a60f1b1915d683d575a7ff9c609ddcc0f79ae0d38e4,0
mame/hiscore/osman.hi,239,c3cea4eca82e98219ff5d980b272584f6f0d1708c5ae51338d4304d97d0028b1,0
mame/hiscore/othunder.hi,1081,dab21efdef8ec491fd1e6dd5cce302361df69195dffa1c64c90533e1447dd33e,0
mame/hiscore/outfxiesja.hi,62,1a46e198f48d0f8c29917fe844163ea0a8ada80ad2b03c7b6c28e62e7f827538,0
mame/hiscore/ozmawars.hi,2,8f67d6297ed1da42e485a7330c18cac5f4bf223d85ddccb1dded039a40571849,0
mame/hiscore/ozmawarsmr.hi,3,709e80c88487a2411e1ee4dfb9f22a861492d20c4765150c0c794abd70f8147c,1
mame/hiscore/ozon1.hi,81,a0ffce77f24f0319a3d0211bde8f0262c96bc14c4892a1017860b2d09714afad,0
mame/hiscore/p47aces.hi,120,edd10a4afbca6965d5cd01f2e01046a57e374cb9762cd9db74b1f3a5c4e0977d,0
mame/hiscore/pacmanblc.hi,9,9540c57df9a7f16fe04aac1b7476252c0ae9a90676d986b219b2e0ffbeff763d,0
mame/hiscore/pacmanblv.hi,10,d1f3c61bd582b75c8f9b80aa83864942be37bfdbf93b43d6a19dfec0ebf49c66,0
mame/hiscore/pacominv.hi,3,cf7605ed1bc735f6c825554154627467e1cac9df54cee8699218ed434603c568,0
mame/hiscore/pacominva.hi,3,cf7605ed1bc735f6c825554154627467e1cac9df54cee8699218ed434603c568,0
mame/hiscore/pacplus.hi,11,4daeda11c10b9202d82cb344207b859ea35f1d5034ec5b954e7bceaefe897e3b,0
mame/hiscore/pairsnb.hi,4,96cd6aa9fabae214cd6b7e52c31d332ece11d711a8093840b1d9a9c2c53ac5c7,0
mame/hiscore/pairsten.hi,4,96cd6aa9fabae214cd6b7e52c31d332ece11d711a8093840b1d9a9c2c53ac5c7,0
mame/hiscore/palamed.hi,46,a3e3c49369a3b561706f294142ef1522b2c2d0fad8d3e07555c5e4946e340841,0
mame/hiscore/panic.hi,19,200c6e02d8467b5dcb06cc0ce22c0c16ba324ffdb6ef4238705130983edd9de2,0
mame/hiscore/pbobbl2n.hi,275,04edc1ffb88a295b756d515a703a9217092aa90f5e088d75ff555d1c242bb795,0
mame/hiscore/pbobble2.hi,276,d88dbfbef0ce76423d6e0b748fe233931462e0f3843609c17d70c8a99b7fe227,0
mame/hiscore/pc_1942.hi,13,a7d41baa51308f5878fe534ac32bbc764288a4113ac7e37b82fa522deb2bd433,0
mame/hiscore/pc_bfght.hi,23,9102aa4e275b260db5a8a3655b16356bad88207b0f56c3136cf27a88e16c1587,0
mame/hiscore/pc_drmro.hi,7,7b6d2f8ee921a4d068eb7f42d9f2c7bcf5b224e0844ea59f36b9d5346a6eea4b,0
mame/hiscore/pc_duckh.hi,16,8c6b5c6ada171cb556bc2817ce174950123ddf1970f656dfa801f4384b97aaaa,0
mame/hiscore/pc_golf.hi,10,a58c1dfeef0d74d5ad06abbb65f356cd3a38948fa26ad96cd1b3fd562ae7ca1e,0
mame/hiscore/pc_grdue.hi,11,6ce1712504d1304f24df816679c0c986f2c40600967f369e6136e2f28d058698,0
mame/hiscore/pc_grdus.hi,11,a40ed15ed2cb9fdfd1a586c4e35b364642aeb11d430fdb26858fc300b01036e1,0
mame/hiscore/pc_hgaly.hi,18,6d6a25be42ec222d535ae97fe73082752d42b1eb3b7fd6c477cf3189928b3edf,0
mame/hiscore/pc_kngfu.hi,14,5247b3513256d89610bbeab9dc3b9f8029dd399ee5cbe83f0b37467cecf36c9e,0
mame/hiscore/pc_mario.hi,4,03e3c2420f5066a5fa6e36735ed8cc4f6a251046263e1a6024f009deeee3b952,0
mame/hiscore/pc_rnatk.hi,4,5525cd3cc061015181e12da6ea2382e37af429821c44be7377d25a45f51db60a,0
mame/hiscore/pc_suprc.hi,4,2c6fcfe1e16783165b1d40291fa9d1276dd74642dc759f3bc9539cd863d8909b,0
mame/hiscore/pc_tkfld.hi,36,4c321a76713e31f6182adf815d6b2ed7c0efa80f3fcc2b4c8b2f4ff75b8eae4f,0
mame/hiscore/pc_tmnt.hi,4,1320281aa20eedf2c08c101c682264c48006536fb8366cf913ffc915e160d114,0
mame/hiscore/pc_trjan.hi,13,e5f604522d6e9b6281e0a2b9f04ed1adca2740b13df3cd91fdefc69f42753e50,0
mame/hiscore/pc_virus.hi,7,d417eba9efda5a65e8c150af6ff4dd49726f449b9c01a23141c5b050831dbda5,0
mame/hiscore/pc_wgnmn.hi,12,3e12a6deaf5015363ec16c5c0838f83d031790d6326b682cafb45ff3ac7439aa,0
mame/hiscore/phelios.hi,89,14395fc6f9af7f3b56b636b637bec0a8e41b70c2ebb5a7531ca271bc419831ff,0
mame/hiscore/phoenix.hi,27,e1e2eb775e04ce6e88939f2d0a89bf6682107e343d4e9b5668fafb2e528422fc,0
mame/hiscore/phoenixc4.hi,27,abfcd26c270c2fa5a5cbd24038bfa14b00ac85531ba3dca26c0928e18c4fce2e,0
mame/hiscore/phoenixha.hi,27,abfcd26c270c2fa5a5cbd24038bfa14b00ac85531ba3dca26c0928e18c4fce2e,0
mame/hiscore/pignewt.hi,127,152ee38f452d8457b7077e3b6e4ea622e6b40a3084f32575991bcd5526869180,0
mame/hiscore/pignewta.hi,127,99047dc143d260ddb016de5c432626a10d5b0606dadd2b3101a4a2b24fb4ed8a,0
mame/hiscore/piratetr.hi,79,867b8c8389f2acaa7ede4248c7ed5466c237369cba20967aa13cb30d4cbdf1a2,0
mame/hiscore/pisces.hi,3,69c492e24afa52c556de5ea70e1b5d7da3f0bc7a5a7fd1d413444c1a42a7e9b3,0
mame/hiscore/pistoldm.hi,39,fc4c1a7707bcc1b45727626a83a75e69104f5964c1e69a299415adcb1863ffac,0
mame/hiscore/pleiads.hi,27,abfcd26c270c2fa5a5cbd24038bfa14b00ac85531ba3dca26c0928e18c4fce2e,0
mame/hiscore/polepos2.hi,2035,e75b5da3e6d23376f4481904c95d95c846520d218d8ee0a53ece00eae950346e,0
mame/hiscore/polepos2a.hi,2034,81e4450f8bda5dc30dd87a50ca865a09a36267c4ccd8b25a98a61c7ab40cc95c,0
mame/hiscore/polepos2b.hi,2034,81e4450f8bda5dc30dd87a50ca865a09a36267c4ccd8b25a98a61c7ab40cc95c,0
mame/hiscore/poleposa1.hi,2035,37c108264d65b4d566ac67a244ee8d9f4a0e2c1529d27e4b8e87e5bb715d6255,0
mame/hiscore/poleposa2.hi,2035,37c108264d65b4d566ac67a244ee8d9f4a0e2c1529d27e4b8e87e5bb715d6255,0
mame/hiscore/ponpoko.hi,29,28749c47229bc7894653be678de70d304a33a5ce2f5cfb7b57acfb303fbecf61,0
mame/hiscore/ponpokov.hi,29,019116accb63cfd74bde610e6659e5f409534aa12aaf3e5246710bbd40e44039,0
mame/hiscore/popbingo.hi,127,900e69021683aea75c95572cd424d17f965095940029ef9ff0bb964a49995fc8,0
mame/hiscore/popeye.hi,45,013bbf08392e8cf42a9e6a4588c6a3f39bfcbb6035dbafe51df2c213cc6a50ab,0
mame/hiscore/popflame.hi,12,759afe2c00e4bd06b0a568afcf3478c72460ec24f0e435f0687636e1c88b2264,0
mame/hiscore/progear.hi,229,f926e597ba3edad18c26f072f4a7ce15efbf2a05be1f46ddb2d57af046bd928e,0
mame/hiscore/puckman.hi,11,5d6e7899e97a8c74febb389bedf3d8837d6ff136b13b6d3dfe4ec0babebac1c7,0
mame/hiscore/pushman.hi,84,71c9a5c27f855d4be818ebfaae35f98c080f184888cd5d316be7175cbbe8c610,0
mame/hiscore/pushmana.hi,84,71c9a5c27f855d4be818ebfaae35f98c080f184888cd5d316be7175cbbe8c610,0
mame/hiscore/pushmans.hi,84,71c9a5c27f855d4be818ebfaae35f98c080f184888cd5d316be7175cbbe8c610,0
mame/hiscore/pushmant.hi,84,71c9a5c27f855d4be818ebfaae35f98c080f184888cd5d316be7175cbbe8c610,0
mame/hiscore/pwrgoal.hi,135,7f0f666114ed7e62488fc278289986533c584b82d6cdecb14f7c8907c74e15b0,0
mame/hiscore/pzlbowl.hi,96,e4c5c2e7942dfcbc2bef8fb5cca69a83e89b7ebb2914ac2c4ef0fd1345356134,0
mame/hiscore/pzlbreak.hi,53,8f25ca79c7affa14cd85685a756920074025a536a61300001838e1b79e8d9ce4,0
mame/hiscore/quantum.hi,4692,004ce24debdeb6192270dfadef8979b5c7bd4b453c1d63c4361435e43d530d8a,0
mame/hiscore/quantum1.hi,4692,26cf86272ec0a1f42eaeb5bb0ad6aaefecde4177e8592033c9dda82a4b2db1d6,0
mame/hiscore/quantump.hi,4692,79833159b58de8381ac871b77611351b31bca6fd32fed084a5f55a1cf62cff4d,0
mame/hiscore/quartet.hi,792,3fbbd8e3a2761cbcd80613a760c00058bb0fc935043414ebb7b6d89bd51addef,0
mame/hiscore/quartet2.hi,792,8fbc002d9a4b22a4281759d9bdbfd3df8ccbf8e2841934d27cec82e0f9c81ede,0
mame/hiscore/quartet2a.hi,792,373c181ce8ed3256956877d28bfc08527702da401135ccef8f15dd1b2de44f4b,0
mame/hiscore/quarteta.hi,792,14c862d9acbd56566a410e39ead1f18ca49b9dee241d16f6abbbb07c4c818323,0
mame/hiscore/r2dtank.hi,4,df3f619804a92fdb4057192dc43dd748ea778adc52bc498ce80524c014b81119,1
mame/hiscore/r2dx_v33.hi,719,5a8213bdfd930b05e2d12d275d5f5a22469be6923a18eaadd8dcc29d7e895acf,0
mame/hiscore/raidendx.hi,719,5908b420ddbe6263023ac0a6345845aa45a6adfedc7dc3214904a376910a6de2,0
mame/hiscore/raimais.hi,48,954b1f7cca9d51469b663d5987a9657adc5d4d1e211855f5af4a9565708cd918,0
mame/hiscore/recordbr.hi,480,15e608fc749844385fd0a55848f09c54d9415437568b37e12fcddf1aab7fb9dc,0
mame/hiscore/redalert.hi,15,76f32be31a77ae0f6c8386e89d096a56079974e83895d3e43d623619480f6119,0
mame/hiscore/redbaron.hi,36,6b9e32667f12b60c108f48d7b63eda8cf872e2954133a999864e170d8456b405,0
mame/hiscore/redbarona.hi,36,6b9e32667f12b60c108f48d7b63eda8cf872e2954133a999864e170d8456b405,0
mame/hiscore/redclash.hi,16,8f34369fd9456dd89efe4d992fd74c2009c9c6a576e2090ee9bc2c7e6ebae933,0
mame/hiscore/redclashs.hi,16,8f34369fd9456dd89efe4d992fd74c2009c9c6a576e2090ee9bc2c7e6ebae933,0
mame/hiscore/redclasht.hi,16,455fd044784899158ca961bf3955c7596d1aa7202ac8bc1d9ed97bf9ecf8675a,0
mame/hiscore/redclashta.hi,16,455fd044784899158ca961bf3955c7596d1aa7202ac8bc1d9ed97bf9ecf8675a,0
mame/hiscore/redufo.hi,3,d18c1171f238914f2dd7bd57b4c085274820df124179efd43ea75d404658f279,0
mame/hiscore/regulus.hi,63,b62d030e89a74a813db6c7db8b537333f0fcdc36dd0bad7fcc7dbb2ed3575299,0
mame/hiscore/repulse.hi,95,869225548eb3cf66bbe174809e05e3d40f6f4e01d1241ad44589114da8b70ced,0
mame/hiscore/rescue.hi,60,a8dca55bf46b8a6142ec54e265efebf3d4cba20ccc68196c65a9aded325d4eae,0
mame/hiscore/ribbit.hi,295,8ffe87cc8f0492d93b64b38e9a79da2de8066ca8a8481d3efd9f0d58f8fe1bbb,0
mame/hiscore/ringrage.hi,688,09bb3c9b1801f2958633292d068cc81b53d3891e76115e5ee0503a870175fd45,0
mame/hiscore/riskchal.hi,442,47de703acfbde82584b345ef4babb33af8e0ba48fe3be7b9601df5767a8fc24f,0
mame/hiscore/robowres.hi,122,0b2941befc74f93ac4457cdd8d7ef16633aa00d330d3a481a2041c2999850593,0
mame/hiscore/rockrage.hi,82,aa199e7e52b7804e1948e9ce5287ae042822dd717fac17c6cc58fe7dc9a2ffa1,0
mame/hiscore/rockragea.hi,82,68e538aba246bcd400da64b768bdaa66341ba405d385c0407c30d134e565f0da,0
mame/hiscore/rockragej.hi,82,b7752ace7856edf8300ac176426d0b31aacde7307e97ca3f36607f2c44f945a9,0
mame/hiscore/rodland.hi,570,ac49afc0654760eff6a68b407ed082454424ae6c466a72f16f41a7e11baef8c0,0
mame/hiscore/roldfrog.hi,81,6778c7c7b6b6c1c273e668169a7652a681da86ad62d03f7c5aa120405069feb2,1
mame/hiscore/roldfroga.hi,81,6778c7c7b6b6c1c273e668169a7652a681da86ad62d03f7c5aa120405069feb2,1
mame/hiscore/rollingc.hi,15,2ed40b1f2cd284e2aea9cf9ffa14df2dbd3b9b0f11019d9ba78963f67fbf249c,0
mame/hiscore/rtype2.hi,144,7c08adfdab99fc9bb6701d9b515d2caf91eab5f9e05b1240bba2d599b866574d,0
mame/hiscore/rtypeleo.hi,66,d440e986564a2fba93d4a1fb5db6b062bbafa431f39bc559bf0e291b3c352806,0
mame/hiscore/rumba.hi,10,d3feafcb255f136faf373c7d1c22a9cd3f93c65355c1bffc848ab2d199bc8ccc,0
mame/hiscore/runaways.hi,9,4f8f235c94bc7a46611dce30130fe7008d64aae2c7ec12ef6842f5a16d5619b5,0
mame/hiscore/s1945.hi,120,2e4891120c0dc0c3599b108d49bf5427e97ac2745531e5717910eb4db33babf9,0
mame/hiscore/s1945ii.hi,100,065a2473f08354cad585ec29ed32165b1df21cc0c2f15e8f1a4d6f4557f686f0,0
mame/hiscore/safarir.hi,12,421cc32f4b99c2b095cfe90baebdae43ae56776f0bd0007f315c3249745b6048,0
mame/hiscore/sagaia.hi,1099,50f076becdb4bf0a4df34e9acf26b8e658ae8466a0416327190189e9c8580e97,0
mame/hiscore/saturnzi.hi,40,454f2442cf3ee0824fa2f92b6a2dfd11001e69464fd3b64601ea54fa2f593ae0,0
mame/hiscore/sauro.hi,180,18c5d7cf00c2e6eafd52735d071ad854a82bc9defbe0f911e0e9b232f028c9d9,0
mame/hiscore/sbasketb.hi,414,5840f84efd1d1745fc9f777359f25ab8c823bee2eb130ca24e4a06b81fe7284f,0
mame/hiscore/sbhoei.hi,15,dd93a8b32e9f6db194c9ffb7c2e45740abd6527435562d4cb59eb5764de1eb67,0
mame/hiscore/schmeisr.hi,121,19d100c9c1b08739dbfadaf6ef5013070afeca7c6f2e3e22f866e0857d891cd5,0
mame/hiscore/scion.hi,87,53dea65ab085f56d4ed955fd96b0332c72f6d31800076537a0193f2ee0c33698,0
mame/hiscore/scionc.hi,87,9f5e08c299c7bd2fe121818bcd0fb6f39bab3395a16fe55f34dd0e076f641ef2,0
mame/hiscore/sdfight.hi,79,95d5af6da78f25b7cf45684822a771ffdf5b9ee4ebe8fd3f7fb88b3215ac0a25,0
mame/hiscore/selfeena.hi,60,9200ac7a18f1d86928fed2a16517b71542cae56fff4a62288a61dd4b82a9c9c5,0
mame/hiscore/senjyo.hi,67,a16584c2deb7cf495ccceb3107e5fc458ee174780deb87eef197b12aefcd49d3,0
mame/hiscore/sflush.hi,33,30bb0caff5b7a19e512fc85d992a543ef53892eca244d514331856c4518cecad,0
mame/hiscore/sfposeid.hi,3,709e80c88487a2411e1ee4dfb9f22a861492d20c4765150c0c794abd70f8147c,1
mame/hiscore/sgunner2.hi,448,413b93a8c103d8756116173c36084dff1b8b534ad88444031545a272f6018f1a,0
mame/hiscore/shdancbl.hi,5028,9b0ec945d184a7d08ce54cb3ac3ab89534d7ec0ecc4321e9cd24ab8a24dd368f,0
mame/hiscore/shdancer.hi,5028,1d2fa6640d68971480c9197cf266e9f9d8ba492a9b9ee64585a2bf5f30e2b3f6,0
mame/hiscore/shdancer1.hi,5028,9508ae8bc40d74f17a7692be7f10e675a8f281b74c241010f6003d01d65cd6c5,0
mame/hiscore/shdancerj.hi,5028,a14bb8faa73608b58b68010e21dadbeaebc8ad52784b366dff898744634b955c,0
mame/hiscore/sidetrac.hi,2,8c087a101de6d78e4c367a5c6a21c1b25deafece410837e75b892e9b6c6bbb4e,0
mame/hiscore/silentd.hi,101,748b032028282ddeb27d360dc01bb9862ee893f893333bb3015071f5e1c4b2c0,0
mame/hiscore/sirio2.hi,84,6754714191601a01e0d675147b1bf9909dddacf6ef222a1d69c334f2532386cb,0
mame/hiscore/skullfng.hi,241,0dd46ea764e021cc8ae0e0fb60f79b3cb6d46fcdec2910c760c111ea7c5b2986,0
mame/hiscore/skullfnga.hi,241,0dd46ea764e021cc8ae0e0fb60f79b3cb6d46fcdec2910c760c111ea7c5b2986,0
mame/hiscore/skullfngj.hi,241,c831fb4c119f4051d0f4e190fccb243f74ec4f3f62b32966a3792d0c70695227,0
mame/hiscore/skyadvnt.hi,191,6492b7453f7f2785ce562f5acc62ef949f8b9c5ef726dd70d52c0af40c779798,0
mame/hiscore/skybase.hi,61,b885cac2e2720b7f7fa17956938ea9a1575c8dd43e4a9e94356fe289b2378ad9,0
mame/hiscore/skychut.hi,21,c90232586b801f9558a76f2f963eccd831d9fe6775e4c8f1446b2331aa2132f2,1
mame/hiscore/skyfox.hi,51,d98114ae7b9b87c2959fc98eedecf2d9b58b2f5bf304b552aa71e0835da8d650,0
mame/hiscore/skylancr.hi,36,607c17a1a639d35c10a2c44c7fdb9c94a8056254cb9aa9eb33988cf3f29a8b13,0
mame/hiscore/skylancre.hi,36,607c17a1a639d35c10a2c44c7fdb9c94a8056254cb9aa9eb33988cf3f29a8b13,0
mame/hiscore/smgp.hi,127,7613ac538ceefe8879e061d6e3113047954b83cf7a8c16d963b34c86258fbb39,0
mame/hiscore/smgp5.hi,127,0f7d8de76768579e167f126b750bc0643cf6e4e5d2dc597c34b264f9bffe5708,0
mame/hiscore/smgp6.hi,127,0f7d8de76768579e167f126b750bc0643cf6e4e5d2dc597c34b264f9bffe5708,0
mame/hiscore/smgpj.hi,127,06a67a440dbb9585c3f8aa7844a44480976dc91be6cfc17ac893236bb03fd404,0
mame/hiscore/smgpja.hi,127,78faa74802f16a14d9b111451fbca08e733dad7ed3b04bfd8ccbe73664d81746,0
mame/hiscore/smgpu.hi,127,2a7c33edfe169cb07248f25a5b62282f9eb1e2d70dbd8e8f2df387fc6b62ad95,0
mame/hiscore/smgpu1.hi,127,b4ac9166931a0b697ed21256e55987d3d47bc29efd8e50e7e66e69f9cc6ffcc5,0
mame/hiscore/smgpu2.hi,127,b4ac9166931a0b697ed21256e55987d3d47bc29efd8e50e7e66e69f9cc6ffcc5,0
mame/hiscore/smooncrs.hi,84,6754714191601a01e0d675147b1bf9909dddacf6ef222a1d69c334f2532386cb,0
mame/hiscore/sonicwi2.hi,82,f73718ef05d041a16ded65748a5f4d6cc1eca7356f726b422266d1c9b4c8e003,0
mame/hiscore/sonicwi3.hi,207,c69261cc2d0bcb461e673ed638cc7e677ac9d3cba3990404e25ae3ba94eae96d,0
mame/hiscore/sonofphx.hi,95,869225548eb3cf66bbe174809e05e3d40f6f4e01d1241ad44589114da8b70ced,0
mame/hiscore/sos.hi,2,6cd1a1a840a03e7e590161f9d72fac59aad1716e020b48955025d9e3b498c971,0
mame/hiscore/sotsugyo.hi,96,8947eb6d2c11c6901db88a31235ca066818a97288fb4ba936acef51c1787c9a5,0
mame/hiscore/spacedx.hi,4,c69d416dd7317b59093879b721b596c86444eaf2badf91a25c5bebdb7e759b10,0
mame/hiscore/spacefb.hi,95,1cf3cb0c53e31a5ebedd110244d5c6f98ffdc4055a0ffa65bc9e5504486cd07b,0
mame/hiscore/spacegun.hi,151,1c08ea760eab913f6eb8ee6dd70ab97f0b939a343b1c76ba4c179f60fc33fed8,0
mame/hiscore/spacelnc.hi,33,178a379db8e09238ba8be0a95a8ee8e4735b9844ac57d4d74ed3f9ae1cec4e2d,0
mame/hiscore/spaceod.hi,3,90b3ac0344f20e403ab4db25dc2948033df28ad8ec6cc2a6aba6d7b1b0b8293c,0
mame/hiscore/spaceod2.hi,3,d587e498989344d16f1a0f8d112329091347b4e8768da68d529c042589a21710,0
mame/hiscore/spaceskr.hi,10,bdc8cb6cd3df7977df52372395e58e429c2dde781d0f92820dc4794e07c9fd21,0
mame/hiscore/spacetrk.hi,4,6e1ae50c2c807c6630b5a02ea29761a723e422e503100fc2ee23f2d715d3a001,0
mame/hiscore/spacetrkc.hi,4,bf5e8ffa51a9e748985800c1d3d7f1a2a6ae7435136593ca8d9637e3f87c699c,0
mame/hiscore/spacezap.hi,13,4654a6d06ec8044ec43d935348914c31732b040236e9a09b5f39aabe754afa4e,0
mame/hiscore/spcdrag.hi,84,6754714191601a01e0d675147b1bf9909dddacf6ef222a1d69c334f2532386cb,0
mame/hiscore/spcewarl.hi,2376,a10cf175c377ad27334b938e95e87aa08b34e3c895cd341fec9118e1a3d6aa2f,0
mame/hiscore/spclaser.hi,2376,f95a61e5baf551e30db70c10a24fb80fafa8b5c84c50fa86fc88e72b8654b179,0
mame/hiscore/spctbird.hi,85,221c1a44c552397dad4bf1e3029b56c739401692ba906f741d42a3429e268bc4,0
mame/hiscore/spdcoin.hi,1678,4dec12964bbef20fb536df308aa645e0a5b0e38861754b59b4892b3cc7fb33dd,0
mame/hiscore/spf2t.hi,79,7cd5e070c44d6b07a208821800472f6898277c2531ef322247991b263076cb2b,0
mame/hiscore/spf2ta.hi,79,feda03a8281772c5317da5c733452d924c351aee924d4e44a4161f4be4ea6da0,0
mame/hiscore/spf2th.hi,79,8aa8c986d0baeb0e27f7d5e1a819bd556589c5db9a076e72eab95e760351812b,0
mame/hiscore/spf2tu.hi,79,9dcab95bf1cd9fddf8752bf2cc9f1932bc28ce29f5bbe8a7e8c88d27dd436993,0
mame/hiscore/spf2xj.hi,79,7cd5e070c44d6b07a208821800472f6898277c2531ef322247991b263076cb2b,0
mame/hiscore/splndrbt2.hi,371,c367cc4872ae8315ffbe89b1310024ae35e2ddb9d742228d812b98303cb529cb,0
mame/hiscore/spyhunt2.hi,5,9d8a0dc73fb1c9d0846caab0c6b15aa5005a12a4a15bd295eb8052b8ad3978b7,0
mame/hiscore/spyhunt2a.hi,5,9c333785db23ffc3c013cd528bb4e665a623470035310ff1e7aad6857d0265dc,0
mame/hiscore/ssmissin.hi,192,a96e72b077e0b7ac56d6fa2c6e9c037423ed3323eddf81db739bfa901cddad3f,0
mame/hiscore/ssoldier.hi,50,a2053cf4f72144699b731241213758bf4062b468f1742fefa048fa78fb3722c1,0
mame/hiscore/ssozumo.hi,119,d9dc8691f2bf05ac216c60a846735ed1cd984b17c963e1fbedd864f42c834914,0
mame/hiscore/sspacaho.hi,27,49593673107b655d6fc6a86f092246531688c67dd5183df6124d368b75c90735,0
mame/hiscore/sstarbtl.hi,27,ea49aa9f6f6cf2d53d454e628ba5a339cc000230c4651655d0237711d747f50b,1
mame/hiscore/sstarcrs.hi,84,6754714191601a01e0d675147b1bf9909dddacf6ef222a1d69c334f2532386cb,0
mame/hiscore/starfgmc.hi,84,3b4f64088e6b8f6fbaad98aa5693f1059aeba91cd031b2813bbb5c7b17f35651,0
mame/hiscore/starforc.hi,124,672d4c00940aefc150af7b2fc304cf7b530422f880b9dbda8028b2ed43fb9498,0
mame/hiscore/stera.hi,84,6754714191601a01e0d675147b1bf9909dddacf6ef222a1d69c334f2532386cb,0
mame/hiscore/stmblade.hi,128,54eedbb90aa410eb1ab0d1b6f1009a47960a7e42c846adb40810eae277398077,0
mame/hiscore/stmbladej.hi,128,54eedbb90aa410eb1ab0d1b6f1009a47960a7e42c846adb40810eae277398077,0
mame/hiscore/stoffy.hi,464,dda3f2153b422c3d5b7fd2fbd214c57cc7859f6a8349b668851decfb355a4f20,0
mame/hiscore/stoffyu.hi,464,5edf30a065af243b9180a83e6e28397d88f55c11340781228f5e39b297de9fb1,0
mame/hiscore/stratgys.hi,34,c5b9d2ff865a7dba2a9016eed60802aefb6308e1dafc4bbca304f7eaeed2ede7,0
mame/hiscore/stratgyx.hi,34,c5b9d2ff865a7dba2a9016eed60802aefb6308e1dafc4bbca304f7eaeed2ede7,0
mame/hiscore/streakng.hi,9,f9590c2a4f7eacd7e5ad9c808bc28af34170d8990eec179a004d277130d32087,0
mame/hiscore/strongx.hi,34,c5b9d2ff865a7dba2a9016eed60802aefb6308e1dafc4bbca304f7eaeed2ede7,0
mame/hiscore/stuntair.hi,66,2824352eca4a1b361d5a17495678a5b6c20acf26cb5d2b9db041fd722a1d955e,0
mame/hiscore/sub.hi,90,7c707e5816585adbafc3b6f0ad7452f70edf69c9753144531ff53bc5cb0712aa,0
mame/hiscore/subhunt.hi,12,068fdff7e085a75b24abc24eb5f0e487d4b5c4c382c334a2b0b2750f73a0e062,0
mame/hiscore/subroc3d.hi,63,afdb1cc7d9d018fc714364553f76e78e0e17ad58fef7751fd3e8faa327790eef,0
mame/hiscore/superpac.hi,50,cccc9d0bba9f583d1ec599cb805c00a2c211b290f51c6ebf1eafa86bb9a8337d,0
mame/hiscore/suprglob.hi,62,2dda5a6ba9ba89ce3e3c8235e47d7308945714a973025af44f488ae0dc562756,0
mame/hiscore/suprloco.hi,51,baf62d683c230441cf6f10f277089e0a0fb617b6f35bc8bc1bca470ef5e93ae7,0
mame/hiscore/suratk.hi,99,487968e5e5969e858121a77536b3fea65363f6110c091d9376b082f5559aede0,0
mame/hiscore/sxevious.hi,81,b3b99da24d1e912973c9b19234c5a5d333885dffeaf3835a1c2dbfa4e6f5c489,0
mame/hiscore/tactcian.hi,355,3244f362ae2cdbe2ae33c831e46b078bb2577394378f60a5c11d08bcf265ba0b,0
mame/hiscore/tactcian2.hi,355,db7712c2ef5f865792f0c5e4c3cd2994cd6fc741a3fe6cf103437ef73883997a,0
mame/hiscore/tdfever.hi,40,10cd0bc16f1db441c75c8eb970241f20dc23991bd5d90c39d64ad3fd6bb0a0aa,0
mame/hiscore/tdragon.hi,192,b33b6a2258740ef22cc7a0c21b2bb406b175087e75afd80b4654e133f341c803,0
mame/hiscore/tdragon1.hi,192,b4797db19e04c1b0859963e641bf098a14c8899d817112061d3103755fe31651,0
mame/hiscore/tdragon2.hi,107,d35476a70002585971557a1f0e0a201f8e9adb90c9d8917d8e23e6d715bfc31d,0
mame/hiscore/tdragon2a.hi,108,c47a4dd9a123bf260ffc6ef74bfdac254b397cb21d9bc5e2ba7007a90bb51c24,0
mame/hiscore/tdragon3h.hi,107,ba789b26e94bf2cf94807b3c1c733eaf344e471159779bed9dd9a90022c8f56a,0
mame/hiscore/tdragonb.hi,192,e0fb6988a1ec3c8ad9264f5a8f8ad37d19d0cc670bb37a53c834daf8530d4a1a,0
mame/hiscore/tdragonb3.hi,192,bb89480342f48b5518fcaa014bb1f19b6e206382d68b25529f2ea4d6bbf98814,0
mame/hiscore/tempest.hi,283,788aebfdc4ae4ab086269846c75190c7a3766f6f3dcc5abfa19465da3fe90149,0
mame/hiscore/tengai.hi,72,c5fbe759d61f66739019e127cfbf22f99b9d8df78855fb2e0e122a183af4f6c5,0
mame/hiscore/terraf.hi,64,717f6698f56d9dec0ad8bca1b8dd123a2619ae8a764ce10709e953df655db2e6,0
mame/hiscore/terrafj.hi,64,717f6698f56d9dec0ad8bca1b8dd123a2619ae8a764ce10709e953df655db2e6,0
mame/hiscore/theend.hi,24,a7fa32e578d463fa598966ab0aeac298f3149146e1d8e78138f912714ef2c92b,0
mame/hiscore/theends.hi,24,2cebfa9151f6378f3371fb07fa926f3da275ca4dc4fbf45dbbe99b34ca84ddd1,0
mame/hiscore/theendss.hi,18,30093db150668b29fc46edd507a1391a823eaf277e46390203acdf30e4906dba,0
mame/hiscore/theglobp.hi,62,e6c00133d5c23644e78b1e6ac324f876d260efba4e16faf9b2dea2f778e9bd55,0
mame/hiscore/thunderxa.hi,85,745524a6d078a6828920d5840aa4f28231881b77953810ba945a55cded77af64,0
mame/hiscore/timefgtr.hi,28,c62bff894bdca42bda7f209f402e9036d46899cf882450341266d851c87eb75d,0
mame/hiscore/timescan.hi,74,619ba0a50aea1238a12f06eab5eddb5047b2ee6dbb07cc7c29c9175ae86841c2,0
mame/hiscore/timesold.hi,197,af142a279ffd1481cfe6fbccb4d644f7326f0788fca5d7dd0d74ec3fa56ea058,0
mame/hiscore/timetunl.hi,12,7484f335748d8b8a489db7a491be4938e2ee643718afd6a0435a57771aa0996f,0
mame/hiscore/tndrcade.hi,150,10d7aab4be5f4e078c4eab9153d19a40ae85fcddb7e8f9a5b0b71e3fcac27ff3,0
mame/hiscore/tomahawk.hi,39,94c11ed3c3c73016adb92416352678e169cbe47bb48bc27e5e9d466115b06252,1
mame/hiscore/trckydoc.hi,90,723931a611910c1b011c32155b5c62c0e221f709a19b40a87f35d491635a8b5e,0
mame/hiscore/tunhunt.hi,33,bbab7fc13d3bbf0cafd14d1b47737afe7b143220e85e1a1873ca8a98e2a0db23,0
mame/hiscore/tunhuntc.hi,33,bbab7fc13d3bbf0cafd14d1b47737afe7b143220e85e1a1873ca8a98e2a0db23,0
mame/hiscore/turbo.hi,73,2259d4a25ec77e30ffa76ea40a7328268c13ac9036305adc85aa8de74edc8c09,0
mame/hiscore/turpin.hi,34,db522362e6dcaff42c3658ee5ccae9c37361e47719647fd844bdddf5c4b8fe70,0
mame/hiscore/turpins.hi,34,db522362e6dcaff42c3658ee5ccae9c37361e47719647fd844bdddf5c4b8fe70,0
mame/hiscore/turtles.hi,34,db522362e6dcaff42c3658ee5ccae9c37361e47719647fd844bdddf5c4b8fe70,0
mame/hiscore/twcup90.hi,31,303cf3dcd235fa8e83e5b28a9bd1176af12dc0cc9d48933f8d2e93405a4423f5,0
mame/hiscore/twcup90a.hi,31,303cf3dcd235fa8e83e5b28a9bd1176af12dc0cc9d48933f8d2e93405a4423f5,0
mame/hiscore/twcup90b.hi,31,303cf3dcd235fa8e83e5b28a9bd1176af12dc0cc9d48933f8d2e93405a4423f5,0
mame/hiscore/twcup90b1.hi,31,303cf3dcd235fa8e83e5b28a9bd1176af12dc0cc9d48933f8d2e93405a4423f5,0
mame/hiscore/twcup90b2.hi,31,303cf3dcd235fa8e83e5b28a9bd1176af12dc0cc9d48933f8d2e93405a4423f5,0
mame/hiscore/twcup90ba.hi,31,303cf3dcd235fa8e83e5b28a9bd1176af12dc0cc9d48933f8d2e93405a4423f5,0
mame/hiscore/twcup90bb.hi,31,303cf3dcd235fa8e83e5b28a9bd1176af12dc0cc9d48933f8d2e93405a4423f5,0
mame/hiscore/twcup90c.hi,31,303cf3dcd235fa8e83e5b28a9bd1176af12dc0cc9d48933f8d2e93405a4423f5,0
mame/hiscore/twcup90t.hi,31,303cf3dcd235fa8e83e5b28a9bd1176af12dc0cc9d48933f8d2e93405a4423f5,0
mame/hiscore/twinbee.hi,92,79049916fc46bc959c043d3bfd3f49a0d02e89d8a53183d26326a54c1a46bb3b,0
mame/hiscore/twinbeeb.hi,92,79049916fc46bc959c043d3bfd3f49a0d02e89d8a53183d26326a54c1a46bb3b,0
mame/hiscore/undoukai.hi,1335,108981f4e4b2d54ad3398af22fcef7f0e58493763b7d2e2bcdea00d299cb537c,0
mame/hiscore/uniwars.hi,3,e1e9fd6516b9e31d562045e87cc560d22e231325c06db30a98e6035c5d51adbb,0
mame/hiscore/uopoko.hi,110,2f506016e717deccc17ad6340f77cbafe93fefc5dd5d12f60a94bb495862aea4,0
mame/hiscore/upndown.hi,63,df138741e15b9eb466f5cfd13998daf6f5e898c03b4b0af1f1ef18b3f374465d,0
mame/hiscore/vandyke.hi,258,8ac71d47f688d5911cf2d11b92e9c2825c9c820ed494acac76d52068dab66f73,0
mame/hiscore/vandykeb.hi,258,8ac71d47f688d5911cf2d11b92e9c2825c9c820ed494acac76d52068dab66f73,0
mame/hiscore/vanvan.hi,246,86d8e788fb28c046d0f4288ae1588b0dec29ea0a28a2b3f92cfb3dabe6dcfd07,0
mame/hiscore/vasara.hi,197,91d174a16649d98e8233f182a7dd0092c23849a0446fb75d68ba0a475e6cc300,0
mame/hiscore/vautourz.hi,27,abfcd26c270c2fa5a5cbd24038bfa14b00ac85531ba3dca26c0928e18c4fce2e,0
mame/hiscore/viewpoin.hi,63,89eb5594f56de5cd694c8e9789e1d573c301a8ca6d28be4f5b945c781eeae486,0
mame/hiscore/vulcan.hi,104,7fa7f0a3f6715bd6e355976d5b317b3a13dbd93c069f27c321cb7f7c231a5b4c,0
mame/hiscore/wantsega.hi,3,51763f66bf06fbf27599050333bc193efbcfc52ef78806c956457abf60fdd8b2,0
mame/hiscore/warofbug.hi,9,e4121cebf79f25a6cd845080b57ff264a029dfa0b1e74a88c2692707e657ecf1,0
mame/hiscore/warpwarpr.hi,3,8fbc8920b6c6d42b4cf062cdba7bdc1fb2086f9247c00dbd536ff9332f98b6cb,0
mame/hiscore/warpwarpr2.hi,3,8fbc8920b6c6d42b4cf062cdba7bdc1fb2086f9247c00dbd536ff9332f98b6cb,0
mame/hiscore/waterski.hi,3,be5c1282687fe54e69ccf62927d495c5932a93a0a074c31364c2502e543573c5,0
mame/hiscore/wbbc97.hi,109,65571531f323bd87f5bef9f7150226a3d2adf251e00209e22eab470c2f59de92,0
mame/hiscore/wbml.hi,10,9201127d0d98f61816ae0df9a7fcdd3626fa035909901e889541992f28269dc3,0
mame/hiscore/wingforc.hi,319,ed6cb11fe685bfb719bcfd79bda533c1a80d318cfc6dbccd451fa5c865a10642,0
mame/hiscore/wiping.hi,130,8d14f76b6c0aaff9ab73cc2bf62a9ee1413f1a89e72fbddbadee6982560b064e,0
mame/hiscore/wndrmomo.hi,69,08c57b412851feadce3ad9e050545ba05efe59ffd14d29321b2fcc6b68af4cf8,0
mame/hiscore/wndrplnt.hi,173,994ca92149a2f5e353829266530184e9357ccc345ed10a6c3960c3eb37372f73,0
mame/hiscore/woodpeca.hi,10,9dca0680b51eaf1db573d83769a1a8b5aa28d092214519c47e2a8c2e8c7075f7,0
mame/hiscore/woodpeck.hi,10,41b40a5aad35f30fba466dbe2b0e43b15bd8a112e86c50638957e2db7c945a6f,0
mame/hiscore/wrecking.hi,33,0fe228a70a6eba9d358272c1c37f4258ca04cfa9522fe3dcdce63a595f202c17,0
mame/hiscore/wtennis.hi,4,df6863dca1bfcd69dadf9762f5eea6d0f7f09ee675a062bafde7120c2fcfa503,0
mame/hiscore/wwjgtin.hi,115,28125306f2dd1845cbfa2760876f3e3457daceef59ae153da87877387a02014f,0
mame/hiscore/wyvernf0.hi,400,60590bd0893e1f8ffc985523251ab4ef0420a2b61cc523d71c1727d5115a7a2d,0
mame/hiscore/xybots.hi,202,006fcfc8888725ca09abce6d3057a5cbb3eff4f417e926aecb80e065a5a5c925,0
mame/hiscore/xyonix.hi,320,a50341c5fdd005226e18f4401a6decd2a083ad9f8b3ff879ae4c86aabd5f9274,0
mame/hiscore/yiear.hi,143,6ef4127585cf90118a4959e1e9ff619d5ed39bf5f3781bebc483d2ae2c9a6d95,0
mame/hiscore/zaviga.hi,247,9043dfe03d2702a9c6fc4bb034ccc183fc04060aed42c28ae4c8aa4d89e339d7,0
mame/hiscore/zavigaj.hi,247,9043dfe03d2702a9c6fc4bb034ccc183fc04060aed42c28ae4c8aa4d89e339d7,0
mame/hiscore/zerohour.hi,4,51be0458d20b1ce2ff5316e7e473109c26f5d8b457037edf8c4529f6ff82bddb,0
mame/hiscore/zigzagb.hi,9,51c3e6e15b5eeed61e1997e2b0e771f4542740b1126d9924d2899efe3afb2ffa,0
